file,emotion,tempo,rms_mean,rms_std,zcr_mean,spectral_centroid_mean,spectral_rolloff_mean,chroma_1_mean,chroma_2_mean,chroma_3_mean,chroma_4_mean,chroma_5_mean,chroma_6_mean,chroma_7_mean,chroma_8_mean,chroma_9_mean,chroma_10_mean,chroma_11_mean,chroma_12_mean,mfcc_1_mean,mfcc_1_std,mfcc_2_mean,mfcc_2_std,mfcc_3_mean,mfcc_3_std,mfcc_4_mean,mfcc_4_std,mfcc_5_mean,mfcc_5_std,mfcc_6_mean,mfcc_6_std,mfcc_7_mean,mfcc_7_std,mfcc_8_mean,mfcc_8_std,mfcc_9_mean,mfcc_9_std,mfcc_10_mean,mfcc_10_std,mfcc_11_mean,mfcc_11_std,mfcc_12_mean,mfcc_12_std,mfcc_13_mean,mfcc_13_std
Q2_--2B4d4lQhs_0.wav,Angry,135.99917763157896,0.028093213215470314,0.01780804619193077,0.05916650072871475,945.2717793544734,1750.676272179196,0.15192827582359314,0.1852220743894577,0.4100901484489441,0.19016435742378235,0.30691468715667725,0.29448285698890686,0.17841175198554993,0.330087274312973,0.19669640064239502,0.3663392961025238,0.2671472132205963,0.17773407697677612,-373.5046081542969,132.55735778808594,161.86557006835938,51.24713134765625,-30.862462997436523,23.0137939453125,25.367647171020508,16.041717529296875,-0.5284477472305298,12.34095287322998,-1.5423059463500977,8.29352855682373,-8.828948974609375,7.777188777923584,-5.7390642166137695,9.696352005004883,-7.843818664550781,9.294587135314941,-6.270469665527344,10.512431144714355,-0.8873304128646851,9.455965042114258,-4.213837623596191,9.668607711791992,-10.231133460998535,8.595765113830566
Q2_--2B4d4lQhs_1.wav,Angry,117.45383522727273,0.04057672247290611,0.016952626407146454,0.06946605713555859,1086.7731503895195,2007.1350929197888,0.18365755677223206,0.19358812272548676,0.3624710738658905,0.20509186387062073,0.31985828280448914,0.3219662606716156,0.17840349674224854,0.2887749969959259,0.2848494052886963,0.5213585495948792,0.33228763937950134,0.176369309425354,-297.68115234375,118.50532531738281,163.7859649658203,46.9956169128418,-40.93796157836914,16.83852767944336,26.619178771972656,13.022910118103027,-6.975179195404053,11.11634635925293,4.887759685516357,6.80739164352417,-6.469104290008545,7.491117000579834,-2.6320221424102783,8.879721641540527,-6.9101338386535645,10.465279579162598,-1.6928553581237793,9.215262413024902,-1.6322511434555054,10.34538745880127,-2.8681092262268066,12.655953407287598,-9.008170127868652,9.728748321533203
Q2_--2B4d4lQhs_2.wav,Angry,143.5546875,0.03467400372028351,0.02092389203608036,0.0620969605850908,983.4042650644445,1828.4552978086556,0.2103177160024643,0.24072280526161194,0.4338303208351135,0.1871109902858734,0.2617180645465851,0.26756811141967773,0.19619037210941315,0.2662457525730133,0.251385360956192,0.5619115829467773,0.266787588596344,0.1505846232175827,-339.8052062988281,147.20602416992188,162.47740173339844,50.93128204345703,-30.41801643371582,24.119077682495117,23.475156784057617,18.026073455810547,-5.533970355987549,11.98050308227539,1.314111590385437,7.054439067840576,-7.766776084899902,8.2678861618042,-3.164642095565796,8.175984382629395,-9.832139015197754,7.920428276062012,-4.708078861236572,7.819430828094482,-2.2331936359405518,7.719970226287842,-2.6871023178100586,8.726103782653809,-9.973058700561523,8.256364822387695
Q2_-jJVb0xvbdg_0.wav,Angry,135.99917763157896,0.017547084018588066,0.01224643923342228,0.06696877486297736,988.6764184530232,1749.077825262995,0.33331599831581116,0.1533944308757782,0.08118152618408203,0.17667162418365479,0.1558077484369278,0.24507558345794678,0.09966029971837997,0.2227458357810974,0.2764517366886139,0.23265041410923004,0.40230584144592285,0.15890316665172577,-438.15692138671875,123.63117980957031,146.8659210205078,51.38523864746094,-33.748512268066406,17.5659122467041,17.545312881469727,17.942699432373047,1.6687555313110352,16.08275032043457,-4.5926337242126465,11.101760864257812,-7.377045154571533,10.627520561218262,-5.8864521980285645,12.058426856994629,-7.4728193283081055,12.508514404296875,-6.607608318328857,11.626235961914062,-8.633334159851074,12.073718070983887,-8.198629379272461,11.830187797546387,-7.300728797912598,11.950455665588379
Q2_-jJVb0xvbdg_1.wav,Angry,135.99917763157896,0.03431696444749832,0.016773663461208344,0.06131210219236209,1033.4419084132096,1945.2370823019803,0.2707314193248749,0.356600284576416,0.21930833160877228,0.17552918195724487,0.19974549114704132,0.21672439575195312,0.22285196185112,0.2211848497390747,0.4047134220600128,0.2759554088115692,0.3218664228916168,0.30321961641311646,-332.4753723144531,133.2996368408203,162.58392333984375,54.62932205200195,-38.035953521728516,16.27289390563965,29.83692741394043,14.296710968017578,-5.481179237365723,9.385723114013672,2.407432794570923,8.165140151977539,-8.376395225524902,8.615921974182129,-3.2193074226379395,8.71468448638916,-8.365077018737793,8.533509254455566,-1.6212184429168701,9.024539947509766,-4.253073692321777,9.04251766204834,-4.10636043548584,9.73100471496582,-7.4564337730407715,9.32438850402832
Q2_08t73Qgjkt4_0.wav,Angry,135.99917763157896,0.010752180591225624,0.007645213510841131,0.05397153204690346,819.1045903378796,1498.229480180584,0.18003931641578674,0.21411843597888947,0.15573355555534363,0.3704061806201935,0.2654470205307007,0.18581585586071014,0.3551814556121826,0.19571931660175323,0.2655835449695587,0.1758391410112381,0.32889020442962646,0.3726993203163147,-487.16546630859375,118.32173919677734,170.15135192871094,61.20459747314453,-20.822969436645508,24.637123107910156,18.48111915588379,13.049424171447754,11.838726997375488,13.219535827636719,-4.173552513122559,6.6710662841796875,-2.5443923473358154,8.404579162597656,-10.267448425292969,8.320755958557129,-10.73137378692627,8.65306282043457,-2.8688385486602783,6.375547409057617,-0.7363458871841431,9.3467435836792,-1.769294261932373,9.646546363830566,-2.557333469390869,8.601268768310547
Q2_08t73Qgjkt4_1.wav,Angry,67.99958881578948,0.01324059534817934,0.007697437424212694,0.053494077086280054,830.7661518840673,1582.5153010906558,0.2112472504377365,0.2454923838376999,0.1636970192193985,0.26952752470970154,0.14981015026569366,0.16103874146938324,0.3800708055496216,0.22529082000255585,0.38905635476112366,0.22875173389911652,0.40522855520248413,0.4517517387866974,-455.465087890625,120.6116714477539,185.36666870117188,61.78691482543945,-31.726469039916992,20.787979125976562,21.13564682006836,14.287686347961426,10.244401931762695,13.350099563598633,-4.247779846191406,7.473898887634277,-4.135759353637695,8.513036727905273,-8.090771675109863,6.707757949829102,-9.819084167480469,7.964619159698486,-4.4726080894470215,6.933839321136475,-4.112645149230957,6.2032389640808105,-4.29270076751709,7.41572380065918,-2.0600781440734863,8.121705055236816
Q2_08t73Qgjkt4_2.wav,Angry,69.83741554054055,0.015759166330099106,0.01019136793911457,0.056861604312723746,883.4515132188924,1605.0908710051835,0.21629641950130463,0.30928531289100647,0.1746925562620163,0.35490718483924866,0.29222291707992554,0.18832780420780182,0.31733888387680054,0.1759575754404068,0.3053288161754608,0.18108727037906647,0.2986248731613159,0.40390753746032715,-438.4779968261719,120.31197357177734,180.23707580566406,49.823787689208984,-31.001819610595703,23.291580200195312,20.996841430664062,15.634873390197754,5.606881141662598,14.081783294677734,-1.3386709690093994,7.952333450317383,-4.140361785888672,9.912389755249023,-7.214622497558594,9.020660400390625,-7.3133320808410645,8.7066650390625,-2.6616158485412598,6.6683349609375,-0.21979102492332458,9.936306953430176,-3.938265323638916,10.289867401123047,-5.820112228393555,8.990466117858887
Q2_0H4rq0L9OSw_0.wav,Angry,129.19921875,0.015916692093014717,0.010859507136046886,0.05060315775775416,872.2916911606281,1674.4260802205988,0.2774554193019867,0.30962443351745605,0.23652908205986023,0.2907951772212982,0.27692025899887085,0.34241795539855957,0.21696814894676208,0.28039851784706116,0.324203222990036,0.20726945996284485,0.36246535181999207,0.22513264417648315,-426.06365966796875,125.06306457519531,165.1830291748047,55.82654571533203,-28.47121810913086,25.265003204345703,21.53110122680664,12.432110786437988,7.028596878051758,11.692519187927246,-1.3379677534103394,7.471534252166748,-3.536221981048584,8.239340782165527,-1.6532831192016602,8.703495979309082,-1.6381701231002808,8.101774215698242,-3.7102675437927246,7.499114513397217,-3.270718812942505,5.765129566192627,-7.243546485900879,6.644316673278809,-8.218856811523438,5.906587600708008
Q2_0H4rq0L9OSw_1.wav,Angry,129.19921875,0.026253385469317436,0.017999252304434776,0.06278454296322489,1031.0973160420883,1883.6679590810643,0.22455619275569916,0.38164860010147095,0.2253401130437851,0.25357210636138916,0.18441104888916016,0.2632310390472412,0.1057029440999031,0.17576393485069275,0.3240657448768616,0.27734994888305664,0.37989380955696106,0.15571561455726624,-393.4335632324219,170.2342529296875,145.7425994873047,65.0224609375,-31.15026092529297,22.63587760925293,22.6641902923584,15.652544975280762,-4.054966926574707,11.230914115905762,1.6389191150665283,7.52433967590332,-7.495532035827637,8.861075401306152,-3.4899086952209473,7.9722819328308105,-5.464569091796875,10.641730308532715,-0.09715551882982254,8.956923484802246,-2.0753402709960938,7.322998523712158,-2.3838951587677,9.342846870422363,-7.579594612121582,7.929991245269775
Q2_0J7lX-Tcx-w_0.wav,Angry,143.5546875,0.01962132938206196,0.011629109270870686,0.05962763547560113,881.8851254175845,1586.611787399443,0.18741625547409058,0.3232031762599945,0.14404846727848053,0.3231784999370575,0.30052244663238525,0.0965241864323616,0.07759079337120056,0.22961227595806122,0.6746280789375305,0.2158966064453125,0.0643281638622284,0.11051563173532486,-425.7331237792969,139.6136474609375,167.56556701660156,61.41159439086914,-30.645971298217773,25.919984817504883,23.681455612182617,14.339424133300781,-1.9313267469406128,10.866348266601562,-5.773441314697266,7.076043605804443,-9.075106620788574,7.82378625869751,-12.310693740844727,9.741328239440918,-12.390378952026367,8.899131774902344,-6.224496841430664,7.758395195007324,-3.835611581802368,8.943117141723633,-2.9055309295654297,9.919225692749023,-9.21847152709961,8.148775100708008
Q2_0J7lX-Tcx-w_1.wav,Angry,143.5546875,0.023089414462447166,0.013190364465117455,0.058559494188474386,870.3355274396712,1590.2438361288976,0.21900790929794312,0.24363470077514648,0.3904109597206116,0.2686110734939575,0.3022335171699524,0.24402183294296265,0.18246138095855713,0.17790432274341583,0.31818434596061707,0.4108670651912689,0.18188326060771942,0.14259853959083557,-403.4139404296875,129.8058319091797,178.1786651611328,56.529266357421875,-32.06884765625,28.687681198120117,24.645919799804688,13.348417282104492,1.4287854433059692,13.644471168518066,-2.935922145843506,8.382845878601074,-5.131033420562744,8.294139862060547,-9.090193748474121,10.313881874084473,-8.913387298583984,9.077195167541504,-6.811323165893555,8.832528114318848,-1.0096765756607056,8.086868286132812,-1.4625715017318726,8.674783706665039,-7.478011131286621,7.847097396850586
Q2_0J7lX-Tcx-w_2.wav,Angry,143.5546875,0.02401074580848217,0.014546516351401806,0.06090682818140794,943.5267259446413,1742.113870007897,0.3441607356071472,0.4504643380641937,0.3270224630832672,0.2757456302642822,0.3346569240093231,0.1753566414117813,0.09929803013801575,0.14279578626155853,0.2534267008304596,0.266599178314209,0.171676367521286,0.1191534623503685,-390.0665588378906,137.44717407226562,164.6382598876953,56.365570068359375,-29.57947540283203,29.144195556640625,25.210052490234375,15.164273262023926,-3.6243369579315186,12.298794746398926,-3.6478137969970703,7.982784748077393,-8.397849082946777,8.371748924255371,-9.049654960632324,7.288675308227539,-13.59880542755127,9.939611434936523,-6.564621448516846,8.595951080322266,-5.522612571716309,9.769294738769531,0.8395851254463196,9.760297775268555,-5.103715896606445,8.071063041687012
Q2_0qYNvMCEwaw_0.wav,Angry,99.38401442307692,0.030773505568504333,0.014718165621161461,0.061786169293283046,1069.7439499661439,2058.2230666588093,0.46890294551849365,0.22163045406341553,0.2666917145252228,0.2459932267665863,0.1818012148141861,0.2128138691186905,0.1818663626909256,0.3125503659248352,0.22302542626857758,0.23771926760673523,0.45232102274894714,0.29395750164985657,-335.090576171875,138.1475372314453,159.60452270507812,55.299827575683594,-37.137176513671875,16.17893409729004,30.36518669128418,13.982916831970215,-5.982654571533203,9.969789505004883,4.907870769500732,6.597995281219482,-10.545955657958984,8.646034240722656,-3.698223352432251,7.039752960205078,-7.827788352966309,8.48624038696289,1.292079210281372,7.61506462097168,0.6502135992050171,7.308981418609619,-0.8971350789070129,9.35971736907959,-10.174817085266113,8.94655704498291
Q2_0v2N1ROvEI0_0.wav,Angry,107.666015625,0.018806954845786095,0.012790363281965256,0.05820286177560647,959.0215506212144,1848.4358877505897,0.11383438110351562,0.2437201291322708,0.5732293725013733,0.41284364461898804,0.21420595049858093,0.21779735386371613,0.30966705083847046,0.520228922367096,0.2836724817752838,0.21262873709201813,0.3041492998600006,0.18339799344539642,-404.94390869140625,130.76910400390625,171.6269073486328,52.25706100463867,-34.220314025878906,24.765594482421875,26.53693199157715,14.967158317565918,0.8155026435852051,12.008420944213867,-3.0489649772644043,6.967344760894775,-4.510385990142822,8.413374900817871,-6.8526153564453125,7.069684028625488,-11.216155052185059,7.242161273956299,-7.346714019775391,5.919500827789307,0.4211018979549408,5.155272006988525,-5.22905969619751,6.593465805053711,-7.968931674957275,5.844704627990723
Q2_0v2N1ROvEI0_1.wav,Angry,215.33203125,0.019002895802259445,0.01203016098588705,0.06230956036787169,873.6938924548775,1560.5213173052443,0.25140753388404846,0.15367847681045532,0.2041127234697342,0.18138495087623596,0.3766413629055023,0.22171726822853088,0.16260278224945068,0.2725991904735565,0.47919511795043945,0.5493420362472534,0.2493480145931244,0.23729009926319122,-436.0968933105469,156.1135711669922,169.64105224609375,74.41549682617188,-28.749126434326172,28.764156341552734,18.5030517578125,13.864015579223633,-2.0077645778656006,14.32970142364502,0.1816537082195282,8.363572120666504,-1.3468579053878784,7.317963123321533,-7.721287727355957,7.711418628692627,-8.659382820129395,9.733264923095703,-0.22854340076446533,7.15571928024292,0.8654488325119019,7.7194623947143555,1.6464005708694458,7.963705062866211,-2.435469388961792,6.8221354484558105
Q2_16OaOpfOPZ0_2.wav,Angry,69.83741554054055,0.017206881195306778,0.010221334174275398,0.04995905230314576,827.7890063725854,1560.2652689496629,0.5265225768089294,0.44473540782928467,0.3238430619239807,0.24538980424404144,0.28552955389022827,0.4510954022407532,0.21719661355018616,0.18653066456317902,0.2786157727241516,0.2619472146034241,0.11305398494005203,0.23595766723155975,-429.4979553222656,126.16901397705078,180.70391845703125,55.36548614501953,-30.63983726501465,24.965194702148438,25.94011878967285,12.529698371887207,6.100493431091309,12.606366157531738,0.6815387606620789,7.079582214355469,-0.5531160235404968,8.378801345825195,-1.8459992408752441,8.709575653076172,-0.009814281016588211,6.465821743011475,-2.949155330657959,7.533273696899414,-1.812089204788208,6.907876014709473,-3.687547206878662,7.289379596710205,-10.305397033691406,6.55463171005249
Q2_16OaOpfOPZ0_3.wav,Angry,143.5546875,0.02566489949822426,0.014938551001250744,0.05198917631718529,885.3982404261044,1714.8744488706684,0.24976609647274017,0.24640873074531555,0.25133317708969116,0.2929636240005493,0.36322736740112305,0.2393258810043335,0.21720780432224274,0.2942683696746826,0.42158669233322144,0.5005294680595398,0.2416873276233673,0.2342647761106491,-382.41876220703125,130.9368896484375,172.54220581054688,60.47370147705078,-34.908878326416016,17.487852096557617,28.985408782958984,14.2529296875,3.4780545234680176,11.491402626037598,3.9903690814971924,7.671080589294434,-5.8061203956604,9.626684188842773,-5.082536220550537,7.018570423126221,-3.620903730392456,6.499734878540039,-3.8940892219543457,7.353664875030518,-1.5387840270996094,8.33004093170166,-5.864243507385254,7.649572372436523,-8.896897315979004,6.565603256225586
Q2_1EDThWjNxOI_0.wav,Angry,103.359375,0.008446983993053436,0.0066207642666995525,0.06694682079562594,944.3786527102692,1618.0756858031675,0.13940779864788055,0.23719951510429382,0.14903925359249115,0.22895547747612,0.07816869020462036,0.1752815544605255,0.2661229372024536,0.1263156682252884,0.2827937602996826,0.1621665507555008,0.3794439136981964,0.23998641967773438,-545.6636352539062,135.97665405273438,140.6895294189453,62.25396728515625,-23.07909393310547,25.85306739807129,13.83216381072998,15.121469497680664,-2.5077881813049316,14.465660095214844,-12.576852798461914,9.689635276794434,-12.172675132751465,9.301191329956055,-9.36833381652832,9.849505424499512,-4.8111186027526855,12.423697471618652,-1.5388734340667725,11.100485801696777,-3.394798517227173,14.706998825073242,-6.337329387664795,14.140409469604492,-7.435911655426025,12.328136444091797
Q2_1EDThWjNxOI_1.wav,Angry,103.359375,0.016172140836715698,0.008681517094373703,0.06839923469387756,936.7233969936775,1675.6787109375,0.11712439358234406,0.20210693776607513,0.2606031000614166,0.20316791534423828,0.09001142531633377,0.17279142141342163,0.30209824442863464,0.16188634932041168,0.351498544216156,0.18157607316970825,0.40755602717399597,0.2643369734287262,-450.397705078125,138.44078063964844,165.9938201904297,67.32914733886719,-36.19247817993164,18.17283821105957,21.734285354614258,15.335772514343262,-1.3548691272735596,13.639863967895508,-5.904496192932129,7.510858058929443,-3.9370532035827637,8.495919227600098,-2.982261896133423,12.647415161132812,-3.156038761138916,12.742502212524414,-3.2963430881500244,9.979475021362305,-7.077694416046143,10.745405197143555,-8.075765609741211,12.07927417755127,-8.057640075683594,9.748164176940918
Q2_1kny88W533Q_0.wav,Angry,89.10290948275862,0.011295369826257229,0.009701515547931194,0.050519093187100524,822.7097997786747,1534.275130737943,0.3489453196525574,0.17960600554943085,0.26845869421958923,0.1620802879333496,0.2562917172908783,0.1717740148305893,0.2161714881658554,0.3383997678756714,0.28348836302757263,0.4287792444229126,0.2420572191476822,0.4284680485725403,-495.3381042480469,136.83755493164062,167.1736602783203,73.62449645996094,-23.315704345703125,23.133304595947266,13.324930191040039,16.744251251220703,10.068742752075195,11.019920349121094,-7.682525634765625,9.907357215881348,-8.774803161621094,12.606245040893555,-11.625517845153809,8.164162635803223,-9.428422927856445,7.034331321716309,-7.755029678344727,7.554255485534668,-5.466413974761963,6.495627403259277,-6.822851657867432,6.993508815765381,-6.358273029327393,5.744836330413818
Q2_1kny88W533Q_2.wav,Angry,89.10290948275862,0.017313260585069656,0.008371209725737572,0.051575667134831464,849.1896529328118,1607.5020025017557,0.4246332049369812,0.25615695118904114,0.44622066617012024,0.2443547248840332,0.3108442723751068,0.21637018024921417,0.23409944772720337,0.367418497800827,0.2278084009885788,0.3046092391014099,0.1651202291250229,0.305883526802063,-417.5996398925781,104.78364562988281,184.50344848632812,48.36787414550781,-34.900691986083984,27.23517417907715,26.953975677490234,14.084919929504395,6.389492034912109,11.549251556396484,-1.6273430585861206,7.263149738311768,-1.4034111499786377,7.671708106994629,-6.499370098114014,7.282343864440918,-4.883635997772217,7.863605499267578,-5.302961349487305,7.072504997253418,-4.099064350128174,7.788564205169678,-2.843170166015625,7.6235809326171875,-5.360891342163086,8.475112915039062
Q2_1kny88W533Q_3.wav,Angry,89.10290948275862,0.01873871311545372,0.009836875833570957,0.051183389823357336,821.9615818633483,1549.0435884408753,0.4719744920730591,0.2596692144870758,0.3637315332889557,0.25163111090660095,0.42647379636764526,0.33282914757728577,0.25265416502952576,0.3886607885360718,0.2539469301700592,0.3708617091178894,0.19641834497451782,0.31839120388031006,-411.2933044433594,113.8020248413086,192.55282592773438,49.98101806640625,-35.315677642822266,30.03266143798828,26.250980377197266,15.197897911071777,4.3744940757751465,12.700213432312012,-0.7388534545898438,8.042159080505371,-2.1623497009277344,7.967391490936279,-7.848609924316406,7.846530437469482,-6.356680870056152,7.669889450073242,-6.004425048828125,7.064514636993408,-2.730695962905884,7.491487979888916,-2.5663297176361084,7.277659893035889,-5.104572296142578,7.242615699768066
Q2_1kny88W533Q_4.wav,Angry,184.5703125,0.024581804871559143,0.014549821615219116,0.05150069693939805,851.4485235227725,1610.5820000042368,0.35605260729789734,0.1924304962158203,0.24061094224452972,0.272747665643692,0.459333598613739,0.23611252009868622,0.23289744555950165,0.3045150339603424,0.32028475403785706,0.4370676875114441,0.21770749986171722,0.3302552402019501,-372.411865234375,110.35942840576172,180.04942321777344,51.1725959777832,-30.602333068847656,21.975553512573242,23.439498901367188,15.75589370727539,4.147012233734131,10.50379753112793,-1.4203031063079834,7.80869197845459,-3.5702097415924072,7.3302388191223145,-6.476646900177002,6.031126976013184,-6.34277868270874,7.174493789672852,-4.155953884124756,7.601287364959717,-1.0594562292099,5.883244514465332,-2.6204123497009277,6.281281471252441,-4.767091274261475,5.865808010101318
Q2_1Q3MoBFh6eU_1.wav,Angry,161.4990234375,0.011543010361492634,0.005245215259492397,0.08334831056793673,1054.053151844519,1842.9929534451385,0.1681775152683258,0.313574880361557,0.19707638025283813,0.17329363524913788,0.3184722661972046,0.40598127245903015,0.16998045146465302,0.07479341328144073,0.12241703271865845,0.15640832483768463,0.07925017178058624,0.06714896112680435,-467.9021301269531,118.69239807128906,172.19314575195312,56.91519546508789,-45.301551818847656,21.41425895690918,21.146257400512695,10.863326072692871,-1.8202946186065674,11.444013595581055,-2.329519748687744,8.68048095703125,-3.136416435241699,7.5158371925354,-10.200891494750977,8.23245620727539,-8.728885650634766,9.319228172302246,-2.7715723514556885,9.144477844238281,6.046327590942383,11.72313404083252,4.66510534286499,9.480597496032715,-7.4508137702941895,9.4960355758667
Q2_1TAKQK3s6qQ_0.wav,Angry,66.25600961538461,0.031613413244485855,0.015887286514043808,0.049804302268244574,884.1870529045485,1717.7677457008135,0.28939881920814514,0.3815927505493164,0.44858625531196594,0.27642402052879333,0.3484106659889221,0.2894350290298462,0.5023552775382996,0.3907647430896759,0.26688462495803833,0.19420616328716278,0.23282155394554138,0.44510793685913086,-336.25762939453125,120.04251098632812,188.54623413085938,48.435768127441406,-38.78583526611328,20.45677375793457,29.541460037231445,17.845500946044922,-0.21283814311027527,9.384521484375,0.6432746648788452,8.482084274291992,-6.401839256286621,8.243241310119629,-5.260666847229004,7.064263820648193,-5.9193878173828125,7.64276647567749,-5.642050266265869,6.297424793243408,-2.5916686058044434,5.863837718963623,-5.764824390411377,7.035729885101318,-10.12990665435791,6.742608070373535
Q2_2uLw9Zs60A4_0.wav,Angry,135.99917763157896,0.018533945083618164,0.01130413357168436,0.061951934883969245,935.9516908021786,1727.9537122722095,0.19442379474639893,0.1741541624069214,0.2017471194267273,0.4971352815628052,0.2673066556453705,0.21360129117965698,0.2462243288755417,0.24339628219604492,0.48005416989326477,0.21111524105072021,0.20271183550357819,0.22731490433216095,-431.6094665527344,146.4229278564453,167.5395965576172,67.44759368896484,-29.627899169921875,24.72146987915039,23.361648559570312,15.00164794921875,3.862281322479248,11.606538772583008,-0.14013679325580597,7.7092461585998535,-2.531956195831299,8.761262893676758,-7.620316982269287,8.153801918029785,-8.780048370361328,7.281357288360596,-3.2789249420166016,6.5282883644104,0.3920445144176483,8.374951362609863,-0.5412742495536804,12.1182861328125,-3.378887891769409,7.100592613220215
Q2_38i12IPkL5c_0.wav,Angry,135.99917763157896,0.02442067302763462,0.014006895013153553,0.06397846115537849,1025.4811814185935,1916.5653791085658,0.27102068066596985,0.10959485918283463,0.10394894331693649,0.2404778003692627,0.5032246708869934,0.17896507680416107,0.24396027624607086,0.2720787823200226,0.15244397521018982,0.2279483824968338,0.22119814157485962,0.49621695280075073,-383.4804382324219,144.8250732421875,155.64463806152344,55.24264907836914,-32.94842529296875,24.24859046936035,29.379337310791016,17.486793518066406,-4.151040554046631,10.394824981689453,0.7641124725341797,8.315559387207031,-10.39484691619873,9.085859298706055,-6.95938777923584,8.325921058654785,-8.28951358795166,8.779465675354004,-2.5635299682617188,8.14541244506836,-2.1512668132781982,10.014725685119629,-6.124984264373779,8.027483940124512,-7.15535831451416,7.482129096984863
Q2_38i12IPkL5c_1.wav,Angry,67.99958881578948,0.028917890042066574,0.01677890308201313,0.05701394959207459,905.5094526627134,1711.080271047312,0.28571322560310364,0.24243134260177612,0.46535906195640564,0.2575961649417877,0.2738967835903168,0.16748224198818207,0.31820884346961975,0.3611774444580078,0.1918136477470398,0.27875763177871704,0.19048869609832764,0.3534703850746155,-368.4881591796875,139.2814483642578,168.05320739746094,55.631656646728516,-30.407838821411133,27.78502655029297,28.231306076049805,15.44936752319336,1.6209431886672974,10.821367263793945,1.6541200876235962,7.699059963226318,-6.456368923187256,8.765471458435059,-5.411716938018799,8.453289985656738,-6.792523384094238,8.061017036437988,-4.46884298324585,7.440625190734863,-2.958021640777588,9.656411170959473,-4.623907566070557,7.760104179382324,-7.877318382263184,7.901754856109619
Q2_38i12IPkL5c_2.wav,Angry,143.5546875,0.026557045057415962,0.017597535625100136,0.07461191152597403,1119.1662162463012,2001.5201284865702,0.2144957184791565,0.09089823067188263,0.07419034093618393,0.2057897001504898,0.4880697429180145,0.19785882532596588,0.2328241914510727,0.2572649419307709,0.17236563563346863,0.3507806062698364,0.19468405842781067,0.3239382803440094,-386.9737243652344,170.38059997558594,146.7461395263672,62.62545394897461,-32.02631378173828,29.028118133544922,20.225860595703125,14.951312065124512,-5.289565086364746,12.728230476379395,3.1442272663116455,8.77689266204834,-6.760538101196289,7.532969951629639,-4.965498447418213,8.740025520324707,-6.963222026824951,8.969178199768066,2.8405072689056396,11.407888412475586,6.27980375289917,15.042196273803711,-2.045698881149292,9.377596855163574,-10.767562866210938,9.376598358154297
Q2_3ZnxqCZ7qGg_1.wav,Angry,129.19921875,0.010015719570219517,0.005715298466384411,0.05899255848463687,913.4026618025612,1636.8602697276535,0.18742193281650543,0.08731583505868912,0.16448286175727844,0.10868331044912338,0.2735545039176941,0.2083483338356018,0.07896558195352554,0.03374740853905678,0.14273369312286377,0.5409025549888611,0.1797739565372467,0.28219982981681824,-507.31396484375,117.71116638183594,161.43536376953125,54.74538803100586,-26.60112762451172,28.18634605407715,22.627880096435547,13.154321670532227,4.890539169311523,12.36044692993164,-9.825239181518555,8.395506858825684,-7.270130157470703,7.755403518676758,-13.53134822845459,8.564807891845703,-19.666292190551758,10.194771766662598,-10.340535163879395,7.649077415466309,-6.832413196563721,9.418390274047852,-5.16761589050293,10.699555397033691,-2.6933722496032715,9.289999961853027
Q2_3ZnxqCZ7qGg_2.wav,Angry,198.76802884615384,0.014695161022245884,0.006968701723963022,0.07720921366690241,998.0354064585947,1609.4546478573639,0.3211391866207123,0.1283053755760193,0.3312755227088928,0.1394932121038437,0.33767491579055786,0.19175800681114197,0.09580931812524796,0.04165954887866974,0.12887103855609894,0.4714110791683197,0.15001323819160461,0.30116623640060425,-444.7692565917969,110.61334991455078,173.14283752441406,53.93015670776367,-45.12131881713867,17.56661605834961,8.159102439880371,10.48495864868164,-8.665328025817871,14.634089469909668,-5.576269626617432,8.947551727294922,4.717712879180908,8.167693138122559,-0.48473379015922546,10.064312934875488,-8.871230125427246,10.00753116607666,-11.773418426513672,10.671600341796875,-5.558164119720459,10.722358703613281,0.6015644073486328,11.41892147064209,2.536574125289917,10.436461448669434
Q2_3_MxhSS86oU_0.wav,Angry,161.4990234375,0.027232836931943893,0.014045615680515766,0.053949252643709325,861.167287639011,1601.4268854434993,0.16348114609718323,0.20658354461193085,0.488074392080307,0.21640615165233612,0.3145992159843445,0.2552689015865326,0.13110610842704773,0.17939399182796478,0.20661264657974243,0.5997442603111267,0.34042325615882874,0.12406650930643082,-380.4652099609375,131.71963500976562,182.3159637451172,59.119388580322266,-35.94243621826172,23.51249122619629,29.463125228881836,15.507805824279785,1.1242495775222778,11.359271049499512,-3.446706533432007,6.703133583068848,-4.687163829803467,8.087516784667969,-9.998919486999512,7.612020492553711,-11.784929275512695,6.900207996368408,-9.190685272216797,7.8781256675720215,-0.5714142322540283,6.444690704345703,-0.3662819564342499,6.306466579437256,-5.806789398193359,7.699456691741943
Q2_3_MxhSS86oU_1.wav,Angry,161.4990234375,0.02572496421635151,0.013619083911180496,0.06238349037418655,942.7334663228758,1699.9261090657199,0.20480194687843323,0.20141379535198212,0.5186486840248108,0.15991400182247162,0.19521528482437134,0.3518284857273102,0.1801401674747467,0.2241363525390625,0.21940425038337708,0.46359363198280334,0.3664953410625458,0.1607634276151657,-382.7394104003906,131.74774169921875,181.3030242919922,59.68697738647461,-37.53075408935547,20.965051651000977,23.509199142456055,16.444786071777344,-1.2489560842514038,10.5250883102417,0.0649680495262146,7.246711254119873,-1.790097713470459,7.194418907165527,-5.560274600982666,7.561511039733887,-7.395017623901367,7.810399532318115,-5.282469272613525,9.343228340148926,0.4458964467048645,9.054829597473145,-1.1562210321426392,9.662182807922363,-5.773333549499512,7.951052665710449
Q2_48EYLEAgaBc_0.wav,Angry,103.359375,0.007113398052752018,0.004509704187512398,0.04520730335973563,737.7750384388333,1409.8013086675146,0.560956597328186,0.44401589035987854,0.1758800446987152,0.19119426608085632,0.2392561435699463,0.2700634002685547,0.19852691888809204,0.3912002444267273,0.42363664507865906,0.20076733827590942,0.22909508645534515,0.25991564989089966,-526.5606079101562,86.96416473388672,170.17027282714844,48.81922912597656,-17.80792236328125,20.48699378967285,15.097929954528809,14.194111824035645,21.416595458984375,11.571939468383789,-4.68029260635376,7.475465774536133,-7.369522571563721,8.741171836853027,-5.234943389892578,9.17030143737793,-3.7831499576568604,8.521916389465332,-5.889410018920898,8.033452033996582,-3.154232978820801,6.601521968841553,-4.195643901824951,5.88818359375,-9.019640922546387,7.260206699371338
Q2_48EYLEAgaBc_1.wav,Angry,103.359375,0.007995405234396458,0.005425489041954279,0.0438876821234586,709.0900205678736,1359.7591881743615,0.46554669737815857,0.24048084020614624,0.10985603928565979,0.17326880991458893,0.24283771216869354,0.33377599716186523,0.22133389115333557,0.385818749666214,0.5380347371101379,0.25296643376350403,0.20163270831108093,0.21838325262069702,-524.61572265625,105.13838195800781,170.92181396484375,55.348289489746094,-19.34001350402832,24.59892463684082,18.601943969726562,11.960897445678711,19.8858585357666,12.336370468139648,-2.031214475631714,8.293222427368164,-3.3420498371124268,10.00986099243164,-4.586801528930664,10.219212532043457,-2.945056200027466,8.985960006713867,-5.922706127166748,7.905153751373291,-4.105573654174805,6.4260711669921875,-5.802755355834961,8.630773544311523,-10.233099937438965,7.779399871826172
Q2_5CEAeMiXKaA_0.wav,Angry,117.45383522727273,0.009490304626524448,0.005518919788300991,0.06302799294996464,958.5932407685033,1749.2148824257426,0.4615877866744995,0.14014197885990143,0.1079215481877327,0.280223548412323,0.09637537598609924,0.12488670647144318,0.09285003691911697,0.31771495938301086,0.3419833779335022,0.07286421209573746,0.025945592671632767,0.13563953340053558,-527.1243896484375,122.70201110839844,148.64451599121094,62.07896041870117,-31.927005767822266,19.216949462890625,23.616601943969727,15.924373626708984,7.7502360343933105,16.340513229370117,-8.336705207824707,9.667807579040527,-8.665566444396973,9.3056001663208,-9.785655975341797,9.18475341796875,-12.124100685119629,10.44645881652832,-10.07224178314209,12.697078704833984,-6.162511348724365,10.0869140625,-3.895524501800537,13.96334171295166,-2.656497001647949,12.395668029785156
Q2_5NW0zDu6IYM_0.wav,Angry,123.046875,0.016811728477478027,0.010210665874183178,0.06001755058636117,931.4380734080617,1697.082651928552,0.18549461662769318,0.12207799404859543,0.3129359483718872,0.16210049390792847,0.10107692331075668,0.2122206836938858,0.13107962906360626,0.19217714667320251,0.10705705732107162,0.30292534828186035,0.3655882775783539,0.10547655075788498,-451.3155212402344,114.73075103759766,151.57415771484375,50.493934631347656,-25.941892623901367,22.24939727783203,19.3424129486084,15.190699577331543,3.0883548259735107,14.69827938079834,-9.645367622375488,9.575549125671387,-9.54172134399414,10.116476058959961,-8.625540733337402,8.764877319335938,-14.925631523132324,10.276217460632324,-12.004384994506836,9.27225399017334,-8.717440605163574,9.306439399719238,-6.2346391677856445,12.124776840209961,-3.0485787391662598,10.34908390045166
Q2_5NW0zDu6IYM_1.wav,Angry,129.19921875,0.028304338455200195,0.014023657888174057,0.05538159145155587,911.9714764106104,1755.1464118579827,0.2655697464942932,0.24737052619457245,0.4220801591873169,0.30430254340171814,0.15882831811904907,0.2652024030685425,0.13521969318389893,0.19937187433242798,0.15143908560276031,0.247320756316185,0.5239808559417725,0.19871652126312256,-361.5696716308594,128.38214111328125,171.59481811523438,57.31615447998047,-33.89638900756836,17.560115814208984,29.412899017333984,14.908205032348633,1.5515186786651611,11.595973014831543,-0.5199785828590393,7.9125142097473145,-8.499876976013184,8.140665054321289,-6.68165922164917,8.692364692687988,-9.862441062927246,8.490428924560547,-5.637556552886963,8.326092720031738,-5.3037333488464355,8.743274688720703,-3.5651583671569824,9.453640937805176,-8.317062377929688,8.50167465209961
Q2_61EA0xRX8gE_0.wav,Angry,129.19921875,0.022620536386966705,0.012088109739124775,0.05525283647979935,906.8175735012777,1699.0269460285047,0.1529066413640976,0.1696683168411255,0.4145762026309967,0.1926206648349762,0.16829578578472137,0.26536837220191956,0.13411283493041992,0.1303294450044632,0.215805783867836,0.5527307987213135,0.2784070372581482,0.13533128798007965,-405.5887756347656,131.78944396972656,170.71176147460938,62.183013916015625,-34.695762634277344,19.037595748901367,28.178035736083984,15.727765083312988,1.6052664518356323,10.225102424621582,-2.6350653171539307,7.36646032333374,-6.906487464904785,7.909118175506592,-9.494142532348633,8.90236759185791,-10.936960220336914,8.806073188781738,-9.88418960571289,9.24341869354248,-0.035300564020872116,6.967996597290039,-1.437087893486023,7.809394836425781,-7.0669732093811035,9.822375297546387
Q2_61EA0xRX8gE_1.wav,Angry,123.046875,0.022003520280122757,0.013626683503389359,0.05705061983471074,948.0504768800149,1782.2789014075413,0.4287772476673126,0.23476657271385193,0.19574353098869324,0.21020756661891937,0.3783474862575531,0.18798945844173431,0.20320436358451843,0.3533383011817932,0.22412817180156708,0.30045634508132935,0.23011738061904907,0.31141671538352966,-394.6429748535156,140.0122833251953,162.30072021484375,58.2533073425293,-32.103450775146484,24.93929100036621,28.910268783569336,15.596148490905762,-1.6454249620437622,10.424126625061035,-2.1764028072357178,8.164336204528809,-9.453195571899414,7.585284233093262,-11.195094108581543,8.450491905212402,-10.919266700744629,8.639618873596191,-4.737972259521484,7.701715469360352,-0.3336051106452942,7.875941276550293,-3.8256354331970215,8.286816596984863,-7.271844387054443,7.883509635925293
Q2_61EA0xRX8gE_3.wav,Angry,143.5546875,0.023139135912060738,0.013667584396898746,0.05068539435330802,931.1040704903642,1786.6194387837243,0.4229793846607208,0.22084484994411469,0.37546002864837646,0.4630662202835083,0.18794673681259155,0.1437826156616211,0.17029866576194763,0.42137572169303894,0.3114165961742401,0.1861298829317093,0.1838485151529312,0.17773646116256714,-384.2153625488281,117.95903015136719,168.2078399658203,46.90862274169922,-35.77585983276367,17.705448150634766,29.69770622253418,14.196985244750977,2.834240436553955,11.991830825805664,1.0172529220581055,8.87332534790039,-10.551469802856445,9.016129493713379,-8.451143264770508,7.607557773590088,-7.216857433319092,7.208210468292236,-7.346789836883545,8.90108585357666,-2.322617769241333,6.962150573730469,-2.1953470706939697,6.460660457611084,-7.938174724578857,7.325363636016846
Q2_61EA0xRX8gE_4.wav,Angry,129.19921875,0.021809136494994164,0.013861285522580147,0.0556796875,967.450571416672,1800.6802734375,0.14875444769859314,0.3064717948436737,0.21076074242591858,0.2565663456916809,0.2421775758266449,0.14552782475948334,0.15269088745117188,0.21152351796627045,0.551733672618866,0.22241291403770447,0.13739068806171417,0.19229373335838318,-420.7730407714844,148.5723876953125,151.3828887939453,60.942718505859375,-29.84629249572754,22.194604873657227,25.649124145507812,17.864675521850586,-0.14743304252624512,11.907639503479004,-3.902456521987915,11.212806701660156,-12.552760124206543,9.246414184570312,-12.015666007995605,8.97944450378418,-13.662232398986816,10.43283748626709,-8.82052993774414,10.8513822555542,-2.8270864486694336,8.20903205871582,0.1630217581987381,9.798871040344238,-3.4370951652526855,9.000815391540527
Q2_61EA0xRX8gE_5.wav,Angry,112.34714673913044,0.023828577250242233,0.016866447404026985,0.05427138384650735,893.6447128258015,1674.6340403837316,0.30411261320114136,0.31094735860824585,0.1695413440465927,0.21873852610588074,0.3051148056983948,0.2485882192850113,0.1941162347793579,0.22268806397914886,0.41788387298583984,0.5719916820526123,0.33309298753738403,0.3306051790714264,-404.6097412109375,155.9142303466797,158.5441436767578,65.80072784423828,-23.944183349609375,30.03570556640625,23.016719818115234,14.431877136230469,0.13792365789413452,11.631659507751465,1.7007200717926025,8.239287376403809,-2.5967178344726562,8.279135704040527,-4.507174968719482,6.965238571166992,-5.699194431304932,8.204230308532715,-0.2815566062927246,8.309836387634277,0.34387072920799255,6.786096096038818,0.26817408204078674,7.021633148193359,-3.4539942741394043,6.873955726623535
Q2_6n8HgIcJ6vo_0.wav,Angry,135.99917763157896,0.012882059440016747,0.007689979858696461,0.049538079946319015,808.8203754045115,1504.111652193426,0.13691632449626923,0.19831977784633636,0.1993819624185562,0.4885402023792267,0.2797117233276367,0.11495240032672882,0.18287092447280884,0.15479014813899994,0.2717660665512085,0.13410428166389465,0.22919884324073792,0.34012505412101746,-473.8851318359375,112.28334045410156,159.54200744628906,59.086299896240234,-22.509078979492188,22.796661376953125,19.590909957885742,12.194557189941406,12.344433784484863,12.235349655151367,-5.533543586730957,7.679693698883057,-7.046598434448242,8.233221054077148,-11.04738998413086,9.64080810546875,-5.800919532775879,8.613813400268555,-6.528425216674805,8.862678527832031,-5.420219421386719,6.16873836517334,-6.997960090637207,7.880903244018555,-9.946001052856445,7.810988426208496
Q2_78C_TpQDvVE_0.wav,Angry,135.99917763157896,0.012745609506964684,0.00832816306501627,0.06627446474913495,906.3944413168022,1559.0523373296928,0.26540112495422363,0.2792293131351471,0.1876569539308548,0.5316724181175232,0.12269368022680283,0.031040307134389877,0.07385170459747314,0.15877041220664978,0.36250367760658264,0.15854483842849731,0.0348043218255043,0.06082310527563095,-503.24005126953125,139.05935668945312,148.65008544921875,64.62061309814453,-23.43157196044922,31.924213409423828,15.191186904907227,15.732536315917969,-2.611018419265747,14.459335327148438,-6.265070915222168,8.671982765197754,-7.865098476409912,10.464653968811035,-11.47730827331543,8.783198356628418,-12.806456565856934,10.872454643249512,-9.45945930480957,10.463685035705566,-4.341654300689697,7.878825664520264,0.7902911305427551,10.60246753692627,-2.6321799755096436,9.802604675292969
Q2_78C_TpQDvVE_1.wav,Angry,99.38401442307692,0.01123740803450346,0.007405017036944628,0.058493128050433836,855.8955425022953,1500.399495619238,0.1784919798374176,0.277780145406723,0.12646564841270447,0.30645567178726196,0.3572840392589569,0.13321930170059204,0.16382759809494019,0.21134474873542786,0.39982733130455017,0.23116551339626312,0.07946949452161789,0.04725560545921326,-501.3067932128906,109.67791748046875,158.44334411621094,49.930294036865234,-26.426145553588867,25.318300247192383,15.954874038696289,10.4417085647583,8.715526580810547,16.688234329223633,-6.157743453979492,9.477553367614746,-5.796616554260254,9.771123886108398,-8.683691024780273,10.2538423538208,-10.797528266906738,11.4033784866333,-10.088263511657715,11.078327178955078,-4.787102699279785,9.138160705566406,-4.893802642822266,11.305863380432129,-8.603413581848145,9.275379180908203
Q2_7n32BtYb4d4_0.wav,Angry,89.10290948275862,0.026502469554543495,0.014728288166224957,0.05884470645022883,903.6433345829093,1644.0181747890447,0.10974984616041183,0.14066676795482635,0.2679188549518585,0.27963924407958984,0.6807160377502441,0.20306296646595,0.16014723479747772,0.1087082177400589,0.2424328476190567,0.37092217803001404,0.1686241626739502,0.26250723004341125,-380.66436767578125,122.84540557861328,177.78904724121094,55.97179412841797,-34.3493537902832,20.885892868041992,22.29136848449707,17.884265899658203,0.3979644179344177,11.09168529510498,-2.5590174198150635,8.204429626464844,-2.8867204189300537,9.62958812713623,-9.093451499938965,8.984746932983398,-11.148591995239258,8.242606163024902,-3.3938183784484863,7.882663726806641,1.3210879564285278,8.86367416381836,-4.325890064239502,9.754228591918945,-6.0114665031433105,8.588533401489258
Q2_7n32BtYb4d4_1.wav,Angry,123.046875,0.014661628752946854,0.0059702652506530285,0.06026182783410904,982.7393462929381,1907.957766918426,0.28135403990745544,0.14280106127262115,0.17898011207580566,0.1920795887708664,0.466426819562912,0.16705912351608276,0.2467113584280014,0.387689471244812,0.1439090222120285,0.08366505801677704,0.11863073706626892,0.39292794466018677,-438.8163146972656,122.99052429199219,162.50303649902344,56.51771926879883,-45.4531364440918,19.436084747314453,36.854148864746094,14.452127456665039,-7.074646472930908,12.046080589294434,-8.491020202636719,9.243854522705078,-10.90377140045166,11.020586013793945,-12.841604232788086,10.263128280639648,-20.91025161743164,12.375917434692383,-12.12642765045166,9.88646411895752,-1.1476622819900513,9.252265930175781,-0.7655729055404663,9.378983497619629,-1.0900919437408447,7.767431735992432
Q2_7n32BtYb4d4_2.wav,Angry,89.10290948275862,0.026385601609945297,0.01254960335791111,0.06575983827954048,1025.3958837300138,1918.8267146471553,0.187430277466774,0.09183423966169357,0.1570478230714798,0.29159823060035706,0.39633843302726746,0.22407235205173492,0.41627204418182373,0.5087867975234985,0.2518392503261566,0.35099971294403076,0.16833288967609406,0.34744760394096375,-353.04736328125,130.9676513671875,169.47044372558594,57.23346710205078,-44.26466751098633,17.433956146240234,26.024368286132812,15.629323959350586,-5.323869228363037,10.303600311279297,-1.7962766885757446,7.912952899932861,-6.510374069213867,7.522787570953369,-4.441005706787109,7.180644989013672,-10.185564041137695,8.2415132522583,-4.220603942871094,7.320571422576904,-1.5967128276824951,8.889935493469238,-7.404722690582275,9.664693832397461,-6.880185604095459,7.715967178344727
Q2_7n32BtYb4d4_3.wav,Angry,117.45383522727273,0.02281922847032547,0.012190140783786774,0.0555119883733165,890.9484004264185,1706.4338452888258,0.14235620200634003,0.15632285177707672,0.1254132241010666,0.16857220232486725,0.3974183201789856,0.23510605096817017,0.4614309072494507,0.370805561542511,0.22731801867485046,0.34591081738471985,0.2180928885936737,0.37761035561561584,-387.1822509765625,134.85414123535156,181.64102172851562,55.86840057373047,-37.01451873779297,27.80064582824707,29.032150268554688,16.367965698242188,-0.9858273267745972,11.79378604888916,0.3681950867176056,6.603003025054932,-7.527294635772705,7.736913681030273,-7.166110992431641,6.726168632507324,-8.792145729064941,7.261414527893066,-7.681332588195801,6.709733009338379,-0.4303675889968872,6.087717533111572,-5.315871238708496,8.009458541870117,-7.138542652130127,7.079189777374268
Q2_8c7kcmsnf-s_0.wav,Angry,143.5546875,0.018200477585196495,0.011227498762309551,0.05842477116209856,882.1909399034013,1580.055414244186,0.6018305420875549,0.22428075969219208,0.23066939413547516,0.12152711302042007,0.24804578721523285,0.11247803270816803,0.15558293461799622,0.37601229548454285,0.1712416261434555,0.27905043959617615,0.16691479086875916,0.3716859817504883,-434.33013916015625,152.60520935058594,168.777099609375,65.89401245117188,-31.34202766418457,31.652420043945312,24.78191375732422,16.80225372314453,0.20791250467300415,11.987375259399414,-3.7271413803100586,6.893271446228027,-7.0377888679504395,7.212173938751221,-10.256680488586426,9.477187156677246,-12.416974067687988,8.88119125366211,-4.440408229827881,8.457718849182129,-4.402771472930908,7.392609596252441,-1.5298094749450684,7.420706272125244,-2.6525657176971436,9.306220054626465
Q2_8c7kcmsnf-s_1.wav,Angry,143.5546875,0.024772856384515762,0.01360753457993269,0.0668903602826025,970.7601709979934,1751.3630999519505,0.5226435661315918,0.17151109874248505,0.1597517728805542,0.15030626952648163,0.4786182940006256,0.3362123668193817,0.16517385840415955,0.3521135747432709,0.14623649418354034,0.20033736526966095,0.18173782527446747,0.2469414323568344,-379.1490173339844,138.4495849609375,174.7025604248047,52.67975997924805,-36.674869537353516,28.82648277282715,26.4498291015625,15.764543533325195,-4.072271347045898,13.271178245544434,-0.3243403434753418,7.10573673248291,-7.893152236938477,8.194437980651855,-8.495264053344727,8.018282890319824,-11.939799308776855,8.162342071533203,-3.146791458129883,6.315899848937988,-1.235214114189148,8.400364875793457,-1.7200335264205933,7.368202209472656,-6.560433864593506,7.438485145568848
Q2_8c7kcmsnf-s_2.wav,Angry,143.5546875,0.026517994701862335,0.010797055438160896,0.061725794510254596,979.1401778566366,1818.2003210086634,0.4677535891532898,0.1864892542362213,0.288321852684021,0.21076622605323792,0.3034173846244812,0.21346381306648254,0.18671482801437378,0.4278390109539032,0.24205034971237183,0.1917819082736969,0.1319020688533783,0.29145923256874084,-357.320068359375,122.24486541748047,176.73123168945312,54.63136291503906,-44.679603576660156,15.865501403808594,32.439056396484375,13.316164016723633,-5.386815547943115,11.138776779174805,-1.088654637336731,7.671298027038574,-6.403476238250732,8.6748046875,-6.762520790100098,7.678773880004883,-14.57529067993164,8.179744720458984,-5.076235771179199,7.961618423461914,-5.067362308502197,8.145360946655273,-2.4007184505462646,7.873996734619141,-4.424114227294922,8.324721336364746
Q2_8TYY0qG-KOw_1.wav,Angry,92.28515625,0.020131045952439308,0.010423502884805202,0.05314772199876237,855.4749669980406,1650.5717966816212,0.22842200100421906,0.45116907358169556,0.2157507687807083,0.28851577639579773,0.16525426506996155,0.23802053928375244,0.4570586085319519,0.2931278645992279,0.44007301330566406,0.2156364768743515,0.3183046877384186,0.25410333275794983,-402.6190185546875,126.35309600830078,183.54330444335938,60.297691345214844,-38.54164123535156,23.198579788208008,25.988300323486328,13.118614196777344,6.240117073059082,10.376311302185059,-3.8221724033355713,7.385120391845703,-7.993929862976074,8.281305313110352,-9.585007667541504,8.855393409729004,-6.263086318969727,7.587090969085693,-7.609022617340088,6.802321434020996,-1.823236107826233,5.736112117767334,-4.884743690490723,6.650524139404297,-8.113046646118164,6.841177940368652
Q2_9v2WSpn4FCw_3.wav,Angry,80.74951171875,0.02149195224046707,0.01420550886541605,0.05646135905300976,979.297671961912,1922.8134453167368,0.14715684950351715,0.18658819794654846,0.49933359026908875,0.3382095694541931,0.23246999084949493,0.20539350807666779,0.20631584525108337,0.511171281337738,0.19577506184577942,0.2190326750278473,0.2536020576953888,0.15653285384178162,-408.8909912109375,139.15570068359375,158.0231170654297,57.7867546081543,-31.51834487915039,22.89583969116211,28.379779815673828,16.354095458984375,1.5853767395019531,10.671676635742188,-1.1674832105636597,7.70103120803833,-5.858327388763428,8.881415367126465,-5.418651580810547,8.076796531677246,-11.087972640991211,8.141282081604004,-10.464469909667969,7.731394290924072,-0.675669252872467,6.448459148406982,-4.118350505828857,8.129700660705566,-7.349188327789307,7.8157219886779785
Q2_9v2WSpn4FCw_4.wav,Angry,135.99917763157896,0.02472831681370735,0.012729104608297348,0.05517904370824053,962.7909170417337,1844.226128593054,0.2849324643611908,0.2160809487104416,0.3671093285083771,0.22679603099822998,0.16027240455150604,0.25148338079452515,0.20385995507240295,0.4235365092754364,0.21302519738674164,0.3682590425014496,0.40368103981018066,0.22792905569076538,-363.5523376464844,111.62389373779297,172.79075622558594,46.41897201538086,-33.1841926574707,22.883935928344727,27.59678840637207,14.282173156738281,0.39836782217025757,10.026976585388184,-0.00893460400402546,7.51919412612915,-4.7430219650268555,7.953221797943115,-4.678149223327637,7.774250507354736,-9.931741714477539,8.902701377868652,-7.068845748901367,7.334958076477051,-2.0201399326324463,6.366235733032227,-4.643862247467041,7.8429975509643555,-5.814351558685303,6.433475017547607
Q2_9v2WSpn4FCw_5.wav,Angry,172.265625,0.019975587725639343,0.013784998096525669,0.05487931453684674,976.7451934301416,1868.4700482604228,0.10929108411073685,0.14295442402362823,0.3659540116786957,0.3246075510978699,0.18065011501312256,0.09194274246692657,0.1428000032901764,0.41905465722084045,0.1982804536819458,0.3628956973552704,0.229749858379364,0.11694920063018799,-426.1639709472656,144.52256774902344,157.205322265625,66.6673812866211,-27.63436508178711,24.354921340942383,24.322532653808594,15.02646541595459,3.7913429737091064,11.781436920166016,-1.2185969352722168,7.250854015350342,-4.494250297546387,8.31721305847168,-6.751904010772705,7.711092948913574,-8.71247386932373,8.034107208251953,-8.211175918579102,8.07707405090332,2.5653109550476074,5.7756757736206055,-4.73581600189209,9.643898010253906,-7.668828964233398,7.581096172332764
Q2_9v2WSpn4FCw_6.wav,Angry,215.33203125,0.026519175618886948,0.013417162001132965,0.05370666290176338,962.4748249182288,1872.6077027771698,0.3252546191215515,0.2530152499675751,0.48659756779670715,0.37820345163345337,0.24694745242595673,0.20599833130836487,0.19955800473690033,0.5102250576019287,0.20866455137729645,0.25593021512031555,0.3236791789531708,0.21694350242614746,-346.744384765625,97.94783782958984,178.94717407226562,37.436702728271484,-38.906593322753906,17.553428649902344,31.230857849121094,12.01213264465332,1.2464135885238647,11.022549629211426,0.7791736125946045,7.736679553985596,-5.3243584632873535,8.86722469329834,-4.707724571228027,7.963404655456543,-6.824933052062988,7.942716598510742,-7.271265506744385,6.716342926025391,-1.7974166870117188,5.957541465759277,-5.956204891204834,6.4989094734191895,-8.46375846862793,6.352360725402832
Q2_9v2WSpn4FCw_7.wav,Angry,123.046875,0.023637792095541954,0.015672968700528145,0.05877166098736702,984.8106710556385,1928.2238899393285,0.14463891088962555,0.202785924077034,0.5704627633094788,0.44766765832901,0.220277339220047,0.19769926369190216,0.18930955231189728,0.3879021108150482,0.19467122852802277,0.1764126569032669,0.22565217316150665,0.1625351756811142,-394.1267395019531,136.54302978515625,152.0122528076172,58.1702880859375,-29.217256546020508,22.816322326660156,28.243614196777344,14.620141983032227,2.260056257247925,9.995600700378418,-2.214468479156494,7.805356502532959,-6.036449909210205,10.079277038574219,-7.776333332061768,8.075044631958008,-12.232138633728027,8.115034103393555,-11.16242504119873,8.988346099853516,-0.8968884348869324,7.243932247161865,-2.589294195175171,7.687079906463623,-6.968536853790283,7.433204650878906
Q2_9v2WSpn4FCw_8.wav,Angry,172.265625,0.023404965177178383,0.015432721003890038,0.05459564511138614,937.2382421176029,1807.03016224474,0.23468980193138123,0.21715104579925537,0.4298864006996155,0.26879647374153137,0.30040043592453003,0.24586597084999084,0.2837173044681549,0.3483242392539978,0.21595284342765808,0.2023453712463379,0.22533880174160004,0.2998201251029968,-385.31036376953125,133.7786407470703,165.83847045898438,57.028682708740234,-30.15976905822754,19.951440811157227,26.86779022216797,15.020478248596191,1.1346246004104614,12.0004301071167,0.22853979468345642,7.873132228851318,-3.382976531982422,7.785075664520264,-5.586992263793945,7.58800745010376,-8.598152160644531,8.25054931640625,-3.5120370388031006,7.28205680847168,0.1473432332277298,6.516784191131592,-1.5603786706924438,6.309263229370117,-6.08713436126709,7.114398956298828
Q2_AacIP9mDLw8_0.wav,Angry,123.046875,0.012074115686118603,0.005593855399638414,0.05445527513218547,876.9264886676572,1647.6345236027319,0.13156867027282715,0.2499818354845047,0.26093238592147827,0.17407096922397614,0.39353567361831665,0.19415383040905,0.3511921763420105,0.2521611452102661,0.10593622922897339,0.05116918310523033,0.15081164240837097,0.31601858139038086,-485.231201171875,107.49787902832031,166.5844268798828,48.293617248535156,-30.95008659362793,24.979459762573242,29.910646438598633,14.90095329284668,3.809703826904297,12.34974193572998,-8.733945846557617,10.249670028686523,-11.535470962524414,10.722309112548828,-11.414931297302246,11.013787269592285,-11.503654479980469,10.813183784484863,-10.586742401123047,11.352773666381836,-5.451833248138428,9.099257469177246,-5.034765243530273,8.50915241241455,-7.2249040603637695,8.327495574951172
Q2_AacIP9mDLw8_2.wav,Angry,112.34714673913044,0.010991595685482025,0.0050809322856366634,0.056156094667871664,935.5704212800985,1835.6301564088624,0.12141824513673782,0.2956823706626892,0.26625627279281616,0.1247609481215477,0.22489911317825317,0.15286512672901154,0.3406057357788086,0.22485870122909546,0.10510843247175217,0.14934927225112915,0.24395155906677246,0.2850632071495056,-493.0224914550781,113.30976104736328,168.39703369140625,55.11446762084961,-31.288572311401367,21.392108917236328,30.46676254272461,14.503159523010254,6.208251476287842,12.259990692138672,-8.681784629821777,8.420035362243652,-10.945542335510254,9.103841781616211,-10.882080078125,8.152741432189941,-12.104578018188477,8.669768333435059,-11.112631797790527,10.824722290039062,-4.4462056159973145,8.966842651367188,-4.08904504776001,8.932229042053223,-5.938980579376221,9.477604866027832
Q2_ANZf1QXsNrY_6.wav,Angry,95.703125,0.023840438574552536,0.013581627979874611,0.05361513322848286,866.6969199743988,1653.6667571286926,0.3224622309207916,0.3339390158653259,0.3204004764556885,0.25226977467536926,0.3074263036251068,0.39529865980148315,0.4595647156238556,0.4105946719646454,0.3203376233577728,0.169685959815979,0.2157903015613556,0.3220115900039673,-377.4112243652344,123.53626251220703,182.61480712890625,57.29447555541992,-38.05870056152344,20.26750946044922,26.96270751953125,14.621807098388672,4.028102397918701,10.016623497009277,-2.194636106491089,8.787753105163574,-4.727468013763428,7.422922611236572,-7.520314693450928,7.793681621551514,-7.518373012542725,6.766910076141357,-6.1709160804748535,6.865701198577881,-1.476930856704712,6.435338020324707,-3.8309500217437744,5.8794989585876465,-9.058208465576172,6.324632167816162
Q2_ANZf1QXsNrY_7.wav,Angry,95.703125,0.027271462604403496,0.015239222906529903,0.06761695282632442,1031.4948081349144,1934.0838446374933,0.13447262346744537,0.2782263457775116,0.45907825231552124,0.19269998371601105,0.29235467314720154,0.17005905508995056,0.42908188700675964,0.4459909200668335,0.18335852026939392,0.13722024857997894,0.1821526437997818,0.3326561748981476,-372.529296875,142.96136474609375,164.26939392089844,63.44137191772461,-39.408592224121094,19.26336097717285,25.535245895385742,15.146812438964844,-3.2267651557922363,10.429267883300781,-4.669949054718018,10.442449569702148,-9.511871337890625,7.32371711730957,-10.078996658325195,9.048257827758789,-11.723166465759277,8.264451026916504,-7.609081745147705,7.761394023895264,-2.6794826984405518,7.737882614135742,-2.941338062286377,10.224387168884277,-6.976804733276367,10.833514213562012
Q2_AWNbcxXDmt0_0.wav,Angry,117.45383522727273,0.02423996850848198,0.014788749627768993,0.06089184881099717,934.1210240109435,1688.4909450417697,0.11602835357189178,0.18768101930618286,0.1565399020910263,0.2105787992477417,0.5894675850868225,0.19613301753997803,0.19915242493152618,0.11198578774929047,0.31387051939964294,0.47897326946258545,0.1641574651002884,0.2555229365825653,-397.0980224609375,142.0255584716797,164.16738891601562,59.891727447509766,-31.33694839477539,25.686784744262695,22.767881393432617,16.816387176513672,-4.136452674865723,13.612333297729492,-4.55384635925293,8.582818031311035,-8.628500938415527,8.989904403686523,-6.468061923980713,7.970866680145264,-8.63287353515625,9.815176010131836,-4.170970439910889,8.850509643554688,-2.4339711666107178,8.01077938079834,-8.223889350891113,9.339118957519531,-9.677927017211914,7.480858325958252
Q2_aYe-2Glruu4_2.wav,Angry,129.19921875,0.024067483842372894,0.012230399064719677,0.06344755569306931,996.7688169025887,1895.020860728651,0.43281155824661255,0.18230657279491425,0.29793858528137207,0.23996010422706604,0.1608426719903946,0.30046045780181885,0.1805950403213501,0.3770400583744049,0.261355459690094,0.16878186166286469,0.37605705857276917,0.21076638996601105,-377.6090393066406,119.1654052734375,163.33926391601562,51.14350509643555,-38.82918167114258,15.702014923095703,29.502784729003906,14.852523803710938,-2.1273152828216553,11.61058235168457,-2.9372706413269043,7.101243495941162,-10.341636657714844,8.895625114440918,-9.342881202697754,8.645554542541504,-13.5260591506958,10.450272560119629,-8.543724060058594,8.397506713867188,-6.172079563140869,9.072233200073242,-2.3292438983917236,8.585284233093262,-5.854806423187256,7.25793981552124
Q2_b8HVQtIoBYU_0.wav,Angry,69.83741554054055,0.01581774279475212,0.007989544421434402,0.045712022098698485,757.5340867125245,1456.807604477359,0.25918057560920715,0.24551212787628174,0.41435205936431885,0.28156742453575134,0.3517645001411438,0.21398703753948212,0.35868361592292786,0.4652186930179596,0.3397051990032196,0.4731613099575043,0.26524704694747925,0.37239164113998413,-427.765625,105.35128021240234,197.21041870117188,53.56283187866211,-31.127004623413086,26.50731086730957,21.613073348999023,13.255780220031738,10.356786727905273,9.330400466918945,-2.770500898361206,7.045233726501465,-0.6004056334495544,6.9937639236450195,-6.814933776855469,6.0524210929870605,-5.268799781799316,7.468061447143555,-4.451446533203125,6.3049445152282715,-0.9416078925132751,5.447063446044922,-4.713522434234619,6.913278579711914,-5.46400785446167,7.348939895629883
Q2_b8HVQtIoBYU_1.wav,Angry,69.83741554054055,0.022424902766942978,0.010358509607613087,0.055950570261659435,873.6569269018121,1651.7099508753051,0.21238066256046295,0.13735999166965485,0.26901566982269287,0.19335438311100006,0.36517995595932007,0.14084504544734955,0.20602570474147797,0.23949359357357025,0.20695842802524567,0.5313516855239868,0.2257367968559265,0.43566322326660156,-389.8187255859375,121.56515502929688,186.0242462158203,55.26885223388672,-38.36205291748047,20.434215545654297,29.018712997436523,14.186627388000488,4.198235988616943,10.998444557189941,-4.242948532104492,8.725279808044434,-9.771034240722656,7.909920692443848,-7.784237861633301,7.705280780792236,-15.900492668151855,7.422942638397217,-7.268649101257324,8.22562313079834,-3.2698824405670166,7.856516361236572,-6.510985374450684,6.426339149475098,-6.015496730804443,8.434638977050781
Q2_bfopzItCYrE_1.wav,Angry,151.99908088235293,0.016898997128009796,0.00925335194915533,0.05576814123972402,868.4543239814213,1624.947602232274,0.47163423895835876,0.18395397067070007,0.2503953278064728,0.18472760915756226,0.2760044038295746,0.18985818326473236,0.21622882783412933,0.3191877007484436,0.24138452112674713,0.2917890250682831,0.21376238763332367,0.3910650312900543,-429.2995910644531,128.66543579101562,175.8600311279297,55.08614730834961,-30.620925903320312,28.129138946533203,27.492738723754883,15.121513366699219,3.7567594051361084,11.777729988098145,0.11689773201942444,7.655300617218018,-4.331733226776123,7.355117321014404,-6.263360023498535,7.359920501708984,-8.526449203491211,8.350388526916504,-3.8730692863464355,7.738614082336426,-2.63236141204834,8.306318283081055,-2.9547691345214844,9.51806354522705,-5.683990955352783,8.47441577911377
Q2_BzqX-9TA-GY_1.wav,Angry,151.99908088235293,0.009403127245604992,0.005217115860432386,0.05406730684229137,817.5996165735847,1533.2660939433788,0.2856445908546448,0.12357641011476517,0.2412242740392685,0.418673038482666,0.1476449966430664,0.16837504506111145,0.15616069734096527,0.4779229760169983,0.28325673937797546,0.11024200916290283,0.17171810567378998,0.1421637386083603,-512.4143676757812,108.71881866455078,172.3290252685547,57.64084243774414,-27.186145782470703,18.199020385742188,21.298025131225586,14.664844512939453,10.316679954528809,13.205743789672852,-9.641133308410645,9.823236465454102,-11.044631958007812,8.964012145996094,-11.46884822845459,8.38020133972168,-10.163582801818848,8.309574127197266,-13.266613006591797,12.861869812011719,-2.001067638397217,8.802721977233887,-1.6808573007583618,8.129471778869629,-9.899677276611328,9.122228622436523
Q2_BzqX-9TA-GY_2.wav,Angry,143.5546875,0.009023355320096016,0.006579096429049969,0.062153531641514805,962.5991634154246,1777.8381486688497,0.43345680832862854,0.12939809262752533,0.17599427700042725,0.3554520010948181,0.1550760120153427,0.19407258927822113,0.12241516262292862,0.31511515378952026,0.1422886699438095,0.12403839081525803,0.16878098249435425,0.15615585446357727,-538.8629150390625,137.3406219482422,149.91067504882812,73.9898452758789,-24.09437370300293,21.91952896118164,18.396888732910156,15.286420822143555,7.475830554962158,13.821391105651855,-6.784722805023193,8.75571060180664,-4.359190940856934,9.113274574279785,-7.781170845031738,10.783731460571289,-7.870238304138184,10.805681228637695,-8.973071098327637,12.663239479064941,-4.010796546936035,9.968121528625488,-0.40117335319519043,10.13999080657959,-3.9041664600372314,8.733098983764648
Q2_cFWdWpyvwag_0.wav,Angry,95.703125,0.014987440779805183,0.008652105927467346,0.05632396735767327,914.1601693038644,1731.5268941444926,0.24403837323188782,0.08620116859674454,0.15454374253749847,0.2857401371002197,0.5065215229988098,0.24345257878303528,0.27437883615493774,0.23533248901367188,0.08724499493837357,0.11892818659543991,0.11181816458702087,0.3958260118961334,-463.8707275390625,126.0044937133789,157.71205139160156,52.582611083984375,-34.673824310302734,23.709732055664062,27.39029884338379,16.128681182861328,5.286667346954346,15.362091064453125,-7.615000247955322,8.45323371887207,-17.398550033569336,9.773426055908203,-14.1420259475708,10.067450523376465,-15.337788581848145,10.747286796569824,-9.69111156463623,11.394436836242676,-7.164947986602783,11.595067977905273,-8.044930458068848,8.215723037719727,-9.083793640136719,9.690323829650879
Q2_cFWdWpyvwag_1.wav,Angry,129.19921875,0.020269129425287247,0.00757491122931242,0.06173962309160305,957.502674238916,1747.9410843834194,0.35350218415260315,0.18334203958511353,0.2685977518558502,0.2340114265680313,0.22270438075065613,0.2166319191455841,0.17862460017204285,0.4032502770423889,0.18060818314552307,0.14741480350494385,0.3047657310962677,0.20194393396377563,-400.180908203125,102.00346374511719,177.27340698242188,49.38440704345703,-43.8431282043457,15.798900604248047,26.867645263671875,12.4992036819458,-2.7428171634674072,10.664397239685059,-5.690995693206787,7.956661224365234,-10.047419548034668,11.985761642456055,-9.426575660705566,12.664741516113281,-5.2401909828186035,9.974695205688477,-8.449442863464355,11.583488464355469,-6.010772228240967,11.127205848693848,-6.282767295837402,11.042576789855957,-8.396637916564941,9.10396671295166
Q2_cm6E860vDjY_0.wav,Angry,92.28515625,0.025363629683852196,0.015584575943648815,0.05735786642541358,958.0299055183511,1826.1703987360952,0.49477192759513855,0.2346964031457901,0.3584367334842682,0.27018141746520996,0.14044088125228882,0.13394854962825775,0.216377392411232,0.4604884088039398,0.2898041903972626,0.22140565514564514,0.1578335016965866,0.2000947892665863,-382.4994201660156,149.19134521484375,166.5305938720703,54.227596282958984,-34.628170013427734,27.45654296875,28.199356079101562,20.034969329833984,-1.9872424602508545,10.925506591796875,2.686682939529419,7.589349269866943,-9.820589065551758,9.518444061279297,-7.493830680847168,8.763325691223145,-11.526358604431152,8.274162292480469,-5.463247299194336,7.216063976287842,-3.9183592796325684,7.075277328491211,-3.030154228210449,8.290419578552246,-7.9126763343811035,8.515178680419922
Q2_cm6E860vDjY_1.wav,Angry,95.703125,0.030288875102996826,0.014501544646918774,0.06497662880127299,1021.60910172951,1941.7954246596535,0.2292831391096115,0.16961076855659485,0.47313761711120605,0.2351199835538864,0.17910534143447876,0.23612818121910095,0.13892585039138794,0.2305988222360611,0.18727540969848633,0.23991970717906952,0.2716881036758423,0.21896356344223022,-357.0894775390625,135.5904541015625,165.4326629638672,59.97587966918945,-38.95222091674805,16.17572593688965,30.16803550720215,13.657817840576172,-5.849167346954346,9.945207595825195,-0.7470366358757019,8.199586868286133,-5.863974571228027,8.812358856201172,-6.477181911468506,9.180242538452148,-13.74979019165039,9.35118579864502,-7.663667678833008,8.115249633789062,-1.7241497039794922,7.901026725769043,-0.4178435206413269,8.955147743225098,-5.996106147766113,7.892034530639648
Q2_cm6E860vDjY_2.wav,Angry,99.38401442307692,0.024862773716449738,0.016062378883361816,0.059008631777916966,899.1181156043915,1678.8885117942466,0.15200018882751465,0.2120020091533661,0.5109310746192932,0.24182207882404327,0.23428063094615936,0.22303053736686707,0.2538208067417145,0.2168465107679367,0.25343650579452515,0.391225129365921,0.21627596020698547,0.1939934343099594,-390.258056640625,141.4180450439453,172.7706756591797,64.06473541259766,-31.033206939697266,26.788591384887695,21.866342544555664,18.5214900970459,0.4797935485839844,14.402342796325684,-0.15535806119441986,6.546858787536621,-0.8842518925666809,8.710543632507324,-4.059218406677246,7.286532878875732,-9.176041603088379,6.977127552032471,-6.154818534851074,6.18664026260376,0.28248393535614014,6.529338836669922,-1.8186062574386597,8.306793212890625,-5.521503448486328,7.981526851654053
Q2_cQp1BYDGcRo_0.wav,Angry,129.19921875,0.019884122535586357,0.010468372143805027,0.05858976077410131,860.6809879526265,1532.5753006280638,0.17592808604240417,0.17942893505096436,0.5609311461448669,0.20298010110855103,0.28160637617111206,0.2690202593803406,0.1268889456987381,0.23921093344688416,0.15567991137504578,0.41494691371917725,0.3114243745803833,0.10581278800964355,-420.3459167480469,129.7895050048828,183.26651000976562,59.10014724731445,-33.44395446777344,28.654600143432617,24.857040405273438,14.525833129882812,-0.1201368048787117,10.374565124511719,-6.649327754974365,7.231980800628662,-6.856017589569092,9.611783981323242,-11.985845565795898,8.67431354522705,-13.145235061645508,8.44736385345459,-12.381065368652344,8.910658836364746,-2.266523599624634,11.396334648132324,-3.580066442489624,11.57386589050293,-5.903045654296875,7.3547210693359375
Q2_cQp1BYDGcRo_1.wav,Angry,129.19921875,0.026471132412552834,0.013645702973008156,0.053776076972613884,840.7182986012381,1571.0888910190145,0.12307040393352509,0.21023695170879364,0.6433499455451965,0.25301414728164673,0.3316625952720642,0.30779796838760376,0.17945335805416107,0.2466946840286255,0.18990090489387512,0.4733757972717285,0.3064730763435364,0.1008250042796135,-379.52581787109375,126.75171661376953,189.88232421875,54.726783752441406,-36.45791244506836,25.730337142944336,29.166404724121094,18.86336898803711,-0.3402051329612732,10.404642105102539,-2.1879420280456543,6.1547136306762695,-7.592188358306885,7.572672367095947,-9.344953536987305,6.83596134185791,-10.029394149780273,7.669121265411377,-10.974421501159668,7.610339641571045,0.3191758096218109,7.183017253875732,-2.8624157905578613,7.765933036804199,-8.4258394241333,6.35413122177124
Q2_CxFXrYgdSSI_0.wav,Angry,135.99917763157896,0.007579453755170107,0.005885384511202574,0.05620026815759955,857.4214590913496,1618.468396180945,0.31907919049263,0.12382695078849792,0.2365197390317917,0.36326903104782104,0.1025879830121994,0.08609551191329956,0.16392187774181366,0.44178953766822815,0.3593618869781494,0.1211792454123497,0.13718320429325104,0.12196429073810577,-539.2716064453125,113.94900512695312,152.00869750976562,59.89358139038086,-16.961780548095703,26.380233764648438,14.993313789367676,14.018524169921875,14.135978698730469,13.255260467529297,-4.81313419342041,7.752564907073975,-5.5784502029418945,7.909992218017578,-9.185905456542969,8.55478286743164,-10.441934585571289,8.19867992401123,-9.194364547729492,10.225969314575195,-3.6303651332855225,6.930973529815674,-4.422444820404053,7.114058494567871,-8.359587669372559,7.101236343383789
Q2_CxFXrYgdSSI_1.wav,Angry,151.99908088235293,0.010829995386302471,0.005188018083572388,0.055885774381868134,816.2258916539599,1484.0636268028845,0.1813342422246933,0.22656944394111633,0.1960490196943283,0.31540438532829285,0.13819542527198792,0.1951967030763626,0.34532278776168823,0.2867867946624756,0.30480194091796875,0.18634448945522308,0.3371469974517822,0.17353300750255585,-465.9156188964844,90.00477600097656,187.7940673828125,47.70079803466797,-29.635074615478516,18.523244857788086,16.794727325439453,10.905131340026855,10.547704696655273,11.958564758300781,-6.8509955406188965,6.916190147399902,-2.6703929901123047,6.933938026428223,-6.177077770233154,7.765161991119385,-6.110024929046631,7.809384346008301,-4.726271629333496,7.788644313812256,-1.1233831644058228,9.58948040008545,-5.137925624847412,8.664335250854492,-9.937602996826172,8.454934120178223
Q2_CxFXrYgdSSI_2.wav,Angry,151.99908088235293,0.012792801484465599,0.005697420332580805,0.06859375,894.1557143881021,1506.6805889423076,0.10277150571346283,0.13899341225624084,0.4025319218635559,0.1580253541469574,0.27389031648635864,0.4888087511062622,0.17117425799369812,0.17700707912445068,0.12332460284233093,0.28027305006980896,0.18595358729362488,0.07389659434556961,-463.55389404296875,105.87407684326172,188.25213623046875,52.576053619384766,-35.54364013671875,20.944652557373047,17.07465171813965,11.717585563659668,2.561182975769043,12.917683601379395,-3.750554084777832,8.970394134521484,-1.0343692302703857,7.633621692657471,-6.979437351226807,8.42586898803711,-6.544114112854004,9.804119110107422,-3.5060572624206543,10.175145149230957,4.773563861846924,10.617405891418457,0.28297874331474304,12.104560852050781,-10.929566383361816,8.981456756591797
Q2_D-gDPh9ZpFk_0.wav,Angry,129.19921875,0.015620171092450619,0.009173430502414703,0.056113178333577284,870.0003588980596,1615.103699731045,0.12621259689331055,0.2191440910100937,0.3493320643901825,0.16101650893688202,0.2116813361644745,0.16276754438877106,0.43995150923728943,0.2433595210313797,0.20852209627628326,0.4013114273548126,0.18724098801612854,0.31334173679351807,-443.9789123535156,122.22319030761719,168.5591583251953,55.720436096191406,-28.998727798461914,27.5673885345459,22.50221824645996,13.12166690826416,5.676571369171143,12.377396583557129,-4.1470723152160645,7.892342567443848,-5.1484479904174805,8.41845417022705,-8.005192756652832,9.201608657836914,-8.114201545715332,8.357059478759766,-7.267642021179199,8.26110553741455,-3.107938289642334,7.949574947357178,-3.1018521785736084,8.471010208129883,-5.390496730804443,7.640536785125732
Q2_D-gDPh9ZpFk_1.wav,Angry,129.19921875,0.022503551095724106,0.01343690138310194,0.06857851585356933,970.8274031898452,1742.2553708080384,0.10565614700317383,0.22328273952007294,0.49896228313446045,0.21504710614681244,0.34477776288986206,0.1453016698360443,0.2879961133003235,0.20858938992023468,0.1603270024061203,0.294462114572525,0.14659996330738068,0.28054994344711304,-399.4473876953125,142.6049041748047,165.47293090820312,58.34656524658203,-32.41242599487305,28.990968704223633,22.488969802856445,14.690376281738281,-2.911456823348999,11.07112979888916,-1.3487759828567505,8.401764869689941,-5.92465877532959,8.903286933898926,-7.64233922958374,7.57939338684082,-9.918205261230469,8.255096435546875,-6.96107292175293,8.111090660095215,-1.5309871435165405,8.646413803100586,-0.5243193507194519,11.201471328735352,-4.935093402862549,10.496987342834473
Q2_D-gDPh9ZpFk_2.wav,Angry,89.10290948275862,0.02571912296116352,0.011606002226471901,0.056392840485074626,926.2518110353951,1747.862494169776,0.18892623484134674,0.3106021285057068,0.4028673470020294,0.2373078167438507,0.31029126048088074,0.21299180388450623,0.4151260256767273,0.17871229350566864,0.18714815378189087,0.4402162730693817,0.22543807327747345,0.33026131987571716,-364.3389892578125,123.07383728027344,181.7511749267578,55.6667366027832,-41.137874603271484,16.642337799072266,29.519187927246094,12.250903129577637,-3.433842658996582,9.839776992797852,1.0687001943588257,7.39196252822876,-6.804476737976074,7.9430952072143555,-5.894042491912842,9.472840309143066,-8.842653274536133,10.348346710205078,-6.025424003601074,7.253891468048096,-1.806258201599121,7.039305210113525,-2.646165370941162,9.581591606140137,-7.250217914581299,6.7274065017700195
Q2_D5kyjnlDNZs_0.wav,Angry,89.10290948275862,0.01953260600566864,0.01277859602123499,0.052135890420693574,811.4906343065713,1533.937739837976,0.20477671921253204,0.1857490837574005,0.21218059957027435,0.4407958388328552,0.4696895182132721,0.20704440772533417,0.30462411046028137,0.28538209199905396,0.32557040452957153,0.2567485272884369,0.16427433490753174,0.2904338240623474,-418.30401611328125,133.97386169433594,180.26754760742188,60.59700012207031,-27.955392837524414,28.819503784179688,22.60964584350586,16.593164443969727,5.486182689666748,13.412406921386719,-1.1440727710723877,7.4590654373168945,-3.295023202896118,7.943448543548584,-8.251076698303223,6.209041595458984,-8.363177299499512,7.866698741912842,-5.002645969390869,7.024489879608154,-2.455416202545166,6.37871789932251,-4.086363792419434,8.220885276794434,-5.49253511428833,7.565521717071533
Q2_D5kyjnlDNZs_1.wav,Angry,135.99917763157896,0.02355337142944336,0.010287879966199398,0.06798539438207214,974.0283715222989,1729.3111366800742,0.32390522956848145,0.15807746350765228,0.3918260931968689,0.44477784633636475,0.1555536389350891,0.2620428800582886,0.14136342704296112,0.31767815351486206,0.32525983452796936,0.14556917548179626,0.23597413301467896,0.15274298191070557,-383.78472900390625,116.69476318359375,177.00282287597656,54.53752517700195,-45.56241226196289,16.24846649169922,24.840070724487305,13.186944007873535,-4.402471542358398,12.676509857177734,-0.877018392086029,7.205702781677246,-6.5493998527526855,8.537473678588867,-8.399883270263672,9.68110466003418,-9.727855682373047,9.37572193145752,-9.821246147155762,11.01540470123291,-3.1368274688720703,7.973541259765625,-2.733988046646118,9.29041576385498,-6.773891925811768,8.787738800048828
Q2_D5kyjnlDNZs_2.wav,Angry,67.99958881578948,0.032376762479543686,0.013333561830222607,0.06973547173355728,980.590834777932,1712.2018341970916,0.3336966335773468,0.1866147369146347,0.46428540349006653,0.45323771238327026,0.1616881787776947,0.2857752740383148,0.18492038547992706,0.38403165340423584,0.3008638024330139,0.20524266362190247,0.3441532850265503,0.19919511675834656,-332.2222595214844,124.30079650878906,182.02261352539062,55.812984466552734,-44.50649642944336,17.495540618896484,21.02349090576172,11.68980884552002,-10.701815605163574,9.52818775177002,1.8643486499786377,6.584110260009766,-3.7316622734069824,7.045657634735107,-3.349909782409668,7.797051429748535,-6.718404769897461,7.566096305847168,-4.758047103881836,8.261246681213379,-1.3107738494873047,6.617358684539795,0.27824175357818604,8.477128028869629,-6.4688897132873535,7.371012210845947
Q2_Dg935IbDggo_0.wav,Angry,75.99954044117646,0.013113684020936489,0.007061713375151157,0.044805760645604396,728.9657704497365,1384.6890775240386,0.5979198217391968,0.2799209952354431,0.3578186333179474,0.348680704832077,0.20333214104175568,0.18254713714122772,0.2235582172870636,0.49931609630584717,0.29993030428886414,0.201589435338974,0.24627795815467834,0.2806988060474396,-457.0177001953125,102.8956298828125,196.4024658203125,53.921043395996094,-31.720014572143555,19.607656478881836,17.43707847595215,13.482758522033691,13.415091514587402,12.373007774353027,-4.582434177398682,8.148194313049316,-1.665470838546753,6.686873435974121,-8.36847972869873,7.092374324798584,-4.694494247436523,6.759783744812012,-4.316276550292969,7.084003448486328,-3.714294672012329,6.899924278259277,-2.0807242393493652,6.819630146026611,-5.5581440925598145,7.562771797180176
Q2_Dg935IbDggo_1.wav,Angry,151.99908088235293,0.020857106894254684,0.011552464216947556,0.05119614334644601,801.4836681966912,1521.9172576556566,0.43309885263442993,0.2354452908039093,0.4340352714061737,0.4996335804462433,0.21464680135250092,0.2407589852809906,0.1783197522163391,0.43170464038848877,0.2838156521320343,0.17782101035118103,0.30309006571769714,0.20856991410255432,-413.49261474609375,125.56289672851562,189.7032928466797,57.32008743286133,-34.1178092956543,29.098812103271484,26.719669342041016,15.260505676269531,7.266342639923096,10.263808250427246,-3.987140417098999,8.282463073730469,-5.848440170288086,7.660614490509033,-8.951340675354004,7.849713325500488,-6.800060272216797,7.664867401123047,-8.36743450164795,6.623825550079346,-3.6813137531280518,6.184451103210449,-3.9846718311309814,7.287757396697998,-9.518872261047363,6.40592622756958
Q2_Dg935IbDggo_2.wav,Angry,75.99954044117646,0.018865471705794334,0.01035112701356411,0.07268419310944906,996.4913053110306,1906.3837132747703,0.15904584527015686,0.2451256513595581,0.1747865229845047,0.2905542850494385,0.3043038249015808,0.23802658915519714,0.3232491910457611,0.16854572296142578,0.31066861748695374,0.23324653506278992,0.20207400619983673,0.2853066325187683,-430.21697998046875,144.0779266357422,175.24940490722656,71.41803741455078,-32.26063919067383,25.631895065307617,24.555612564086914,13.44824504852295,3.770913600921631,10.855989456176758,-1.5586061477661133,7.6685404777526855,-3.6704978942871094,6.909304141998291,-8.09032154083252,8.734939575195312,-6.332645416259766,8.802995681762695,-4.3805341720581055,7.284809112548828,0.5757381319999695,8.146251678466797,-2.295557737350464,10.270615577697754,-9.198333740234375,8.310173988342285
Q2_Dg935IbDggo_3.wav,Angry,73.828125,0.019268661737442017,0.01008500624448061,0.04936296078159645,805.6596800415234,1518.3494415621535,0.24821776151657104,0.22610151767730713,0.4940933585166931,0.3023994266986847,0.14130531251430511,0.2225213199853897,0.1974235624074936,0.4971459209918976,0.2286563217639923,0.35266390442848206,0.3817528486251831,0.1874598115682602,-406.69036865234375,102.00890350341797,189.75,48.64665603637695,-33.950138092041016,22.61895179748535,22.3698787689209,12.502008438110352,9.626862525939941,11.269895553588867,-6.127283573150635,7.562775611877441,-1.9509798288345337,7.357226371765137,-5.899188995361328,6.394654750823975,-7.3518967628479,7.422495365142822,-9.445080757141113,7.356823444366455,-6.98969030380249,6.514387130737305,-8.65723991394043,8.425156593322754,-9.027090072631836,8.14594554901123
Q2_DhnX54kOW8U_0.wav,Angry,63.02400914634146,0.023005222901701927,0.012793091125786304,0.05594323988707833,856.6407467014163,1594.158799447899,0.33123719692230225,0.19174426794052124,0.3673175275325775,0.18743766844272614,0.37434449791908264,0.4112928509712219,0.1559620350599289,0.16790565848350525,0.14746390283107758,0.38271597027778625,0.37108129262924194,0.17460954189300537,-402.3128662109375,136.1705322265625,180.70436096191406,59.975311279296875,-29.79814338684082,32.0550422668457,27.833650588989258,14.729199409484863,2.1864168643951416,10.10359001159668,-2.8068408966064453,7.542169094085693,-6.373826503753662,7.786259174346924,-9.108540534973145,7.244411945343018,-9.21674919128418,7.65454626083374,-7.513691425323486,8.070903778076172,-2.537458896636963,7.8083014488220215,-1.620161771774292,7.734804153442383,-6.921871662139893,6.828186511993408
Q2_dtS02mrDMsM_0.wav,Angry,107.666015625,0.020452318713068962,0.013497666455805302,0.0467326230948724,843.3071579906622,1625.4515447778829,0.13037614524364471,0.19177033007144928,0.49220970273017883,0.21575036644935608,0.07559102028608322,0.11033686250448227,0.24199117720127106,0.5408762693405151,0.20703057944774628,0.19447822868824005,0.32637274265289307,0.16137449443340302,-417.9241638183594,143.87646484375,162.3218231201172,63.364662170410156,-30.96578598022461,21.754671096801758,32.13839340209961,15.518141746520996,3.16471791267395,9.443327903747559,-0.6838841438293457,8.864869117736816,-4.500417232513428,8.483129501342773,-4.713203430175781,8.131892204284668,-2.8710074424743652,7.564128875732422,-8.037371635437012,6.334485054016113,-5.964794635772705,6.88844633102417,-10.0996675491333,8.128254890441895,-10.191136360168457,7.68116569519043
Q2_dtS02mrDMsM_1.wav,Angry,112.34714673913044,0.032151203602552414,0.017501728609204292,0.06033902194330601,968.0050234297125,1776.0244700947746,0.16366200149059296,0.24245378375053406,0.5952759981155396,0.2924024760723114,0.1262863725423813,0.11181842535734177,0.1558084785938263,0.27645227313041687,0.1752263903617859,0.36894524097442627,0.4120524823665619,0.15080437064170837,-359.52838134765625,160.7842559814453,155.93309020996094,63.02804946899414,-34.11287307739258,24.123001098632812,27.392213821411133,14.841593742370605,-3.9912168979644775,11.326608657836914,2.5771303176879883,7.600767135620117,-6.870225429534912,8.193441390991211,-3.816603899002075,10.504012107849121,-9.027909278869629,11.589974403381348,-7.910724639892578,10.671154975891113,-5.110695838928223,8.440253257751465,-5.141805648803711,9.19814395904541,-6.614388465881348,7.306171894073486
Q2_dtS02mrDMsM_2.wav,Angry,135.99917763157896,0.03128442168235779,0.018899789080023766,0.052866453308003346,909.4986176027945,1741.859591771821,0.3599604070186615,0.34630411863327026,0.1840985119342804,0.2006274312734604,0.2168554663658142,0.3659431040287018,0.2899075150489807,0.28283578157424927,0.2926839590072632,0.38329964876174927,0.5443763732910156,0.24176859855651855,-348.81463623046875,135.67898559570312,170.3135986328125,49.145023345947266,-31.633853912353516,26.749187469482422,29.397790908813477,15.252249717712402,-0.312371164560318,9.784624099731445,6.796491622924805,7.574217319488525,-8.119901657104492,8.341407775878906,-3.506016492843628,7.634068965911865,-5.843461513519287,6.06254768371582,-4.487661838531494,7.087271213531494,-4.338634490966797,6.857251167297363,-4.338052749633789,7.255074977874756,-7.245166778564453,5.865765571594238
Q2_dtS02mrDMsM_3.wav,Angry,172.265625,0.03766528517007828,0.015383700840175152,0.07093580102987977,1114.4317899948253,2075.1215868657177,0.2813343405723572,0.4398004412651062,0.20503568649291992,0.30295711755752563,0.19856195151805878,0.22654150426387787,0.2574968636035919,0.18715302646160126,0.3312360942363739,0.2462707757949829,0.3256186246871948,0.14480219781398773,-306.0302734375,131.2239990234375,162.39222717285156,51.854698181152344,-40.94784164428711,15.246350288391113,29.74018096923828,13.440132141113281,-6.874584197998047,7.869422912597656,4.760946750640869,7.606861114501953,-8.637922286987305,7.610239028930664,-2.9828641414642334,7.847626686096191,-10.631446838378906,9.303815841674805,-3.4300811290740967,9.086067199707031,-5.111772060394287,9.212267875671387,0.6586043238639832,10.622641563415527,-7.438952445983887,7.958757400512695
Q2_dtS02mrDMsM_4.wav,Angry,151.99908088235293,0.02835090458393097,0.015331108123064041,0.05838917252872716,946.0672410421165,1782.2246778552224,0.4337817132472992,0.48825880885124207,0.186964750289917,0.23113581538200378,0.37569066882133484,0.17715045809745789,0.1603270322084427,0.27717751264572144,0.4911232888698578,0.351944237947464,0.2117122858762741,0.23112623393535614,-352.1736755371094,132.5889129638672,176.55715942382812,51.686317443847656,-30.823410034179688,22.699556350708008,26.486391067504883,18.42832374572754,-1.9734512567520142,10.716167449951172,5.177911758422852,6.706011772155762,-3.651440382003784,7.128795623779297,-3.4002208709716797,6.390177249908447,-9.078569412231445,7.431623458862305,-0.29782551527023315,7.113189697265625,-2.9828336238861084,8.482426643371582,-0.8728998899459839,9.590465545654297,-5.4251017570495605,7.514443874359131
Q2_DYBBfpEx-JI_0.wav,Angry,184.5703125,0.019908541813492775,0.00987251941114664,0.04793210598737148,836.7766730420152,1604.4450291790065,0.08055003732442856,0.08635963499546051,0.10490964353084564,0.10218749195337296,0.25084778666496277,0.28648242354393005,0.0996568500995636,0.07142432779073715,0.17527809739112854,0.5428709983825684,0.44877734780311584,0.13718615472316742,-435.5293273925781,116.64470672607422,170.8695831298828,55.28020477294922,-33.37847900390625,19.415023803710938,28.43195343017578,12.762279510498047,9.596070289611816,13.376260757446289,-4.013758659362793,9.639687538146973,-6.457376956939697,8.817091941833496,-5.4395036697387695,8.139824867248535,-8.698596000671387,13.321282386779785,-8.107158660888672,10.636954307556152,-2.299555778503418,6.692031383514404,-7.27944803237915,8.957380294799805,-9.055147171020508,9.916215896606445
Q2_DYBBfpEx-JI_1.wav,Angry,54.978390957446805,0.017919056117534637,0.008750618435442448,0.0472810952970297,782.79347397225,1488.3341874226485,0.5080186724662781,0.27367866039276123,0.33616650104522705,0.18104034662246704,0.24298880994319916,0.3853127062320709,0.2271893471479416,0.3308313190937042,0.24374333024024963,0.4039789140224457,0.3521061837673187,0.26075202226638794,-415.20269775390625,108.1068344116211,192.4334716796875,58.53546142578125,-34.957916259765625,14.577322006225586,22.85032081604004,11.97579574584961,9.314456939697266,12.779478073120117,-5.69546365737915,6.72993278503418,0.4782206416130066,7.101207256317139,-5.713401794433594,7.685749530792236,-4.374802589416504,7.072055816650391,-0.8303328156471252,6.515719413757324,-0.24046018719673157,5.7354207038879395,-1.6403135061264038,6.120444297790527,-9.144357681274414,6.819525718688965
Q2_DYBBfpEx-JI_2.wav,Angry,64.599609375,0.024346813559532166,0.011606398038566113,0.049975984302156176,884.3479706264202,1716.494943045236,0.17866213619709015,0.3048897385597229,0.3252221345901489,0.26355448365211487,0.27146226167678833,0.22939345240592957,0.4180113673210144,0.2598722577095032,0.3130182921886444,0.35481202602386475,0.33522194623947144,0.27362576127052307,-377.5265808105469,127.79058837890625,179.56935119628906,62.86850357055664,-41.13589859008789,16.62315559387207,30.530269622802734,12.325922012329102,2.41845440864563,9.925704002380371,0.30089041590690613,6.597686290740967,-5.06635856628418,8.10090160369873,-8.700984954833984,8.0311861038208,-4.08908224105835,7.393187046051025,-4.755333423614502,7.051084041595459,-0.25063762068748474,6.714020729064941,-2.307563066482544,7.726850986480713,-5.944587707519531,7.471160411834717
Q2_DYBBfpEx-JI_3.wav,Angry,143.5546875,0.01963748037815094,0.010909633710980415,0.04538525927197802,785.7068989785912,1507.3289513221155,0.15864042937755585,0.2557551860809326,0.5633901953697205,0.2558049261569977,0.3007066249847412,0.31005510687828064,0.1951066106557846,0.18077866733074188,0.22775664925575256,0.3991594612598419,0.3254225254058838,0.16084247827529907,-419.2970886230469,113.0794677734375,180.5803680419922,60.637882232666016,-29.423921585083008,16.85034942626953,22.347171783447266,13.779596328735352,10.078666687011719,11.487257957458496,-4.475022315979004,7.432562828063965,-4.333267688751221,10.105762481689453,-8.922436714172363,8.28071403503418,-6.9987030029296875,7.9261088371276855,-7.700870513916016,8.329376220703125,-1.749776840209961,6.81093168258667,-3.292896032333374,7.434726238250732,-10.949055671691895,6.33548641204834
Q2_eGQUZ9FlUJ4_0.wav,Angry,112.34714673913044,0.019777532666921616,0.00857051182538271,0.055074261675824174,884.4528200603834,1656.8119741586538,0.18297378718852997,0.30486801266670227,0.5367441773414612,0.2931612432003021,0.32243919372558594,0.2644319534301758,0.3445448875427246,0.22156083583831787,0.1827687919139862,0.36774367094039917,0.20456452667713165,0.24969492852687836,-404.56011962890625,115.31295013427734,181.7102813720703,60.156246185302734,-38.040103912353516,18.171293258666992,24.550067901611328,13.408662796020508,3.0020413398742676,13.53664779663086,-4.762917995452881,7.245773792266846,-3.1819615364074707,9.972610473632812,-5.409914016723633,9.713590621948242,-9.86717414855957,9.983352661132812,-9.716289520263672,8.348101615905762,-2.3383147716522217,9.170137405395508,-2.476555585861206,9.36570930480957,-5.634130001068115,9.105199813842773
Q2_eGQUZ9FlUJ4_1.wav,Angry,112.34714673913044,0.022712040692567825,0.0116862952709198,0.060888989628524945,938.9009025064175,1710.4591617873848,0.3802525997161865,0.2143886685371399,0.15695711970329285,0.3005825877189636,0.2469964623451233,0.27317702770233154,0.1877705603837967,0.3240951597690582,0.4987640678882599,0.22298070788383484,0.2557317316532135,0.22618524730205536,-388.2546691894531,132.24034118652344,178.97064208984375,57.63699722290039,-37.00146484375,24.370248794555664,26.871309280395508,15.406554222106934,-2.811868906021118,11.09257698059082,-1.2058634757995605,6.781071186065674,-6.320441722869873,7.964061260223389,-8.107183456420898,8.136009216308594,-10.709521293640137,7.78592586517334,-2.949963092803955,8.363120079040527,-1.5287609100341797,7.62563943862915,-2.1075234413146973,8.333989143371582,-6.179791450500488,8.407508850097656
Q2_epX33OVpkmA_0.wav,Angry,129.19921875,0.03527625650167465,0.017110256478190422,0.04813508756868132,865.9082075879891,1716.1016376201924,0.1934758424758911,0.18140944838523865,0.2998271882534027,0.5279296040534973,0.7441073656082153,0.3577842712402344,0.1814359724521637,0.18718309700489044,0.3302189111709595,0.23091018199920654,0.26844725012779236,0.32668033242225647,-329.3372497558594,111.92952728271484,186.9239044189453,51.59437561035156,-38.553955078125,14.967595100402832,31.99401092529297,15.084434509277344,5.035187721252441,10.84168815612793,2.8423116207122803,7.2688727378845215,0.8019091486930847,9.207001686096191,-4.018403053283691,7.046905517578125,-7.983337879180908,6.120720863342285,-3.5402917861938477,5.260326385498047,-2.2987422943115234,5.495995998382568,-10.256905555725098,6.529483318328857,-5.339028358459473,5.854917049407959
Q2_epX33OVpkmA_1.wav,Angry,129.19921875,0.03639177978038788,0.018535520881414413,0.05522193046911019,951.5021943151402,1809.5882431600103,0.2824304699897766,0.2228062003850937,0.3919517993927002,0.5274211764335632,0.650443971157074,0.25033092498779297,0.14037439227104187,0.1619744449853897,0.23519788682460785,0.14113987982273102,0.19504982233047485,0.33516883850097656,-317.4696350097656,124.82112121582031,168.55902099609375,51.40079116821289,-32.42237091064453,21.234264373779297,27.802656173706055,16.310932159423828,-2.4030187129974365,8.780479431152344,2.3102798461914062,7.661045074462891,-2.564789295196533,9.129960060119629,-4.806420803070068,8.289738655090332,-8.975227355957031,7.716230869293213,-3.964703321456909,6.5889787673950195,-5.644639492034912,6.226978778839111,-7.033476829528809,8.517516136169434,-5.251638889312744,7.289358615875244
Q2_epX33OVpkmA_2.wav,Angry,129.19921875,0.03465890884399414,0.01591423712670803,0.04882363585130835,850.8472680733549,1653.838325727104,0.24993503093719482,0.31181544065475464,0.40159493684768677,0.492063969373703,0.8019964098930359,0.31319230794906616,0.1392672061920166,0.17022956907749176,0.276800274848938,0.17729608714580536,0.18647833168506622,0.2709617614746094,-335.41357421875,122.45474243164062,187.53143310546875,58.347747802734375,-39.92442321777344,16.374624252319336,30.440942764282227,14.579401016235352,0.8376490473747253,11.033599853515625,0.8893133997917175,7.277435779571533,-0.5831207036972046,7.515591144561768,-6.756509304046631,7.339003086090088,-6.619386672973633,5.830935001373291,-5.51061487197876,5.7440996170043945,-2.6642656326293945,5.44211483001709,-8.215188026428223,6.080541610717773,-6.98050594329834,5.656238079071045
Q2_EtAbPc20mn8_0.wav,Angry,129.19921875,0.007872659713029861,0.004269378259778023,0.07036439974240781,976.0066653533153,1591.4601886608596,0.154594287276268,0.12431026250123978,0.26370781660079956,0.17942191660404205,0.08724856376647949,0.09679125249385834,0.36513838171958923,0.24179600179195404,0.11782946437597275,0.2947970926761627,0.23984117805957794,0.3779315650463104,-515.4964599609375,85.98675537109375,162.18109130859375,50.993125915527344,-29.10294532775879,23.429779052734375,3.166750431060791,16.565336227416992,1.4247708320617676,19.728139877319336,-8.547120094299316,11.490306854248047,-4.210953235626221,9.39842700958252,-8.233521461486816,10.105911254882812,-10.81081485748291,9.097208023071289,-6.21656608581543,10.168838500976562,-0.47266024351119995,8.785368919372559,-0.8227794766426086,12.130024909973145,-2.4103572368621826,13.062777519226074
Q2_ezoAduuCkUs_0.wav,Angry,107.666015625,0.010255493223667145,0.007475595921278,0.0568999081882481,873.3962436931959,1533.4792111202735,0.11130213737487793,0.2241780161857605,0.5519805550575256,0.2573544979095459,0.1281266212463379,0.13771475851535797,0.2275506854057312,0.2648760676383972,0.16029572486877441,0.4153161346912384,0.31298771500587463,0.08496452122926712,-511.00823974609375,130.0352783203125,163.19187927246094,62.68272018432617,-23.545799255371094,26.16106414794922,18.35342788696289,12.425533294677734,3.2312893867492676,13.41242504119873,-8.63781452178955,8.893377304077148,-9.864639282226562,10.260773658752441,-9.313468933105469,9.4535551071167,-7.279214859008789,9.400578498840332,-8.028914451599121,10.294919967651367,-4.423220157623291,10.455450057983398,-10.094742774963379,11.244900703430176,-9.991263389587402,7.927031517028809
Q2_f2BXXa7lPuE_0.wav,Angry,89.10290948275862,0.01568295806646347,0.009094176813960075,0.043362936768508435,725.8954825964469,1380.1646174979587,0.12161462008953094,0.22978556156158447,0.6161589622497559,0.21000537276268005,0.19689320027828217,0.32391786575317383,0.16693225502967834,0.1930747926235199,0.12899410724639893,0.21845418214797974,0.15217971801757812,0.09725964069366455,-451.5121154785156,111.69442749023438,183.5392303466797,61.900840759277344,-17.977697372436523,27.1136417388916,17.665555953979492,12.034097671508789,12.572271347045898,9.643813133239746,-3.7892050743103027,7.062494277954102,-5.039449214935303,6.292527675628662,-10.507060050964355,6.8902716636657715,-6.698910713195801,6.480583667755127,-10.160130500793457,8.080275535583496,-2.1160483360290527,5.440703392028809,-1.5947819948196411,6.349945068359375,-11.237037658691406,7.539819717407227
Q2_f2BXXa7lPuE_1.wav,Angry,89.10290948275862,0.023622795939445496,0.012841098010540009,0.05032116489103276,809.8345596409897,1540.43704831951,0.2945224940776825,0.23600919544696808,0.43980517983436584,0.20778286457061768,0.2618896961212158,0.28207942843437195,0.1768115907907486,0.24287712574005127,0.23087061941623688,0.49969184398651123,0.3162462115287781,0.171587735414505,-403.04840087890625,128.44772338867188,190.5355682373047,62.7935905456543,-32.74651336669922,26.784271240234375,25.204490661621094,14.728311538696289,6.157105445861816,9.005105972290039,-3.1957104206085205,7.1823248863220215,-3.855787515640259,7.605656623840332,-9.528010368347168,7.451302528381348,-5.382495880126953,6.558171272277832,-7.6527180671691895,6.833881378173828,-1.29315984249115,6.057304859161377,-4.138942241668701,6.494502544403076,-7.680454730987549,7.710719585418701
Q2_f2BXXa7lPuE_2.wav,Angry,89.10290948275862,0.02484370954334736,0.012325943447649479,0.051095825989696315,819.3857449582122,1552.0021120017625,0.2180253267288208,0.26637139916419983,0.587783694267273,0.25283345580101013,0.25564444065093994,0.36200276017189026,0.20681719481945038,0.23126636445522308,0.22241826355457306,0.4574989378452301,0.37697774171829224,0.19825232028961182,-388.37738037109375,120.50105285644531,189.5626983642578,61.455841064453125,-31.99102020263672,24.564626693725586,25.44401741027832,14.395453453063965,5.626194000244141,10.856064796447754,-2.5711655616760254,7.271325588226318,-2.3608598709106445,7.647697448730469,-8.958934783935547,6.520584583282471,-7.806017875671387,6.381127834320068,-8.062256813049316,6.763402938842773,0.06833938509225845,6.104504108428955,-2.221726179122925,7.3808465003967285,-8.174057960510254,8.13540267944336
Q2_f2BXXa7lPuE_3.wav,Angry,89.10290948275862,0.027951955795288086,0.014515065588057041,0.04607559169501134,791.2803683230179,1518.804931640625,0.17222121357917786,0.23683439195156097,0.5771541595458984,0.25017115473747253,0.2642596662044525,0.3158155083656311,0.21295608580112457,0.232275128364563,0.23718968033790588,0.48109889030456543,0.31898003816604614,0.15635377168655396,-379.6845703125,124.20743560791016,191.50241088867188,59.94413757324219,-32.37104797363281,25.992666244506836,25.3662052154541,15.997045516967773,6.011495113372803,9.913961410522461,-1.622414231300354,6.7827839851379395,-3.40733003616333,7.193837642669678,-9.312708854675293,7.2094268798828125,-6.578474521636963,6.739144325256348,-8.674995422363281,7.055263519287109,0.4192601144313812,5.5234785079956055,-2.884086847305298,5.9002180099487305,-8.805588722229004,7.335620403289795
Q2_FUAK5TBaNY8_1.wav,Angry,78.30255681818181,0.01966417394578457,0.010974002070724964,0.05514559466513015,896.7469018660639,1718.3998223757796,0.4125071167945862,0.2516816258430481,0.17496760189533234,0.23531852662563324,0.21508300304412842,0.4525866210460663,0.21130067110061646,0.3993125855922699,0.4784705340862274,0.15692411363124847,0.09266676008701324,0.15145742893218994,-412.57720947265625,120.0163803100586,168.8773193359375,50.751670837402344,-34.155860900878906,26.603206634521484,31.857385635375977,15.613944053649902,8.690206527709961,12.271370887756348,-0.10586212575435638,8.15110969543457,-8.379142761230469,9.165093421936035,-10.08278751373291,8.487566947937012,-5.197275638580322,9.002106666564941,-6.193910121917725,9.013440132141113,-5.497049808502197,8.016846656799316,-6.152664661407471,8.787543296813965,-11.15585994720459,8.894721984863281
Q2_fuCxYrru2S4_1.wav,Angry,71.77734375,0.011829384602606297,0.007313958369195461,0.04739706677306425,789.016917388545,1498.3254446818369,0.16816455125808716,0.30406829714775085,0.5007529854774475,0.2657511532306671,0.3345821499824524,0.34760576486587524,0.15302176773548126,0.10130293667316437,0.1984850913286209,0.3396703898906708,0.22395706176757812,0.145626962184906,-482.1694030761719,114.87549591064453,176.7075958251953,62.95694351196289,-23.848121643066406,24.12006950378418,15.946402549743652,14.65831184387207,11.666353225708008,12.316878318786621,-5.071498870849609,7.772839546203613,-2.0811052322387695,6.92530632019043,-6.060583114624023,6.575620174407959,-4.094120502471924,7.566150188446045,-6.044926643371582,7.229521751403809,-4.102052688598633,6.188992977142334,-4.401153087615967,6.470346450805664,-9.607098579406738,7.775567531585693
Q2_fuCxYrru2S4_2.wav,Angry,143.5546875,0.018606480211019516,0.007979926653206348,0.05229984705463666,810.3637416169399,1486.7544045934449,0.10591243207454681,0.17104774713516235,0.3348866105079651,0.16371116042137146,0.28131377696990967,0.35692501068115234,0.12542565166950226,0.09298288077116013,0.20026086270809174,0.6619603633880615,0.2790036201477051,0.09100306779146194,-426.06243896484375,95.70237731933594,191.00868225097656,51.62297058105469,-33.926551818847656,14.346698760986328,24.32402992248535,11.738848686218262,8.88453483581543,12.99618911743164,-7.418821811676025,7.63471794128418,-5.134476661682129,6.819763660430908,-9.60701847076416,8.261853218078613,-10.719533920288086,9.77119255065918,-10.42645263671875,8.861408233642578,-1.0034794807434082,6.879059314727783,-3.248169422149658,8.696663856506348,-8.730706214904785,8.842072486877441
Q2_gvWDOIiocuE_1.wav,Angry,184.5703125,0.011300863698124886,0.008408492431044579,0.08275559736157562,1115.7530968099707,2088.068545542433,0.14586639404296875,0.13557589054107666,0.46256735920906067,0.280632883310318,0.059941649436950684,0.050169505178928375,0.10230889171361923,0.15701355040073395,0.12666139006614685,0.2298535704612732,0.23557597398757935,0.09699994325637817,-512.909912109375,122.52567291259766,135.55409240722656,64.90509033203125,-23.715438842773438,18.711009979248047,16.821815490722656,14.294096946716309,5.487766265869141,13.47957706451416,-9.176592826843262,9.09677791595459,-6.336538314819336,10.21832275390625,-8.842716217041016,10.883255004882812,-16.329750061035156,11.71676254272461,-16.252023696899414,10.21743392944336,-4.610574722290039,10.178855895996094,-0.4766916036605835,13.637913703918457,0.16119885444641113,11.154425621032715
Q2_GwdQliEv6Z0_0.wav,Angry,107.666015625,0.018076162785291672,0.009937758557498455,0.06608518073361823,936.0243783844422,1655.8358373397436,0.20128580927848816,0.31050390005111694,0.17330363392829895,0.307569682598114,0.1585729867219925,0.3784785568714142,0.1772627830505371,0.20623287558555603,0.3071672320365906,0.18748071789741516,0.3153952658176422,0.11257346719503403,-431.3885192871094,141.5391387939453,169.37193298339844,64.6099853515625,-35.87298583984375,25.13361930847168,23.058910369873047,14.744138717651367,-1.346303939819336,9.683951377868652,-3.1657707691192627,9.3051176071167,-7.902580738067627,9.629799842834473,-12.54638385772705,8.71725082397461,-12.381933212280273,9.278719902038574,-9.769432067871094,9.504058837890625,-1.9490971565246582,10.835159301757812,-0.9482836723327637,8.768189430236816,-3.6233901977539062,8.625205039978027
Q2_GwdQliEv6Z0_1.wav,Angry,103.359375,0.018225455656647682,0.012264631688594818,0.0667077892260467,921.9698734433027,1653.5575534986413,0.41522306203842163,0.3305654525756836,0.22150370478630066,0.2070218324661255,0.21027825772762299,0.45194244384765625,0.19304247200489044,0.23976078629493713,0.3268451690673828,0.4158557057380676,0.47555214166641235,0.28791335225105286,-429.6026611328125,151.72332763671875,173.0071563720703,62.524017333984375,-32.17267608642578,30.61069679260254,17.622608184814453,16.40869140625,-1.9617750644683838,13.318689346313477,1.9474676847457886,8.1693696975708,-0.9846822619438171,9.309061050415039,-3.6579248905181885,7.63914155960083,-7.20797872543335,7.481241703033447,-2.017575740814209,7.429301738739014,-2.8051528930664062,9.712861061096191,-0.0842452272772789,8.73078727722168,-4.327727317810059,8.656375885009766
Q2_Ie5koh4qvJc_10.wav,Angry,107.666015625,0.007846311666071415,0.004186432342976332,0.049969124949159435,754.0729006058315,1361.7181939313314,0.17048826813697815,0.2289857417345047,0.5709205865859985,0.22811077535152435,0.08580692112445831,0.13046739995479584,0.24690984189510345,0.3958742320537567,0.1855122596025467,0.37497782707214355,0.5498135685920715,0.19023224711418152,-512.0618896484375,121.84385681152344,183.9661102294922,66.4993667602539,-31.156347274780273,22.866287231445312,18.732322692871094,10.553485870361328,5.0544328689575195,10.796628952026367,-6.1936564445495605,6.315899848937988,2.214874267578125,6.325223445892334,-1.4277420043945312,6.73050594329834,-3.9583523273468018,9.395488739013672,-9.001913070678711,6.976485729217529,-8.994053840637207,6.414825439453125,-9.33436393737793,8.586209297180176,-6.035510063171387,7.091526508331299
Q2_Ie5koh4qvJc_11.wav,Angry,103.359375,0.018710419535636902,0.011928987689316273,0.058602488221936005,894.0027713144717,1681.9603644844767,0.2767803370952606,0.24754218757152557,0.31028610467910767,0.22244904935359955,0.16910789906978607,0.1690700501203537,0.19511349499225616,0.3628470003604889,0.33798596262931824,0.3414980173110962,0.4290269613265991,0.19459594786167145,-396.1953430175781,100.77752685546875,176.16055297851562,50.62033462524414,-29.85883903503418,15.307209014892578,18.18805503845215,13.00915813446045,7.186001777648926,9.872296333312988,-7.342790603637695,6.912424564361572,-4.673919677734375,8.852761268615723,-6.5230512619018555,8.213531494140625,-8.99355411529541,9.318181037902832,-7.2745137214660645,7.996023654937744,-8.756366729736328,8.110323905944824,-8.566341400146484,8.657294273376465,-5.724787712097168,6.934098720550537
Q2_Ie5koh4qvJc_13.wav,Angry,99.38401442307692,0.01830093376338482,0.007622498087584972,0.06455669981060606,976.1808854248583,1755.4096365715077,0.47780245542526245,0.14516009390354156,0.10694976896047592,0.1293412744998932,0.44735386967658997,0.3009631633758545,0.1281745731830597,0.2750566601753235,0.20680885016918182,0.42608293890953064,0.1395825296640396,0.16362915933132172,-415.69268798828125,96.04573822021484,163.79818725585938,44.379520416259766,-40.10704040527344,17.522798538208008,25.437978744506836,12.06158447265625,-0.03825338929891586,11.997182846069336,-13.103915214538574,8.951295852661133,-14.8994722366333,8.454373359680176,-17.088884353637695,9.3548002243042,-10.934409141540527,8.991201400756836,-9.441344261169434,8.189043045043945,-12.271644592285156,10.270164489746094,-9.87140941619873,10.546781539916992,-7.11374044418335,10.02963924407959
Q2_Ie5koh4qvJc_26.wav,Angry,161.4990234375,0.009094549342989922,0.004753671120852232,0.059865028894387204,916.7203367452714,1716.1869471088667,0.09553689509630203,0.2730443775653839,0.19495786726474762,0.1255248785018921,0.2845156490802765,0.14344893395900726,0.2911805212497711,0.14525668323040009,0.2730746269226074,0.4144188463687897,0.1510889232158661,0.13367700576782227,-509.8639221191406,118.27448272705078,166.75637817382812,67.69905090332031,-29.217952728271484,14.837798118591309,22.869001388549805,12.702855110168457,12.663570404052734,12.614853858947754,-7.266745567321777,6.66632080078125,-5.1612229347229,8.150583267211914,-8.707008361816406,7.653740882873535,-8.584124565124512,8.472465515136719,-4.486887454986572,10.31480598449707,-0.7490200996398926,10.99776840209961,-2.5014877319335938,11.798860549926758,-6.790420055389404,9.219331741333008
Q2_Ie5koh4qvJc_30.wav,Angry,99.38401442307692,0.006702489219605923,0.00484911072999239,0.050636894863266814,786.61580837789,1456.718008375485,0.10876243561506271,0.2789632976055145,0.41691604256629944,0.18579021096229553,0.2546994090080261,0.145029678940773,0.34340620040893555,0.2308928370475769,0.1734454184770584,0.22383739054203033,0.19425339996814728,0.24092243611812592,-543.36376953125,107.07470703125,164.1144256591797,56.100460052490234,-23.691322326660156,20.715505599975586,15.668424606323242,14.119239807128906,16.864656448364258,14.163763999938965,-6.957008361816406,7.75183629989624,-7.501556873321533,8.753918647766113,-8.326796531677246,7.909502983093262,-8.350648880004883,7.469791412353516,-8.30529499053955,9.14714527130127,-5.62504243850708,8.293697357177734,-6.161022186279297,8.101031303405762,-10.07162857055664,9.469056129455566
Q2_Ie5koh4qvJc_7.wav,Angry,151.99908088235293,0.00939966831356287,0.004798176698386669,0.05349548745842572,817.9047310412008,1490.068213215424,0.11926287412643433,0.11645720154047012,0.16694578528404236,0.3823305666446686,0.12491505593061447,0.1367526799440384,0.17604070901870728,0.2730928063392639,0.42635083198547363,0.2316005378961563,0.4429979920387268,0.12142195552587509,-496.26141357421875,83.69833374023438,184.697021484375,44.683685302734375,-28.542890548706055,18.08896255493164,18.671493530273438,12.546710968017578,15.053434371948242,14.385846138000488,-8.434828758239746,8.620826721191406,-7.835207939147949,10.370134353637695,-12.301560401916504,9.519439697265625,-13.287845611572266,9.371277809143066,-8.450364112854004,9.186066627502441,0.2891569137573242,8.801844596862793,-4.695882797241211,9.191143989562988,-8.63387680053711,7.96886682510376
Q2_Ie5koh4qvJc_9.wav,Angry,73.828125,0.010699525475502014,0.005093220621347427,0.05056007344060813,803.6370825985366,1471.505916819853,0.08038831502199173,0.2578139007091522,0.6133564114570618,0.16935962438583374,0.0955946072936058,0.12085006386041641,0.4216108024120331,0.2166132628917694,0.08240661770105362,0.13293690979480743,0.09697355329990387,0.1944924145936966,-493.20068359375,107.30958557128906,179.3255615234375,54.9281005859375,-31.097326278686523,22.597078323364258,24.62949562072754,11.471653938293457,12.714489936828613,13.135416984558105,-7.257372856140137,7.2560882568359375,-3.874316692352295,6.842630863189697,-10.951690673828125,7.424555778503418,-10.524920463562012,7.667950630187988,-10.584217071533203,9.032179832458496,-5.386359214782715,9.444168090820312,-2.048818588256836,8.803472518920898,-8.615781784057617,7.808562278747559
Q2_ijfxkQPAQdE_1.wav,Angry,129.19921875,0.019743429496884346,0.00582045316696167,0.060453405048965264,885.5588573307074,1539.8667295333287,0.24356447160243988,0.15688180923461914,0.3547021746635437,0.23402898013591766,0.567191481590271,0.270119309425354,0.15337520837783813,0.3194577395915985,0.18890364468097687,0.3615531325340271,0.12379808723926544,0.20713743567466736,-393.5115051269531,83.73736572265625,198.61802673339844,42.61540603637695,-47.717010498046875,12.774474143981934,25.57680320739746,10.945380210876465,-4.996523380279541,10.487095832824707,-7.783132553100586,9.233128547668457,-3.5664989948272705,10.19271183013916,-9.756351470947266,10.256540298461914,-7.670444488525391,10.45373249053955,-5.2799835205078125,8.259387016296387,-1.3927078247070312,11.167900085449219,-4.795211315155029,9.156952857971191,-7.673504829406738,7.8266191482543945
Q2_ijfxkQPAQdE_2.wav,Angry,95.703125,0.014274549670517445,0.007974985055625439,0.07716807074086161,1045.4242059612159,1754.0846065192559,0.2720737159252167,0.1084543913602829,0.30570289492607117,0.19521087408065796,0.5792266130447388,0.18986853957176208,0.13996368646621704,0.27022790908813477,0.1130720004439354,0.24489836394786835,0.11081576347351074,0.27916836738586426,-468.4615478515625,137.94496154785156,158.10989379882812,55.523494720458984,-41.64016342163086,29.383697509765625,20.892608642578125,15.464625358581543,-15.107784271240234,13.403677940368652,-13.750006675720215,9.873164176940918,-16.761371612548828,8.495874404907227,-24.226442337036133,12.756114959716797,-18.973478317260742,10.304314613342285,-5.624508380889893,8.036246299743652,3.2329654693603516,13.141573905944824,-2.058871269226074,8.55358600616455,-8.730382919311523,7.8904314041137695
Q2_Iq6g_4AwUWs_0.wav,Angry,80.74951171875,0.020244702696800232,0.010873227380216122,0.06487097088530369,928.2589682546483,1660.1936125186414,0.21526750922203064,0.2139434814453125,0.534900963306427,0.3321400582790375,0.13089904189109802,0.0790664553642273,0.17994414269924164,0.4186178743839264,0.21762089431285858,0.3132876455783844,0.2729290723800659,0.13125716149806976,-399.09857177734375,116.0042724609375,175.61065673828125,55.5526123046875,-35.767784118652344,21.07438087463379,18.71442413330078,14.8485689163208,0.6962713599205017,13.216739654541016,-2.9589102268218994,7.3461737632751465,-1.458583950996399,8.868000984191895,-5.027691841125488,8.03616714477539,-7.5151567459106445,8.167984962463379,-8.041854858398438,9.138713836669922,-3.256906270980835,7.8580241203308105,-4.0811848640441895,11.093923568725586,-6.032026290893555,8.403414726257324
Q2_Iq6g_4AwUWs_1.wav,Angry,80.74951171875,0.020191198214888573,0.013802388682961464,0.06318960230286422,941.0934446403601,1754.3164545946781,0.5108619928359985,0.22702106833457947,0.13124828040599823,0.15719856321811676,0.2876204252243042,0.48949918150901794,0.22474227845668793,0.35456663370132446,0.4531090259552002,0.22335383296012878,0.18814173340797424,0.2270539551973343,-418.5955505371094,141.91627502441406,163.332275390625,62.410396575927734,-29.60647964477539,30.79572105407715,23.080411911010742,15.722790718078613,1.514201283454895,11.932886123657227,-1.5543943643569946,8.600493431091309,-5.621341705322266,8.707915306091309,-7.061278820037842,9.385549545288086,-8.086281776428223,9.814702987670898,-0.7176149487495422,9.921159744262695,-0.803165078163147,8.360136032104492,-2.250359058380127,9.607394218444824,-5.893126010894775,10.919168472290039
Q2_ItGNJM6skM4_1.wav,Angry,61.5234375,0.019835026934742928,0.010048840194940567,0.0503643825715859,801.6367158183926,1487.8921629783865,0.21649035811424255,0.16519829630851746,0.20783425867557526,0.23173758387565613,0.18988218903541565,0.44871366024017334,0.25937262177467346,0.48783889412879944,0.5212790369987488,0.2973983585834503,0.4750560224056244,0.19329124689102173,-410.3055114746094,119.44647216796875,190.5961456298828,53.936439514160156,-36.79861068725586,26.80471420288086,26.24298858642578,14.17808723449707,5.023647308349609,12.164216995239258,-5.422463417053223,6.8765411376953125,-2.3467395305633545,7.349686622619629,-6.615072250366211,7.272345542907715,-6.332855224609375,6.944807529449463,-4.204784870147705,6.799805164337158,-3.86775279045105,6.793461322784424,-5.957679748535156,8.138375282287598,-9.321654319763184,6.8628740310668945
Q2_ItGNJM6skM4_2.wav,Angry,129.19921875,0.019182750955224037,0.010383360087871552,0.0653392889044635,921.4821235641082,1710.1851732561015,0.233363538980484,0.14502406120300293,0.16873297095298767,0.22425679862499237,0.2629338800907135,0.4260592758655548,0.22547097504138947,0.4234358072280884,0.460211843252182,0.2298530787229538,0.3208464980125427,0.15973059833049774,-423.8559875488281,136.54039001464844,186.2873992919922,63.185970306396484,-39.08436584472656,27.331018447875977,21.72321891784668,11.664652824401855,1.2261085510253906,10.993648529052734,0.9437625408172607,7.993491172790527,-0.15817241370677948,6.910201072692871,-3.9571051597595215,7.700557231903076,-1.0237728357315063,5.38157320022583,-1.418283462524414,7.126709461212158,0.5052649974822998,8.731535911560059,-7.228852272033691,9.344368934631348,-11.51925277709961,7.412716388702393
Q2_ivCNV47tsRw_0.wav,Angry,184.5703125,0.013868859969079494,0.01260195579379797,0.0703213680689323,863.0139381587029,1683.9154459187534,0.7478330731391907,0.33787813782691956,0.19393393397331238,0.35518550872802734,0.3505096137523651,0.47819793224334717,0.2841779887676239,0.3985241949558258,0.36555230617523193,0.28394198417663574,0.1282532662153244,0.3459610342979431,-489.0300598144531,161.56654357910156,161.2843017578125,81.04582214355469,-13.265402793884277,39.60201644897461,17.863651275634766,14.536825180053711,7.801395893096924,9.811628341674805,-2.4138381481170654,8.171812057495117,0.14033067226409912,6.7737202644348145,-2.1886842250823975,4.8725152015686035,-6.3606648445129395,6.208907127380371,-8.078462600708008,6.683139801025391,-4.484020233154297,4.815971851348877,-1.01042902469635,4.577671527862549,-2.5079567432403564,4.273340225219727
Q2_ivCNV47tsRw_1.wav,Angry,123.046875,0.01880536414682865,0.012115743942558765,0.056933867296918766,887.5604403704689,1590.5738740808824,0.32755565643310547,0.19558461010456085,0.13944602012634277,0.27938196063041687,0.16858717799186707,0.3050954043865204,0.1466163843870163,0.31376752257347107,0.36308977007865906,0.1922336220741272,0.37469810247421265,0.1623915731906891,-430.88482666015625,151.83917236328125,154.380126953125,76.91326904296875,-31.96082305908203,21.903324127197266,20.98969841003418,14.66529369354248,1.9233920574188232,11.989873886108398,-3.7757370471954346,7.803765773773193,-5.598934650421143,7.829588890075684,-9.826083183288574,8.424276351928711,-7.915531635284424,9.027236938476562,-5.493778228759766,7.581995487213135,-1.6671743392944336,6.636829376220703,-2.0783655643463135,8.922279357910156,-5.602461814880371,9.341885566711426
Q2_ivCNV47tsRw_2.wav,Angry,92.28515625,0.02578418329358101,0.015649957582354546,0.06231305315777972,934.0682037992517,1732.6887650923295,0.4284133315086365,0.2549801170825958,0.15700262784957886,0.3882816433906555,0.2526107430458069,0.398865669965744,0.19351592659950256,0.3056904673576355,0.4064185619354248,0.17559406161308289,0.143537700176239,0.16434769332408905,-381.1494140625,141.53468322753906,166.56417846679688,56.631935119628906,-30.553497314453125,28.32242774963379,26.190378189086914,14.462244987487793,-0.8575016856193542,12.732430458068848,-1.6482608318328857,8.190023422241211,-4.7502312660217285,9.19194507598877,-5.342345714569092,7.400537014007568,-10.386897087097168,9.876399040222168,-4.25002384185791,8.552430152893066,-2.221667766571045,7.213746070861816,2.1819024085998535,9.044922828674316,-4.679419994354248,7.597889423370361
Q2_ivCNV47tsRw_3.wav,Angry,123.046875,0.021030506119132042,0.011278499849140644,0.06011234705463666,911.6889493528702,1694.9865510820566,0.2757200300693512,0.18866267800331116,0.1615128219127655,0.4234004020690918,0.2075364887714386,0.3706285059452057,0.15608957409858704,0.3123679459095001,0.38438916206359863,0.17190158367156982,0.3390139043331146,0.13871315121650696,-408.4757385253906,130.6685333251953,172.18899536132812,56.46593475341797,-31.165876388549805,28.963146209716797,27.94339370727539,15.051071166992188,2.090890645980835,10.024843215942383,-8.042198181152344,9.350841522216797,-12.491329193115234,9.828046798706055,-12.1754150390625,9.458925247192383,-13.958839416503906,9.793493270874023,-12.15296459197998,9.788835525512695,-6.656145095825195,9.116098403930664,-2.685006618499756,8.84292984008789,-3.8998873233795166,6.994472980499268
Q2_iwxwLEvqeD8_1.wav,Angry,143.5546875,0.009046136401593685,0.005526939872652292,0.04923213706649372,792.9698504177553,1453.320685844484,0.05970345810055733,0.19482076168060303,0.38179633021354675,0.141709104180336,0.12864170968532562,0.09583953022956848,0.24428172409534454,0.2023417204618454,0.1621144413948059,0.4127956032752991,0.24271781742572784,0.11901973932981491,-526.86767578125,123.44286346435547,163.97625732421875,69.42276000976562,-24.62739372253418,21.157638549804688,18.166601181030273,12.745871543884277,12.93659782409668,11.368810653686523,-7.244454860687256,8.123108863830566,-5.059760093688965,7.875877857208252,-7.34631872177124,7.051745414733887,-6.414792060852051,7.647077560424805,-9.597370147705078,6.600532054901123,-6.630435943603516,6.940731048583984,-7.373333930969238,8.263860702514648,-9.746553421020508,8.197988510131836
Q2_jIKX3ShvLxo_0.wav,Angry,107.666015625,0.018743595108389854,0.012203278951346874,0.06383884490198946,898.7745913255881,1571.9553278370026,0.11784911900758743,0.1837233453989029,0.40034162998199463,0.20250503718852997,0.2798265814781189,0.1445339322090149,0.23734314739704132,0.1879776418209076,0.24837711453437805,0.5411785244941711,0.21174682676792145,0.15772739052772522,-438.05279541015625,148.0736846923828,171.67355346679688,70.39518737792969,-31.54348373413086,25.49260139465332,19.23889923095703,13.217665672302246,1.4917407035827637,13.235371589660645,-2.1062633991241455,7.229813575744629,-3.508460521697998,7.673328399658203,-7.327963352203369,6.948349475860596,-7.420171737670898,7.870987415313721,-6.664083003997803,8.70125675201416,-0.9905346035957336,8.009638786315918,-4.308598518371582,7.8360915184021,-8.491947174072266,7.5777268409729
Q2_jIKX3ShvLxo_1.wav,Angry,135.99917763157896,0.0263716671615839,0.013864348642528057,0.05416528502506996,834.1028730084631,1548.4522349798858,0.41677987575531006,0.2266869693994522,0.29466283321380615,0.20741984248161316,0.33540263772010803,0.3468395173549652,0.24127863347530365,0.21584153175354004,0.22495949268341064,0.5928077697753906,0.22099809348583221,0.2032431662082672,-376.4990539550781,125.7003402709961,190.5718231201172,56.43380355834961,-34.39406204223633,27.123291015625,25.622323989868164,13.374410629272461,2.73598575592041,12.667065620422363,-1.0070302486419678,8.053627014160156,-1.6811058521270752,7.847899436950684,-4.177699565887451,7.75091552734375,-7.253296852111816,9.24032211303711,-5.378149032592773,7.354798316955566,-4.244986057281494,6.668789386749268,-4.50571346282959,6.389884948730469,-4.966501712799072,6.911317825317383
Q2_jIKX3ShvLxo_2.wav,Angry,143.5546875,0.02855297178030014,0.014868706464767456,0.0541357421875,883.6650368066815,1647.325927734375,0.34116625785827637,0.2246844470500946,0.31387031078338623,0.222930908203125,0.36337363719940186,0.2501693367958069,0.24082361161708832,0.30350831151008606,0.270013689994812,0.5949476361274719,0.25110000371932983,0.19844472408294678,-369.24755859375,134.43264770507812,177.3179168701172,66.04429626464844,-34.71219253540039,23.54969024658203,24.597265243530273,13.287873268127441,3.0746984481811523,10.49389362335205,-2.0803844928741455,7.707162857055664,-2.9762561321258545,7.581554412841797,-7.365976333618164,7.658675193786621,-6.755993366241455,7.83537483215332,-5.740048885345459,7.638683795928955,-2.156252145767212,7.262906074523926,-3.6584932804107666,7.599297046661377,-6.156258583068848,5.953847885131836
Q2_JMt4m608s3k_0.wav,Angry,112.34714673913044,0.024590808898210526,0.01565062254667282,0.047967885883437325,844.3822448357237,1631.460753044349,0.2778138220310211,0.2564099431037903,0.4041043221950531,0.2202090322971344,0.3218121826648712,0.19223105907440186,0.16469137370586395,0.3232356905937195,0.24411343038082123,0.42229756712913513,0.20108923316001892,0.16227351129055023,-401.6385192871094,126.09833526611328,160.7421112060547,54.29829025268555,-20.776397705078125,28.098766326904297,26.829994201660156,16.299287796020508,6.707623481750488,11.870731353759766,1.796717643737793,7.153316974639893,-8.725930213928223,8.782809257507324,-6.529097557067871,8.800896644592285,-4.480814456939697,6.655813694000244,-6.509395599365234,8.966668128967285,-0.3788098096847534,7.598835468292236,-3.92915415763855,7.524041175842285,-9.878556251525879,6.411898136138916
Q2_JMt4m608s3k_1.wav,Angry,107.666015625,0.028257427737116814,0.016496581956744194,0.0486097563138479,882.0963598975904,1696.1674771433386,0.16123414039611816,0.2643956243991852,0.6222252249717712,0.2560465633869171,0.25600138306617737,0.2059204876422882,0.15588770806789398,0.19781334698200226,0.20455685257911682,0.44098228216171265,0.2319975048303604,0.11484931409358978,-381.0653991699219,133.26231384277344,163.305908203125,54.72254943847656,-27.338783264160156,25.69355583190918,27.60865592956543,19.38860321044922,0.772441565990448,10.264509201049805,1.4359221458435059,7.4329633712768555,-10.616338729858398,10.052160263061523,-8.152872085571289,9.207798957824707,-6.235969543457031,8.334174156188965,-8.340173721313477,8.626296997070312,-1.8469668626785278,7.46285343170166,-4.4894700050354,7.104193210601807,-11.108454704284668,7.09771203994751
Q2_JMt4m608s3k_2.wav,Angry,107.666015625,0.028562162071466446,0.016556601971387863,0.05700383478058891,929.5508901775399,1757.7939067860207,0.2600497007369995,0.29597029089927673,0.48127174377441406,0.22052960097789764,0.30066365003585815,0.266231507062912,0.20757637917995453,0.30178102850914,0.2837066352367401,0.5116671919822693,0.226417675614357,0.17452791333198547,-363.5018615722656,133.8499298095703,171.40586853027344,52.75999069213867,-30.652015686035156,26.293161392211914,25.800832748413086,15.649309158325195,0.2185203731060028,11.689162254333496,4.853178977966309,6.733440399169922,-4.575170040130615,7.095678806304932,-3.8997066020965576,7.871768474578857,-5.83691930770874,7.5066351890563965,-3.491447687149048,7.877895832061768,2.0618011951446533,7.94797945022583,1.8521740436553955,9.123785018920898,-6.739081382751465,8.236649513244629
Q2_jO2zX6Ul8GM_0.wav,Angry,135.99917763157896,0.004910606890916824,0.0033626884687691927,0.04813205870050195,784.5124621239836,1411.4095914450293,0.1263202428817749,0.2753921449184418,0.26903659105300903,0.3307470977306366,0.22146452963352203,0.15112558007240295,0.2716206908226013,0.18354538083076477,0.20740512013435364,0.1577332466840744,0.14285480976104736,0.21771113574504852,-582.2938232421875,106.10600280761719,148.37332153320312,64.00447082519531,-15.483111381530762,17.460451126098633,14.606573104858398,12.171095848083496,16.71542739868164,12.150511741638184,-7.862189769744873,7.053950309753418,-6.3809404373168945,7.229804515838623,-7.567563056945801,7.692858695983887,-8.45090103149414,7.992834091186523,-5.041560649871826,8.153579711914062,-4.004968643188477,7.197867393493652,-5.689505577087402,8.2420072555542,-7.619163990020752,8.507195472717285
Q2_jO2zX6Ul8GM_1.wav,Angry,143.5546875,0.005507742054760456,0.0035537753719836473,0.05121862934362934,809.5579270125535,1518.5421505489865,0.13211752474308014,0.3107815086841583,0.18612974882125854,0.12182167172431946,0.1785976141691208,0.20314200222492218,0.44576597213745117,0.2942000925540924,0.15878963470458984,0.17750266194343567,0.17306934297084808,0.20273953676223755,-563.0493774414062,97.42024230957031,162.0424346923828,49.04716873168945,-20.394533157348633,25.519872665405273,21.066452026367188,12.645856857299805,15.41124153137207,11.870485305786133,-6.887137413024902,8.845940589904785,-5.024467468261719,10.164691925048828,-6.326532363891602,9.739448547363281,-8.141313552856445,10.139501571655273,-6.832802772521973,8.963233947753906,-4.273741245269775,8.161377906799316,-5.699731349945068,10.020384788513184,-7.102535247802734,10.910760879516602
Q2_jrVXitpLGMk_0.wav,Angry,184.5703125,0.020841417834162712,0.012401482090353966,0.049975620469413014,857.2203605497856,1542.3347095451732,0.07154583930969238,0.2223581075668335,0.7355700731277466,0.24760115146636963,0.19928012788295746,0.14600272476673126,0.05609671026468277,0.043859608471393585,0.07796403020620346,0.258250892162323,0.15525780618190765,0.053085293620824814,-457.6249084472656,136.73452758789062,155.3465576171875,64.79305267333984,-27.098468780517578,23.210840225219727,22.42682647705078,15.737041473388672,2.500243663787842,12.035811424255371,-3.341362476348877,8.746694564819336,-7.093836784362793,9.682092666625977,-15.168671607971191,9.907463073730469,-13.975900650024414,10.158342361450195,-8.638838768005371,8.140207290649414,1.91843843460083,10.435334205627441,2.2322347164154053,8.794487953186035,-10.2548189163208,9.46566390991211
Q2_jrVXitpLGMk_1.wav,Angry,117.45383522727273,0.026950355619192123,0.01308412104845047,0.06434634587314225,991.5162147851022,1820.6300383160828,0.2185523808002472,0.20299647748470306,0.5191731452941895,0.18840982019901276,0.30704981088638306,0.18045753240585327,0.18592675030231476,0.17140667140483856,0.15174493193626404,0.39432552456855774,0.16051240265369415,0.11847148090600967,-376.1425476074219,134.5780029296875,169.88021850585938,62.205406188964844,-39.55739212036133,18.96771812438965,27.9755859375,13.277704238891602,-5.882715225219727,12.856659889221191,-2.4189062118530273,7.1970438957214355,-4.099081993103027,7.467260360717773,-8.805218696594238,8.26594352722168,-13.108329772949219,10.856064796447754,-6.675118446350098,8.3898344039917,2.8225960731506348,7.42399263381958,3.971397638320923,8.485877990722656,-1.8631561994552612,8.597557067871094
Q2_jrVXitpLGMk_2.wav,Angry,184.5703125,0.030757838860154152,0.01544422097504139,0.057209020288189534,911.5386855422088,1727.4837078434407,0.18195967376232147,0.4514845311641693,0.286598265171051,0.17316368222236633,0.2814648747444153,0.21183684468269348,0.43826931715011597,0.21875432133674622,0.4241386651992798,0.4216311275959015,0.1846054494380951,0.16647496819496155,-358.416015625,140.68060302734375,178.030029296875,61.86111831665039,-40.3993034362793,20.882230758666992,29.689964294433594,15.108524322509766,-1.0229846239089966,10.073023796081543,0.12782518565654755,6.9543023109436035,-7.5094451904296875,8.392536163330078,-7.004049777984619,7.246129989624023,-9.529186248779297,7.915231704711914,-6.979461193084717,6.629004001617432,-3.2841036319732666,8.051533699035645,-5.771376609802246,9.16327953338623,-8.913192749023438,9.209651947021484
Q2_JT1XJnVmABo_6.wav,Angry,112.34714673913044,0.02262991853058338,0.010171276517212391,0.06319204789816871,935.9630375656673,1708.1075958353565,0.3228396475315094,0.23783046007156372,0.17687147855758667,0.36253440380096436,0.20494571328163147,0.3098677694797516,0.17804069817066193,0.39020296931266785,0.4742714762687683,0.22315602004528046,0.32987111806869507,0.1748380810022354,-372.0232238769531,108.39389038085938,188.5230712890625,52.32339859008789,-43.16648483276367,16.329235076904297,25.259729385375977,12.640972137451172,1.7483991384506226,10.776583671569824,-0.09587545692920685,7.745489597320557,-1.6752620935440063,8.281671524047852,-6.763088226318359,7.389205455780029,-7.906007289886475,7.519529819488525,-4.841522693634033,7.859260082244873,-2.6417479515075684,8.267937660217285,-5.183703422546387,8.27474594116211,-7.710125923156738,6.710914134979248
Q2_jTPXwbDtIpA_1.wav,Angry,99.38401442307692,0.018868060782551765,0.008589337579905987,0.06358182720506861,969.9805614641604,1758.3590442915836,0.20158731937408447,0.11471976339817047,0.14256028831005096,0.18546010553836823,0.4996413588523865,0.20458917319774628,0.23846903443336487,0.3824375867843628,0.16814890503883362,0.10662127286195755,0.2327364832162857,0.438627690076828,-399.5113525390625,108.14039611816406,169.8839111328125,46.97772979736328,-36.62901306152344,25.36632537841797,24.116863250732422,12.689432144165039,-3.294586420059204,12.439973831176758,-6.300773620605469,7.745248794555664,-7.143744945526123,8.524840354919434,-8.525921821594238,8.804604530334473,-10.857918739318848,9.436391830444336,-3.7610249519348145,8.076099395751953,-0.25799205899238586,10.472627639770508,-7.209150314331055,8.45799732208252,-8.23169994354248,8.413355827331543
Q2_jTPXwbDtIpA_2.wav,Angry,129.19921875,0.017864825204014778,0.010877784341573715,0.07702785091505525,1101.2843856730342,1835.7709987914366,0.25215595960617065,0.12000545114278793,0.14073587954044342,0.27459993958473206,0.5881522297859192,0.22201551496982574,0.0791952908039093,0.1041821539402008,0.17223574221134186,0.2698041796684265,0.16002127528190613,0.16646617650985718,-450.4930114746094,139.9041748046875,147.10086059570312,62.946685791015625,-40.394535064697266,22.316680908203125,12.11423397064209,15.318827629089355,-11.669788360595703,18.40560531616211,-6.429900169372559,11.872597694396973,-3.529143810272217,11.0903902053833,-6.5178542137146,12.726500511169434,-7.13273811340332,14.21722412109375,-1.6206964254379272,9.84654426574707,1.1042306423187256,12.267890930175781,-1.9180526733398438,9.04824161529541,-6.494328022003174,10.149142265319824
Q2_JYVXM0qNQAg_1.wav,Angry,161.4990234375,0.014947854913771152,0.007737650536000729,0.06537362458993985,899.8582658723652,1606.560615218357,0.13883188366889954,0.0998656153678894,0.3183579742908478,0.17151425778865814,0.3195692300796509,0.14807279407978058,0.2734277546405792,0.2933950424194336,0.15593364834785461,0.16828513145446777,0.1399002969264984,0.3681327700614929,-449.5984191894531,127.54901123046875,179.63760375976562,59.126609802246094,-36.891685485839844,20.45804214477539,23.913463592529297,15.757939338684082,2.1219727993011475,12.23235034942627,-0.009368645958602428,7.952433109283447,-0.7714090943336487,8.916875839233398,-4.425386905670166,8.450199127197266,-7.3397698402404785,8.834881782531738,-2.390110731124878,9.291341781616211,0.6261036992073059,10.13001823425293,-5.297791004180908,10.106501579284668,-7.826459884643555,8.050164222717285
Q2_k-FNDbK6Qhg_0.wav,Angry,123.046875,0.016244905069470406,0.010679982602596283,0.05206756161971831,871.7955229769173,1626.7394778829225,0.2524590790271759,0.16635403037071228,0.13114461302757263,0.24489843845367432,0.18894366919994354,0.42987415194511414,0.2196294665336609,0.2424277365207672,0.36015260219573975,0.16323919594287872,0.22061555087566376,0.17591139674186707,-448.9250793457031,151.68064880371094,153.2641143798828,72.41494750976562,-35.29037857055664,20.060569763183594,21.674991607666016,15.970033645629883,0.6774223446846008,13.28929328918457,-4.248733043670654,9.544510841369629,-9.23739242553711,10.72308349609375,-7.4492926597595215,9.042937278747559,-5.968481063842773,9.721020698547363,-6.1898932456970215,11.242310523986816,-3.056161642074585,8.473122596740723,-3.735278844833374,9.533312797546387,-8.52814769744873,9.729280471801758
Q2_k-FNDbK6Qhg_2.wav,Angry,117.45383522727273,0.01703493669629097,0.010391543619334698,0.0536770402892562,889.103381011329,1688.5175216296489,0.41157403588294983,0.26652172207832336,0.21139593422412872,0.26175159215927124,0.22100171446800232,0.43776580691337585,0.18648763000965118,0.2577817738056183,0.29571112990379333,0.17157836258411407,0.26408636569976807,0.1959514170885086,-421.3000793457031,116.49302673339844,172.5211944580078,57.193851470947266,-32.7066764831543,17.904579162597656,23.179479598999023,14.279864311218262,8.133804321289062,12.055160522460938,-4.1094207763671875,7.947161674499512,-5.69477653503418,8.725136756896973,-6.680462837219238,8.13548755645752,-7.643583297729492,8.12881851196289,-8.365212440490723,7.778973579406738,-5.14430046081543,6.387090682983398,-3.7089004516601562,8.135201454162598,-6.784128665924072,6.8680033683776855
Q2_k4lT-sXg3iI_0.wav,Angry,99.38401442307692,0.01776018925011158,0.008835910819470882,0.053916153318194146,825.5159725704018,1559.4873523505287,0.12078617513179779,0.3185231387615204,0.38290947675704956,0.1729700267314911,0.1764761060476303,0.15020282566547394,0.4506048560142517,0.27795928716659546,0.2772504985332489,0.4751984775066376,0.1842561662197113,0.19778916239738464,-415.7502746582031,116.60872650146484,177.85739135742188,59.14607238769531,-34.3565559387207,21.134714126586914,20.095468521118164,14.07031536102295,6.390659809112549,10.31922435760498,-3.0566139221191406,7.279603004455566,-5.171842098236084,7.278543949127197,-6.730888366699219,6.438612937927246,-3.808499574661255,6.421080589294434,-10.08546257019043,9.225125312805176,-8.78436279296875,8.095005989074707,-10.567468643188477,7.123276710510254,-11.256293296813965,7.334775447845459
Q2_k4lT-sXg3iI_1.wav,Angry,95.703125,0.01802246645092964,0.010422462597489357,0.05500092746159218,857.2808025828921,1596.68701171875,0.1132669448852539,0.2983340322971344,0.4450068771839142,0.18300914764404297,0.1940973997116089,0.14405813813209534,0.43478232622146606,0.339889794588089,0.22689633071422577,0.3125371038913727,0.14379632472991943,0.2370562106370926,-434.1416320800781,141.5684356689453,170.0398406982422,65.32010650634766,-33.308467864990234,28.30499839782715,25.964832305908203,14.357453346252441,3.916498899459839,10.982555389404297,-1.8936423063278198,7.149924278259277,-6.172051906585693,7.831595420837402,-7.070377349853516,6.543463230133057,-6.5599894523620605,7.549252986907959,-11.406795501708984,10.032519340515137,-8.574106216430664,9.156821250915527,-8.780325889587402,8.489629745483398,-10.42332649230957,8.629145622253418
Q2_k4lT-sXg3iI_2.wav,Angry,103.359375,0.02241731621325016,0.011075068265199661,0.053757806144929504,850.4160485480394,1614.0268454065551,0.11493256688117981,0.38869285583496094,0.5697356462478638,0.28975605964660645,0.4463590681552887,0.177272766828537,0.3130674660205841,0.19869664311408997,0.19530074298381805,0.21886445581912994,0.09656532853841782,0.16061292588710785,-396.0302429199219,117.18951416015625,175.96969604492188,55.78361511230469,-36.549503326416016,23.053205490112305,22.33574676513672,14.855260848999023,2.1933398246765137,9.043471336364746,-7.154850482940674,7.847995758056641,-12.006001472473145,8.69032096862793,-10.103194236755371,7.578869342803955,-4.208483695983887,6.766887187957764,-13.813179969787598,7.953334331512451,-8.41532039642334,7.907772064208984,-9.08857250213623,8.135736465454102,-12.702520370483398,7.116224765777588
Q2_Kk60F8a7-Jw_0.wav,Angry,135.99917763157896,0.016163824126124382,0.00980660691857338,0.056582899776301515,857.8249724993775,1612.7890365501287,0.17181600630283356,0.13181065022945404,0.30544254183769226,0.21400094032287598,0.3817553222179413,0.20429305732250214,0.3946554958820343,0.4335915744304657,0.193820983171463,0.234360009431839,0.15805159509181976,0.3735192120075226,-436.38470458984375,117.58939361572266,181.76593017578125,56.60562515258789,-37.2740478515625,19.86324119567871,20.122421264648438,16.780231475830078,8.091273307800293,13.236237525939941,-6.266438961029053,8.530638694763184,-4.119063377380371,8.00204849243164,-7.658450126647949,7.334689617156982,-7.800605297088623,6.892840385437012,-6.433518409729004,7.690153121948242,-3.760622501373291,8.620688438415527,-9.032815933227539,8.090741157531738,-11.014039993286133,7.539159297943115
Q2_kKFwiXKlhC8_0.wav,Angry,129.19921875,0.020050594583153725,0.00943798664957285,0.05838534512362637,974.6935020580581,1798.69921875,0.061807941645383835,0.09441909939050674,0.2952486276626587,0.1168861910700798,0.04164361208677292,0.038519538938999176,0.06676796823740005,0.22270019352436066,0.13177548348903656,0.4450908303260803,0.4812784790992737,0.10606265813112259,-448.2308654785156,97.7471923828125,151.36337280273438,44.351261138916016,-34.10835647583008,13.595781326293945,24.99560546875,14.32370376586914,5.132215976715088,16.476797103881836,-7.425257682800293,9.423036575317383,-7.81305456161499,9.796026229858398,-2.9740512371063232,10.683422088623047,-11.39188003540039,10.64302921295166,-13.428780555725098,10.576199531555176,-11.478549003601074,10.40627670288086,-15.52956771850586,12.827264785766602,-8.580126762390137,10.366304397583008
Q2_kKFwiXKlhC8_1.wav,Angry,135.99917763157896,0.030659416690468788,0.01434143166989088,0.06105986253740479,960.509359357719,1760.4857999948993,0.08774416893720627,0.12653085589408875,0.3846544325351715,0.18106991052627563,0.08002293109893799,0.09375710040330887,0.12558068335056305,0.2735641896724701,0.1631130576133728,0.4231516122817993,0.5350176692008972,0.12634679675102234,-356.68048095703125,111.76962280273438,169.34823608398438,49.884220123291016,-35.4691276550293,14.966814041137695,26.709827423095703,11.807104110717773,-4.032591342926025,13.029350280761719,-3.0802464485168457,7.147188186645508,-1.5026863813400269,8.693410873413086,1.8089066743850708,7.059568881988525,-8.137334823608398,8.228901863098145,-5.274362087249756,7.391413688659668,-4.853445529937744,8.304438591003418,-11.383992195129395,10.78012752532959,-9.3128080368042,7.9160356521606445
Q2_l-4Kce3YxxQ_0.wav,Angry,135.99917763157896,0.03633256256580353,0.014936510473489761,0.04804597717026167,871.8363881857349,1683.7548586401608,0.4322977364063263,0.4780636429786682,0.25165924429893494,0.18170969188213348,0.20288211107254028,0.24003219604492188,0.5792616009712219,0.39735206961631775,0.20748569071292877,0.30416247248649597,0.38951411843299866,0.6207235455513,-323.2704772949219,131.95079040527344,182.92315673828125,61.48353958129883,-42.403228759765625,16.822101593017578,33.510467529296875,12.617849349975586,-4.620368480682373,6.431591033935547,2.9696435928344727,5.589515209197998,-6.701167583465576,6.34260892868042,-3.965439796447754,5.711954116821289,-5.219944000244141,5.68870210647583,-4.329360008239746,5.3360185623168945,0.2525559663772583,4.797021865844727,-4.162102699279785,4.800711154937744,-8.005884170532227,5.83156681060791
Q2_l-4Kce3YxxQ_1.wav,Angry,143.5546875,0.027951549738645554,0.015132098458707333,0.052336294890005824,896.990469809133,1733.0463969624127,0.45663177967071533,0.38510459661483765,0.3171631693840027,0.2513195872306824,0.3117655813694,0.2498294860124588,0.453464150428772,0.41234391927719116,0.246504545211792,0.25794151425361633,0.33409470319747925,0.5279701948165894,-352.26318359375,130.26820373535156,183.85955810546875,55.38400650024414,-38.238609313964844,22.843338012695312,28.67825698852539,14.944355010986328,-0.38627827167510986,10.987329483032227,1.896941065788269,6.609653949737549,-6.778369426727295,7.3122148513793945,-4.753177642822266,6.58143949508667,-5.911573886871338,6.0393147468566895,-4.974583148956299,5.250969886779785,-0.480157732963562,6.051599979400635,-4.602451324462891,7.1456298828125,-9.715590476989746,6.523082256317139
Q2_l-4Kce3YxxQ_2.wav,Angry,135.99917763157896,0.030611686408519745,0.017540570348501205,0.051589915126661126,830.465914522066,1571.119015715843,0.24751874804496765,0.17441436648368835,0.3995895981788635,0.711347758769989,0.2624761760234833,0.2871684730052948,0.19933106005191803,0.3287554383277893,0.26257190108299255,0.15682609379291534,0.19779516756534576,0.21851982176303864,-372.5297546386719,147.32872009277344,184.36004638671875,62.958709716796875,-34.932861328125,31.62148666381836,28.759723663330078,15.006802558898926,1.6680316925048828,9.349299430847168,-0.12198703736066818,6.564732551574707,-6.000412940979004,6.609659671783447,-8.86644172668457,6.352726459503174,-7.054017066955566,5.620579242706299,-9.997173309326172,7.017664909362793,-0.9155190587043762,5.0666704177856445,-1.2263658046722412,6.3983473777771,-10.302640914916992,5.670032501220703
Q2_l-4Kce3YxxQ_3.wav,Angry,129.19921875,0.035452406853437424,0.016064230352640152,0.04800844001004016,857.8206042859032,1649.6970303087348,0.44607049226760864,0.31787407398223877,0.355274498462677,0.32085928320884705,0.27837619185447693,0.2947247624397278,0.30691561102867126,0.4903096556663513,0.5556424260139465,0.3550697863101959,0.3130994737148285,0.3036676347255707,-318.6937255859375,102.19156646728516,184.5640106201172,53.916893005371094,-37.72492599487305,14.01953125,24.67525291442871,11.47092056274414,4.838284015655518,8.601726531982422,-0.5801893472671509,5.511161804199219,0.07736434787511826,6.397989749908447,-6.581862449645996,6.121201992034912,-3.8453781604766846,5.386380195617676,-3.974100112915039,4.9274492263793945,-0.15628106892108917,4.8816070556640625,-2.669015884399414,6.444235324859619,-6.790350437164307,6.3705668449401855
Q2_l-4Kce3YxxQ_4.wav,Angry,129.19921875,0.025824544951319695,0.015065244399011135,0.051547979682944604,843.1944522482555,1589.5521763392858,0.21036647260189056,0.32115471363067627,0.45998498797416687,0.20770807564258575,0.17464037239551544,0.3859257698059082,0.2480747401714325,0.18377503752708435,0.26964837312698364,0.4229426980018616,0.3761429786682129,0.367030531167984,-383.4333190917969,136.0006103515625,175.59359741210938,60.2264518737793,-31.389972686767578,28.880456924438477,24.794132232666016,13.982239723205566,1.3577589988708496,9.548702239990234,1.680542230606079,7.520018100738525,-5.857336521148682,7.261048316955566,-6.527551651000977,6.101224422454834,-4.9212775230407715,6.44602108001709,-8.03903865814209,6.660348892211914,-4.147311210632324,7.0300750732421875,-4.658327102661133,6.633359432220459,-6.608816623687744,5.889703750610352
Q2_L3_TadjSQQ0_0.wav,Angry,103.359375,0.019001685082912445,0.010057995095849037,0.0658414431094089,928.385864664637,1570.7093741526573,0.16064684092998505,0.11764279752969742,0.3099714517593384,0.21271589398384094,0.07609566301107407,0.06850087642669678,0.2611430287361145,0.3267334997653961,0.16726461052894592,0.4920407235622406,0.430210679769516,0.10229123383760452,-426.7581481933594,125.78684997558594,172.68087768554688,54.532447814941406,-40.710487365722656,28.978260040283203,9.917635917663574,13.141514778137207,-10.616945266723633,12.84576416015625,-9.056876182556152,7.810204029083252,-8.959348678588867,8.254538536071777,-2.386963129043579,8.719985008239746,1.276620626449585,11.141732215881348,-10.07774829864502,12.493762969970703,-12.081058502197266,9.985818862915039,-17.47432518005371,10.646721839904785,-14.271465301513672,8.557805061340332
Q2_L3_TadjSQQ0_1.wav,Angry,129.19921875,0.02155325561761856,0.011667594313621521,0.063720703125,957.4753662559366,1645.0076629266093,0.22479963302612305,0.1638868749141693,0.42155784368515015,0.21333201229572296,0.04622036963701248,0.05331689491868019,0.21665841341018677,0.3416847586631775,0.14461465179920197,0.4257510304450989,0.42075279355049133,0.11788568645715714,-428.2904968261719,132.7775421142578,155.76231384277344,54.99101638793945,-39.36798095703125,28.70134735107422,11.56000804901123,12.633742332458496,-13.592854499816895,13.777606010437012,-12.724525451660156,8.072261810302734,-18.125001907348633,9.312572479248047,-7.622232913970947,11.527935981750488,-3.761417865753174,13.957720756530762,-14.565062522888184,9.012327194213867,-14.577902793884277,8.829442977905273,-17.338459014892578,10.708949089050293,-10.279585838317871,10.165159225463867
Q2_lalnGhxT3PQ_0.wav,Angry,117.45383522727273,0.019115718081593513,0.010383321903645992,0.05004768460919204,795.6722347333663,1505.319664126537,0.20762361586093903,0.16809239983558655,0.2768244445323944,0.3820062279701233,0.24427738785743713,0.42269352078437805,0.27431079745292664,0.18976587057113647,0.19286303222179413,0.2712172865867615,0.474121630191803,0.1958540827035904,-422.88861083984375,122.77915954589844,183.921875,59.48033905029297,-28.372844696044922,29.80168914794922,24.542144775390625,12.940112113952637,8.820408821105957,11.370150566101074,-3.5972084999084473,7.314454078674316,-3.2725229263305664,7.492239475250244,-6.194160461425781,7.483121395111084,-4.672131061553955,7.72764253616333,-7.09097146987915,7.490520477294922,-2.553762197494507,7.4590067863464355,-4.992323398590088,8.081244468688965,-8.69687557220459,6.632299900054932
Q2_lalnGhxT3PQ_1.wav,Angry,123.046875,0.02196319028735161,0.009979535825550556,0.05616770183703904,901.6262608773818,1677.9258082590495,0.4258975088596344,0.2680341303348541,0.21261490881443024,0.18020658195018768,0.24251900613307953,0.42377999424934387,0.2241716980934143,0.36155083775520325,0.3632600009441376,0.23316890001296997,0.3118850886821747,0.24303697049617767,-382.4005432128906,106.03239440917969,191.6571502685547,52.08830642700195,-45.31758117675781,14.543883323669434,28.487014770507812,14.208417892456055,1.0670369863510132,10.550942420959473,-3.782576084136963,8.457950592041016,-5.417684555053711,8.073755264282227,-9.734719276428223,7.695027828216553,-8.523533821105957,9.442892074584961,-5.8353471755981445,8.056753158569336,-3.10276198387146,7.836270332336426,-3.433847427368164,8.693839073181152,-7.305811405181885,7.385352611541748
Q2_lFznCt5kvXM_0.wav,Angry,123.046875,0.02672416716814041,0.011500123888254166,0.05964976893210555,928.9927595782442,1712.7597366341397,0.32025161385536194,0.20342440903186798,0.4744025766849518,0.3909977972507477,0.15639516711235046,0.2888321876525879,0.16014568507671356,0.3215201795101166,0.257948637008667,0.2022051066160202,0.40437307953834534,0.22005468606948853,-373.8387145996094,121.54878234863281,188.63829040527344,59.6870231628418,-44.48202896118164,16.316076278686523,27.28757667541504,13.637006759643555,-0.1319379359483719,12.87552547454834,-2.6925528049468994,8.232071876525879,-7.8887200355529785,9.35179615020752,-12.036391258239746,10.601402282714844,-7.607036590576172,7.668161392211914,-8.46510124206543,7.65413236618042,-1.2918083667755127,6.228365898132324,-2.8591156005859375,7.490500450134277,-9.68249225616455,8.34792709350586
Q2_miqLU2739dk_0.wav,Angry,151.99908088235293,0.02579408697783947,0.011585772968828678,0.05852496293339416,924.0903166371753,1753.855818031478,0.3720070719718933,0.21920771896839142,0.48082685470581055,0.32327893376350403,0.13632743060588837,0.19483742117881775,0.22625035047531128,0.6042160391807556,0.32494789361953735,0.14245913922786713,0.15079373121261597,0.1809600293636322,-365.9153137207031,120.65314483642578,181.3778533935547,56.643585205078125,-44.27305603027344,16.12021255493164,30.875350952148438,12.053874969482422,-0.47635650634765625,10.537607192993164,-2.27634859085083,7.270618915557861,-6.208646297454834,8.867894172668457,-8.674690246582031,7.913299560546875,-10.107519149780273,7.66367769241333,-9.18584156036377,7.417386531829834,-2.040900945663452,6.076591968536377,-0.4979979693889618,7.665669918060303,-7.324835300445557,7.672979354858398
Q2_mlHheZbblT0_0.wav,Angry,161.4990234375,0.02203845977783203,0.014559200033545494,0.0655825656089978,914.3488974471103,1626.5680721927579,0.33305108547210693,0.12107029557228088,0.17746172845363617,0.4767110049724579,0.16620582342147827,0.17060786485671997,0.2227914035320282,0.34379473328590393,0.4117390513420105,0.20739059150218964,0.3239535987377167,0.1543452888727188,-418.4734802246094,147.92274475097656,161.9118194580078,66.13446044921875,-29.74015235900879,27.82697868347168,20.82820701599121,15.397501945495605,1.0166864395141602,12.054121971130371,-1.3158972263336182,8.177189826965332,-5.636200428009033,8.337759971618652,-9.308238983154297,7.626104354858398,-9.885331153869629,8.215476036071777,-5.823181629180908,8.391157150268555,1.1572881937026978,7.619209289550781,-0.022650962695479393,8.617071151733398,-4.76273250579834,7.951286315917969
Q2_mlHheZbblT0_1.wav,Angry,112.34714673913044,0.023135138675570488,0.012520228512585163,0.07749987307067426,1063.1983801197496,1972.0460769318643,0.44344648718833923,0.21541890501976013,0.2280750423669815,0.14883370697498322,0.2171461284160614,0.22479252517223358,0.19819536805152893,0.4429250955581665,0.2973792850971222,0.26179325580596924,0.15076695382595062,0.20614756643772125,-386.8001403808594,144.9191131591797,164.7613983154297,65.72028350830078,-38.63939666748047,19.726516723632812,25.404943466186523,15.889327049255371,-3.4258785247802734,12.625223159790039,0.9708988666534424,7.481009483337402,-6.740189075469971,7.348460674285889,-4.057011127471924,7.261457920074463,-8.675270080566406,7.757985591888428,-5.295527935028076,9.145488739013672,-5.097753524780273,8.268138885498047,-1.215052843093872,8.081340789794922,-4.230197429656982,7.869372844696045
Q2_nOIBJHkqrE8_1.wav,Angry,143.5546875,0.02414846606552601,0.013804817572236061,0.06279766509016974,959.1873675733469,1779.6948725634281,0.38198158144950867,0.22240528464317322,0.3544089198112488,0.17202229797840118,0.38520780205726624,0.24490311741828918,0.13078095018863678,0.25632959604263306,0.17373162508010864,0.30043506622314453,0.22061200439929962,0.16902443766593933,-387.838134765625,135.4400634765625,161.80934143066406,54.023681640625,-27.28163719177246,25.76020050048828,27.733074188232422,14.71397876739502,-3.113652467727661,10.836996078491211,-1.0105127096176147,6.735979080200195,-8.890676498413086,8.560832023620605,-9.347577095031738,7.987982273101807,-9.825396537780762,8.134156227111816,-2.214423179626465,8.954184532165527,0.2265959531068802,10.279189109802246,1.2909916639328003,9.244681358337402,-6.628360748291016,6.810871601104736
Q2_o20YCzej5_s_0.wav,Angry,161.4990234375,0.028402628377079964,0.0142145911231637,0.05900088125442009,938.2032041347076,1711.0520768873762,0.18363942205905914,0.29557153582572937,0.2255401462316513,0.18541219830513,0.3654537498950958,0.21370385587215424,0.1560503989458084,0.3149675130844116,0.3962932527065277,0.5675613880157471,0.4768133759498596,0.23106813430786133,-356.55419921875,118.63633728027344,180.4012451171875,56.388389587402344,-43.48652267456055,18.702770233154297,23.704782485961914,12.773712158203125,-3.980478525161743,15.455389976501465,-2.7284793853759766,7.692783355712891,-8.867756843566895,9.209282875061035,-11.276190757751465,7.699831008911133,-8.30418586730957,8.756303787231445,-3.228977918624878,9.15688705444336,-1.7111550569534302,8.931391716003418,-5.281248092651367,10.206883430480957,-7.60841178894043,7.574734687805176
Q2_OCqMDeD6Fmc_0.wav,Angry,123.046875,0.020568596199154854,0.010761009529232979,0.05234455485920329,829.8410286603056,1573.3258526141826,0.5448902249336243,0.28754788637161255,0.3821749985218048,0.27054280042648315,0.15931862592697144,0.16018356382846832,0.2471620887517929,0.6010256409645081,0.3283873498439789,0.20119386911392212,0.28578445315361023,0.301960289478302,-409.223388671875,138.51043701171875,187.0707550048828,62.86668395996094,-39.08157730102539,28.664064407348633,26.505821228027344,15.857697486877441,3.0467638969421387,9.533947944641113,0.9715650081634521,8.599352836608887,-3.455618381500244,7.141115188598633,-6.106881141662598,7.15597677230835,-2.652510404586792,5.800455570220947,-6.666415691375732,6.513911724090576,-5.138137340545654,5.712226390838623,-8.96223258972168,5.848238945007324,-6.905637264251709,5.755306720733643
Q2_OCqMDeD6Fmc_1.wav,Angry,117.45383522727273,0.02209317497909069,0.010536490008234978,0.04814983284386405,800.1859227054554,1519.112468635949,0.39253878593444824,0.21056638658046722,0.33278509974479675,0.3517112135887146,0.1644430011510849,0.15097087621688843,0.18876363337039948,0.5315631031990051,0.3192666172981262,0.1680355817079544,0.2415679544210434,0.18506315350532532,-390.2620544433594,110.38072967529297,193.3181610107422,50.49245071411133,-34.86695861816406,24.437108993530273,26.73624038696289,12.695066452026367,6.394917964935303,10.126310348510742,-3.0667970180511475,8.576719284057617,-5.573027610778809,7.283498287200928,-7.495780944824219,7.515897274017334,-6.347034931182861,7.263017654418945,-8.826910972595215,7.62468147277832,-4.054000377655029,6.386926651000977,-7.405429363250732,7.358419418334961,-9.53121280670166,5.777449607849121
Q2_OCqMDeD6Fmc_2.wav,Angry,123.046875,0.02031083218753338,0.008586305193603039,0.05513974844691265,897.9372528097803,1675.7388379200395,0.38986581563949585,0.13799725472927094,0.2373383343219757,0.39683327078819275,0.15446752309799194,0.1716717928647995,0.1768539547920227,0.54067063331604,0.3907959759235382,0.14914533495903015,0.1744963824748993,0.16974559426307678,-406.36572265625,125.85433959960938,176.19790649414062,61.07344055175781,-41.85260009765625,21.770179748535156,29.95795440673828,13.001394271850586,3.935076951980591,10.996053695678711,-3.162321090698242,7.898556709289551,-6.865599155426025,9.269384384155273,-9.558823585510254,8.20095157623291,-9.083806037902832,7.890685081481934,-10.58895206451416,9.047882080078125,-6.265617847442627,7.486542701721191,-7.407622814178467,7.699045658111572,-7.48319673538208,6.75620698928833
Q2_OCqMDeD6Fmc_3.wav,Angry,117.45383522727273,0.025105856359004974,0.011141167022287846,0.06898273405481557,1023.6699881990501,1846.830686975698,0.38757818937301636,0.14782112836837769,0.26906004548072815,0.28861376643180847,0.12415402382612228,0.18643948435783386,0.1693764626979828,0.4793555438518524,0.34617307782173157,0.13315095007419586,0.21972239017486572,0.16112691164016724,-374.433837890625,129.95968627929688,171.0771942138672,60.51491165161133,-42.60429763793945,17.208974838256836,26.7274169921875,13.979164123535156,-4.631656646728516,10.112794876098633,-2.545867919921875,7.865964889526367,-7.977157115936279,8.362977981567383,-7.133157730102539,10.894429206848145,-9.396562576293945,12.532795906066895,-5.156500816345215,11.133252143859863,-3.2307770252227783,9.389416694641113,-3.3341615200042725,9.734313011169434,-6.8871331214904785,8.368085861206055
Q2_P-We4q3goKU_1.wav,Angry,129.19921875,0.008444743230938911,0.0068099526688456535,0.06619674426389693,960.3080194774064,1906.6672585227273,0.17161501944065094,0.08845275640487671,0.1343914419412613,0.32733553647994995,0.5228932499885559,0.2310929000377655,0.20593641698360443,0.24530267715454102,0.16233211755752563,0.20271702110767365,0.15825995802879333,0.3145529329776764,-539.3847045898438,125.99114990234375,159.58880615234375,76.208740234375,-15.467235565185547,22.116180419921875,10.45427417755127,16.617488861083984,13.144506454467773,12.803814888000488,-2.4702134132385254,6.935577869415283,-3.0750069618225098,9.311829566955566,-3.484158992767334,7.386631965637207,-3.999094009399414,8.609200477600098,-3.558588743209839,8.935281753540039,-2.2056713104248047,7.776344299316406,-7.351947784423828,6.758087635040283,-6.891167640686035,6.165956974029541
Q2_P-We4q3goKU_2.wav,Angry,95.703125,0.017994839698076248,0.009844326414167881,0.057325655458214136,857.2171773644503,1524.0263109164282,0.12843430042266846,0.2132876217365265,0.31189483404159546,0.163474902510643,0.24081522226333618,0.1976693570613861,0.120709128677845,0.1688770353794098,0.2938779592514038,0.6038644909858704,0.1984066367149353,0.08043088018894196,-424.4415588378906,100.6338882446289,181.75997924804688,47.718963623046875,-29.986392974853516,20.698558807373047,19.640483856201172,13.333174705505371,3.134380340576172,12.560721397399902,-3.352571725845337,8.517632484436035,0.19967509806156158,8.922538757324219,-3.6671531200408936,8.183831214904785,-1.940355896949768,7.625557899475098,-2.8864755630493164,7.384214878082275,-0.06371504068374634,8.402353286743164,-3.571528911590576,11.522754669189453,-7.3733110427856445,7.372428894042969
Q2_P-We4q3goKU_3.wav,Angry,99.38401442307692,0.021637452766299248,0.013171483762562275,0.03770942085214447,654.1114674540142,1250.3305432597347,0.07779712229967117,0.15037553012371063,0.3248746693134308,0.20721301436424255,0.36350274085998535,0.2263471782207489,0.09674964845180511,0.12286479026079178,0.24808597564697266,0.4293334186077118,0.22932393848896027,0.0875476822257042,-441.2100524902344,151.74560546875,166.49569702148438,85.54788208007812,-31.101030349731445,19.84984016418457,20.730440139770508,14.4078950881958,5.896567344665527,9.167990684509277,-3.0159714221954346,5.8274455070495605,-2.2611441612243652,6.138988018035889,-7.050149440765381,7.381231307983398,-1.8930968046188354,6.035821914672852,-6.115607261657715,6.050272464752197,-1.3037283420562744,5.198346138000488,-6.086296558380127,6.59297513961792,-9.508098602294922,7.668489933013916
Q2_P-We4q3goKU_4.wav,Angry,99.38401442307692,0.008887458592653275,0.005496847443282604,0.052236173814898416,839.0248447262206,1496.448249903005,0.11283154040575027,0.1739496886730194,0.41565588116645813,0.15582357347011566,0.2108067274093628,0.11436529457569122,0.09398754686117172,0.09027735143899918,0.1377846747636795,0.32972967624664307,0.12344634532928467,0.11083034425973892,-569.949462890625,111.02522277832031,138.48452758789062,61.56614303588867,-20.094072341918945,19.978940963745117,16.722414016723633,12.811534881591797,11.191683769226074,14.607457160949707,-11.097225189208984,9.099900245666504,-14.30385684967041,9.246665954589844,-20.563446044921875,11.18350887298584,-14.291632652282715,11.965895652770996,-10.163516998291016,10.330811500549316,-5.399601459503174,9.735509872436523,-3.3347880840301514,12.370590209960938,-8.469144821166992,12.24122428894043
Q2_P-We4q3goKU_5.wav,Angry,161.4990234375,0.017393989488482475,0.00968876015394926,0.06461197382400352,967.0855509303738,1784.176081202374,0.6530538201332092,0.2970283627510071,0.16719400882720947,0.18046046793460846,0.11992257833480835,0.09989067912101746,0.16346684098243713,0.4133950471878052,0.17690825462341309,0.10663849115371704,0.12247086316347122,0.2860769033432007,-419.2713928222656,139.81399536132812,167.2152557373047,61.0487174987793,-38.70048904418945,31.921661376953125,25.45876693725586,15.5155029296875,-1.0763109922409058,13.923568725585938,-0.7287369966506958,7.315619468688965,-7.5178728103637695,9.956222534179688,-7.422776699066162,7.633411407470703,-10.859136581420898,7.656256675720215,-1.8733490705490112,8.187043190002441,-5.588385105133057,7.177520751953125,0.08226093649864197,9.145001411437988,-4.383275985717773,7.520312786102295
Q2_P-We4q3goKU_6.wav,Angry,112.34714673913044,0.011976093985140324,0.006246400531381369,0.06388227617611299,949.000728447468,1694.549498895202,0.4870716333389282,0.14785699546337128,0.24292434751987457,0.2780407667160034,0.10102485120296478,0.12238773703575134,0.1335899382829666,0.39885756373405457,0.1210419088602066,0.11379777640104294,0.1499457061290741,0.19910015165805817,-475.832763671875,110.61467742919922,160.4014434814453,49.608097076416016,-33.819881439208984,22.960115432739258,22.940353393554688,13.024871826171875,3.6180419921875,14.046609878540039,-8.447049140930176,10.772965431213379,-6.44658088684082,9.832752227783203,-13.70409870147705,10.465510368347168,-16.793853759765625,13.53243637084961,-10.539766311645508,12.039117813110352,-3.2946949005126953,10.134025573730469,4.163191318511963,13.29080581665039,0.7881885170936584,9.01484489440918
Q2_pouxqiySdI8_0.wav,Angry,161.4990234375,0.022883370518684387,0.010663888417184353,0.06401215247082744,978.2738877566491,1769.621171101485,0.2167469710111618,0.30539602041244507,0.3753693997859955,0.18990589678287506,0.3236183822154999,0.23891372978687286,0.18567153811454773,0.16894792020320892,0.25824078917503357,0.3668003976345062,0.1814277321100235,0.21394626796245575,-387.87640380859375,124.3948974609375,163.7506561279297,61.98203659057617,-35.877281188964844,16.241092681884766,28.694530487060547,13.630936622619629,3.642455577850342,11.654870986938477,2.7465083599090576,7.990567684173584,0.8061566352844238,9.220558166503906,-4.476616382598877,8.177433013916016,-7.843537330627441,8.448145866394043,-2.5990164279937744,7.793313026428223,3.7501511573791504,9.546003341674805,2.0420868396759033,9.960824012756348,-5.012129783630371,7.423347473144531
Q2_pouxqiySdI8_1.wav,Angry,80.74951171875,0.02102998085319996,0.010894044302403927,0.06095227965876945,940.5574422489946,1778.7507009978342,0.33132204413414,0.1962764412164688,0.22748008370399475,0.1652543842792511,0.29777804017066956,0.16707488894462585,0.18628975749015808,0.3201219439506531,0.2663491368293762,0.32307690382003784,0.13633891940116882,0.25394871830940247,-400.7577209472656,135.6562042236328,165.53904724121094,56.5078239440918,-36.21291732788086,20.07268524169922,29.12971305847168,14.902363777160645,-0.8285112380981445,13.962037086486816,2.0982046127319336,5.845520973205566,-3.8103411197662354,7.432785987854004,-4.072506427764893,8.191522598266602,-9.562237739562988,9.445103645324707,-2.9105305671691895,9.070694923400879,-2.248867988586426,10.146261215209961,-2.0425305366516113,9.590217590332031,-2.5530240535736084,7.2762370109558105
Q2_PZN7XLKzLDI_0.wav,Angry,135.99917763157896,0.017753707244992256,0.010901661589741707,0.05484110693101933,855.4318184052323,1598.4965828893892,0.2214033603668213,0.2365770936012268,0.33033448457717896,0.3562251925468445,0.24576811492443085,0.22474084794521332,0.25347429513931274,0.2727544605731964,0.26864174008369446,0.40205684304237366,0.25785359740257263,0.2445933073759079,-427.3006286621094,123.84669494628906,168.34593200683594,56.658775329589844,-28.717533111572266,30.091604232788086,19.41358184814453,16.24997329711914,3.39615797996521,11.992203712463379,-1.1605721712112427,8.70883560180664,-7.707911014556885,9.262580871582031,-9.412248611450195,8.923077583312988,-6.938321590423584,8.357900619506836,-6.849049091339111,9.690885543823242,-2.9806652069091797,8.073596000671387,-5.628340244293213,8.602145195007324,-6.891138553619385,7.270880699157715
Q2_Q5b5unyP8BM_0.wav,Angry,129.19921875,0.020133890211582184,0.009738205000758171,0.059205751161317564,965.5179153245161,1820.8226796743031,0.17916704714298248,0.3562495708465576,0.1800670176744461,0.1225602775812149,0.17658725380897522,0.1540069878101349,0.31055477261543274,0.17476680874824524,0.341873437166214,0.4409452974796295,0.20077894628047943,0.2504206895828247,-397.12677001953125,120.85710144042969,175.36550903320312,53.98493957519531,-36.62482452392578,19.025510787963867,26.87262535095215,13.961466789245605,0.5604289770126343,10.939961433410645,-2.1967718601226807,7.664040565490723,-5.323851585388184,8.353524208068848,-5.611979007720947,7.748173236846924,-10.090564727783203,9.985684394836426,-2.1044762134552,8.721064567565918,-2.1671693325042725,7.89561128616333,-6.101343631744385,9.024284362792969,-5.750951766967773,7.584066867828369
Q2_Q5b5unyP8BM_1.wav,Angry,129.19921875,0.028095204383134842,0.01491303276270628,0.06227783732714208,942.5687818673688,1688.4938933068397,0.14246052503585815,0.2562255561351776,0.17545606195926666,0.16534963250160217,0.3160146176815033,0.1473233997821808,0.1883089542388916,0.14296770095825195,0.4451500475406647,0.5250189304351807,0.175626739859581,0.21945339441299438,-364.06622314453125,127.96443176269531,169.88429260253906,56.354278564453125,-33.1563606262207,23.857818603515625,22.16416358947754,13.11668872833252,-3.215073585510254,11.577720642089844,-3.7832798957824707,8.476348876953125,-7.358628273010254,8.470969200134277,-5.41726016998291,10.926446914672852,-8.735795021057129,9.038718223571777,-4.623467445373535,8.608899116516113,-3.860835313796997,9.855101585388184,-9.640841484069824,10.350815773010254,-7.7508931159973145,8.170600891113281
Q2_qlbazHayULg_0.wav,Angry,112.34714673913044,0.01982877030968666,0.011385071091353893,0.052081965598739496,886.1325557160983,1681.8352847175802,0.10548431426286697,0.23160624504089355,0.42668867111206055,0.25355562567710876,0.43532702326774597,0.41370412707328796,0.16043215990066528,0.2015722692012787,0.20811092853546143,0.3492933213710785,0.18183156847953796,0.10257431119680405,-413.882080078125,123.44572448730469,176.0321502685547,52.53458023071289,-36.07765197753906,23.629802703857422,26.626134872436523,13.675317764282227,3.726682662963867,10.031961441040039,-1.832565426826477,7.224658966064453,-9.579174041748047,7.47727632522583,-8.541152000427246,7.555215835571289,-4.6024861335754395,7.1691508293151855,-12.118227005004883,8.588813781738281,-2.053778886795044,6.307837963104248,-3.6160333156585693,7.307091236114502,-12.242103576660156,6.747753143310547
Q2_qlbazHayULg_1.wav,Angry,112.34714673913044,0.026713868603110313,0.011602736078202724,0.05520089285714286,897.910281563683,1689.532977764423,0.15972833335399628,0.22636699676513672,0.5708033442497253,0.21810635924339294,0.2479146122932434,0.27903369069099426,0.1414649486541748,0.2219013273715973,0.19300566613674164,0.3594924509525299,0.2900526225566864,0.13223573565483093,-370.3587951660156,123.60560607910156,185.2024383544922,54.710838317871094,-40.962528228759766,21.137258529663086,30.64290428161621,13.430879592895508,-1.6645605564117432,9.737930297851562,1.8800305128097534,6.112285137176514,-7.3888325691223145,6.999133586883545,-8.453346252441406,7.429393291473389,-6.318789958953857,7.274242401123047,-5.767644882202148,7.598659992218018,0.9186224937438965,6.651832580566406,-1.9348279237747192,8.572848320007324,-9.105326652526855,6.59444522857666
Q2_qlbazHayULg_10.wav,Angry,123.046875,0.018442576751112938,0.008484325371682644,0.053879635989010986,859.5793747750361,1625.5438701923076,0.1901790052652359,0.1360275149345398,0.2682756781578064,0.17751143872737885,0.2828381359577179,0.13363757729530334,0.23997779190540314,0.30184999108314514,0.23598739504814148,0.5282061696052551,0.22051353752613068,0.39976993203163147,-410.7541198730469,100.35274505615234,184.35549926757812,46.276710510253906,-35.54576110839844,18.445995330810547,26.705825805664062,14.135869026184082,6.668816566467285,11.997082710266113,-5.499582767486572,8.28217887878418,-7.072693824768066,8.386984825134277,-5.702404499053955,7.484104633331299,-10.37621784210205,8.519509315490723,-6.131515026092529,7.297198295593262,-3.998872756958008,7.3804731369018555,-8.967817306518555,7.887521743774414,-7.775205135345459,7.557361602783203
Q2_qlbazHayULg_11.wav,Angry,107.666015625,0.022692421451210976,0.013065175153315067,0.056315192431534704,921.0590331981329,1669.874211971258,0.19810205698013306,0.17916403710842133,0.3668215870857239,0.2405054122209549,0.4159678816795349,0.17806315422058105,0.2901632487773895,0.3220231533050537,0.1931692361831665,0.3239814341068268,0.16059742867946625,0.27093368768692017,-406.5126647949219,159.92669677734375,168.2081298828125,73.24899291992188,-37.272037506103516,23.21723747253418,26.87751007080078,15.197636604309082,-2.5749242305755615,11.023858070373535,-0.374699205160141,7.052492141723633,-3.7061283588409424,7.492011547088623,-4.343969345092773,6.600456237792969,-7.0740861892700195,7.866153240203857,-5.017136096954346,6.892885208129883,-1.750085473060608,6.264339447021484,-4.477327346801758,6.892366409301758,-6.198350429534912,7.2309441566467285
Q2_qlbazHayULg_12.wav,Angry,123.046875,0.0231628380715847,0.01334080658853054,0.06419381502784291,950.7506410531801,1754.760413041288,0.3280995190143585,0.1937524527311325,0.27275073528289795,0.1741824597120285,0.36890771985054016,0.16683097183704376,0.3259425461292267,0.2919725179672241,0.16709186136722565,0.2938539981842041,0.17438459396362305,0.3832949101924896,-391.60968017578125,135.4135284423828,172.82208251953125,54.85309600830078,-35.153594970703125,27.927473068237305,23.745582580566406,16.797269821166992,-3.6574931144714355,14.052406311035156,1.8407841920852661,7.496025085449219,-6.5587897300720215,10.540657997131348,-6.74765682220459,9.002955436706543,-8.83525562286377,9.7550048828125,-6.25681209564209,10.041295051574707,-2.156620979309082,8.38663101196289,-3.933748960494995,7.182406902313232,-4.856978893280029,7.9785966873168945
Q2_qlbazHayULg_2.wav,Angry,107.666015625,0.027429228648543358,0.012739063240587711,0.057766796451328636,918.640048379378,1703.9840201752304,0.23455986380577087,0.24173741042613983,0.39534714818000793,0.18689677119255066,0.29616984724998474,0.22618114948272705,0.1634172797203064,0.2780124843120575,0.2574816644191742,0.4652693271636963,0.3309783637523651,0.16884776949882507,-366.0657653808594,123.80722045898438,182.5089111328125,54.35820770263672,-39.47316360473633,22.032958984375,28.182764053344727,13.377617835998535,-1.4833300113677979,12.3800630569458,2.1390738487243652,7.088446140289307,-4.693756580352783,7.933451175689697,-6.980591773986816,8.07162094116211,-7.36571741104126,7.920042037963867,-2.7457220554351807,8.125838279724121,1.6912413835525513,6.900619983673096,-0.12071099132299423,7.91160774230957,-7.180306434631348,6.139086723327637
Q2_qlbazHayULg_4.wav,Angry,117.45383522727273,0.021021390333771706,0.011486921459436417,0.05283447398382273,864.4750206242202,1626.7579718087275,0.228007972240448,0.07843419909477234,0.08901293575763702,0.26404935121536255,0.721943736076355,0.25640973448753357,0.13126005232334137,0.16889525949954987,0.18607501685619354,0.2503604590892792,0.16840581595897675,0.41804301738739014,-401.3070373535156,127.32099914550781,175.53724670410156,54.62398147583008,-31.4777774810791,24.38995361328125,26.960172653198242,17.565404891967773,1.8870344161987305,9.796815872192383,0.056319087743759155,7.136231422424316,-1.845992922782898,8.384145736694336,-3.7963719367980957,7.150797367095947,-8.531702041625977,6.943970680236816,-2.822296619415283,7.14015007019043,-5.049670219421387,8.206074714660645,-10.645917892456055,6.995712757110596,-6.575973987579346,8.023183822631836
Q2_qlbazHayULg_5.wav,Angry,123.046875,0.02098589763045311,0.010354064404964447,0.07422087065689469,968.2554174782163,1656.6421359680376,0.1743713766336441,0.14192546904087067,0.32269904017448425,0.19221673905849457,0.35574576258659363,0.16389599442481995,0.3510528802871704,0.2855303883552551,0.13704249262809753,0.10812428593635559,0.12451948970556259,0.41206252574920654,-390.4869079589844,112.48316192626953,187.01824951171875,53.373268127441406,-42.74045181274414,15.508620262145996,17.817140579223633,14.96956729888916,-0.6227025389671326,11.579984664916992,2.713369131088257,7.572414875030518,2.314818859100342,7.051594257354736,-3.3743560314178467,7.712420463562012,-4.241982936859131,7.538570880889893,-0.6899623870849609,8.353202819824219,1.0434119701385498,8.895608901977539,-7.967626094818115,8.9229097366333,-8.992146492004395,8.811301231384277
Q2_qlbazHayULg_6.wav,Angry,135.99917763157896,0.024413317441940308,0.014084652997553349,0.06352115961651054,968.1624673456021,1721.7170089971823,0.23623521625995636,0.13729745149612427,0.30638569593429565,0.22658124566078186,0.5480737686157227,0.2308206707239151,0.1705722212791443,0.3846302032470703,0.21634778380393982,0.36773866415023804,0.14270859956741333,0.26165398955345154,-392.5265808105469,154.65374755859375,159.79067993164062,70.14159393310547,-36.09013748168945,23.462400436401367,23.29070472717285,14.952475547790527,-8.200590133666992,13.879453659057617,-3.2299206256866455,8.91673755645752,-3.110050916671753,6.5405592918396,-7.187258720397949,7.301359176635742,-12.718673706054688,9.896496772766113,-6.398879051208496,7.098228931427002,1.7213923931121826,8.870527267456055,0.7664186954498291,9.132540702819824,-1.5147966146469116,11.310676574707031
Q2_qlbazHayULg_7.wav,Angry,172.265625,0.01208714209496975,0.0063041262328624725,0.04721175309065934,797.5308064420598,1526.543194110577,0.5676661133766174,0.31839725375175476,0.29541030526161194,0.24469299614429474,0.338030606508255,0.27398163080215454,0.24436619877815247,0.43888553977012634,0.1896948367357254,0.16392098367214203,0.19828100502490997,0.3831029534339905,-460.0579528808594,109.68856048583984,192.14926147460938,58.549171447753906,-32.960968017578125,21.341184616088867,18.18977928161621,12.372478485107422,11.712604522705078,9.481106758117676,-5.637091159820557,6.521444320678711,-3.5286378860473633,5.3996992111206055,-8.099757194519043,8.73684310913086,-3.289207935333252,5.954981803894043,-4.778825283050537,7.730522155761719,-2.2969794273376465,5.768000602722168,-4.44390869140625,4.9382643699646,-12.421289443969727,6.530240535736084
Q2_QmK_SND2jAw_0.wav,Angry,172.265625,0.02147054858505726,0.012935428880155087,0.05560951481155098,900.6307384888993,1707.0960584793588,0.5504395365715027,0.17467662692070007,0.12575621902942657,0.3395356237888336,0.47262686491012573,0.13915108144283295,0.12722326815128326,0.43957799673080444,0.42432475090026855,0.1357431411743164,0.09351495653390884,0.1975715607404709,-400.0700988769531,126.04396057128906,175.3070068359375,54.78718566894531,-33.99863815307617,24.705360412597656,27.42066192626953,16.027122497558594,4.610868453979492,11.114739418029785,-4.549533843994141,10.997535705566406,-9.466038703918457,8.044190406799316,-8.364934921264648,7.39846658706665,-12.41996955871582,8.236933708190918,-8.894240379333496,8.710511207580566,-4.329979419708252,7.298628330230713,-5.0390753746032715,7.2929511070251465,-6.5612592697143555,6.632974624633789
Q2_QmK_SND2jAw_1.wav,Angry,172.265625,0.028796501457691193,0.012932367622852325,0.05842558200748713,924.8108456508636,1729.6190218106574,0.5809412598609924,0.2592472434043884,0.2290729433298111,0.38016533851623535,0.4468507468700409,0.22671355307102203,0.21252600848674774,0.45620429515838623,0.3808172941207886,0.22539161145687103,0.20468208193778992,0.2679358124732971,-340.38531494140625,107.04460144042969,186.74696350097656,54.344566345214844,-38.95719528198242,14.115348815917969,26.37725830078125,11.493102073669434,1.9329386949539185,10.505498886108398,-1.1523628234863281,6.715010643005371,0.3050156831741333,8.357254028320312,-5.006074905395508,6.4735331535339355,-7.651263236999512,6.541177749633789,-3.0939042568206787,6.37384557723999,-0.02347852848470211,5.5857696533203125,-3.4124698638916016,7.530197620391846,-7.799910068511963,7.515620708465576
Q2_REq37pDAm3A_2.wav,Angry,89.10290948275862,0.006067557260394096,0.0047430372796952724,0.06646426361386139,937.183207997537,1548.8449247756807,0.1889674961566925,0.18117505311965942,0.4831418991088867,0.3370690643787384,0.10862512141466141,0.1202971339225769,0.12201707810163498,0.2021528035402298,0.12441841512918472,0.2005007416009903,0.12369532138109207,0.09729018807411194,-594.6796264648438,133.37295532226562,142.6674041748047,64.38146209716797,-19.98183822631836,24.450143814086914,14.517291069030762,14.036140441894531,3.376009702682495,16.342700958251953,-4.840818881988525,6.851694583892822,-0.575850784778595,7.330816745758057,-5.470449447631836,11.848284721374512,-7.380497455596924,10.151528358459473,-3.0625767707824707,10.469588279724121,4.56641960144043,12.050219535827637,7.725954055786133,13.147202491760254,1.4533922672271729,11.072279930114746
Q2_rEz0D3VohFA_1.wav,Angry,129.19921875,0.02405797876417637,0.014153357595205307,0.060931201394834475,910.1933871062145,1675.398735150899,0.1517987996339798,0.29214364290237427,0.25386637449264526,0.22969554364681244,0.34143441915512085,0.17971037328243256,0.3009752333164215,0.19428260624408722,0.36219650506973267,0.4568554162979126,0.19796021282672882,0.26095816493034363,-392.1601867675781,138.36668395996094,179.35269165039062,56.52106857299805,-31.56694221496582,28.32210922241211,22.45580291748047,14.931119918823242,-1.192720651626587,12.863508224487305,-0.38363975286483765,7.612949848175049,-6.124081611633301,7.675984859466553,-6.483028888702393,7.997115612030029,-8.641180038452148,7.86917781829834,-4.039552688598633,8.57237720489502,-1.1067452430725098,6.745771408081055,-2.3804595470428467,9.221268653869629,-7.31282901763916,7.785428524017334
Q2_rEz0D3VohFA_2.wav,Angry,67.99958881578948,0.026460960507392883,0.010765615850687027,0.05620866723047915,898.1779892812172,1677.5884213654892,0.28263741731643677,0.4230850338935852,0.35238024592399597,0.3677710294723511,0.2799553871154785,0.2663631737232208,0.40872102975845337,0.2953219711780548,0.3156677484512329,0.3903392255306244,0.35458672046661377,0.2593402564525604,-352.5936584472656,102.92497253417969,195.72848510742188,51.755149841308594,-41.727783203125,14.971829414367676,25.355459213256836,11.492264747619629,1.577202320098877,11.166187286376953,-0.16435159742832184,6.854562282562256,1.1361479759216309,9.288308143615723,-4.371563911437988,7.197770118713379,-7.376896858215332,6.766958713531494,-4.239146709442139,6.91925048828125,-0.9912512302398682,6.765531539916992,-5.73844575881958,7.41810941696167,-7.829464435577393,7.563388824462891
Q2_RiQMuhk_SuQ_1.wav,Angry,143.5546875,0.0142416562885046,0.006890544667840004,0.04549664349702934,743.3914742637396,1404.1879318922902,0.2824443578720093,0.13095472753047943,0.2325093299150467,0.39938509464263916,0.7341215014457703,0.2082546502351761,0.2427813559770584,0.186936154961586,0.09817728400230408,0.1246616467833519,0.17368198931217194,0.39288780093193054,-456.9117126464844,100.1373062133789,199.0069580078125,53.90441131591797,-35.20901870727539,25.065221786499023,16.309345245361328,12.567606925964355,13.582836151123047,8.396842002868652,-10.860125541687012,9.060962677001953,-9.762346267700195,9.63510799407959,-16.97579002380371,7.712499618530273,-6.247701644897461,4.891162395477295,-4.44310188293457,5.593197345733643,-2.985429048538208,5.342136383056641,-3.4642250537872314,6.415716648101807,-10.500677108764648,5.979343414306641
Q2_RiQMuhk_SuQ_2.wav,Angry,123.046875,0.021013859659433365,0.006116032134741545,0.05049945927015788,850.8945166669679,1560.1039390682267,0.18149545788764954,0.26175591349601746,0.4697320759296417,0.21189774572849274,0.279396653175354,0.3347858190536499,0.14884893596172333,0.15835757553577423,0.1974567025899887,0.5240114331245422,0.2467968463897705,0.12122555822134018,-396.8012390136719,78.90100860595703,197.09303283691406,39.84925079345703,-42.51646041870117,13.42908000946045,27.84613609313965,9.314326286315918,2.597522497177124,11.009437561035156,-5.89323616027832,8.071807861328125,-4.380771160125732,7.461589336395264,-9.426051139831543,9.253838539123535,-5.824157238006592,10.019329071044922,-6.883430480957031,8.277406692504883,1.1552648544311523,9.710588455200195,-1.698418378829956,9.900259017944336,-8.48642349243164,8.797490119934082
Q2_RiQMuhk_SuQ_3.wav,Angry,117.45383522727273,0.020742343738675117,0.009208112955093384,0.043561727414510164,736.0334495100184,1396.1197525560306,0.2567218244075775,0.32630306482315063,0.6504765748977661,0.3236895799636841,0.29733824729919434,0.27639710903167725,0.22747229039669037,0.2818518280982971,0.22621537744998932,0.3339942395687103,0.18987198173999786,0.18454565107822418,-410.18609619140625,103.54981994628906,209.56173706054688,52.91941452026367,-35.23369216918945,22.378162384033203,20.349342346191406,14.686294555664062,9.546360969543457,9.931282043457031,-4.391528129577637,6.680234432220459,-1.2474395036697388,8.093807220458984,-7.580319404602051,6.36797571182251,-4.599153995513916,5.444252967834473,-8.605524063110352,6.000609397888184,-2.952266216278076,5.632757186889648,-5.756436824798584,6.549883842468262,-11.778432846069336,7.27932596206665
Q2_S1T3UF1vhSk_1.wav,Angry,99.38401442307692,0.0039964402094483376,0.004675942938774824,0.05781947967141127,908.1919123386309,1777.884807621328,0.08936464041471481,0.03698801249265671,0.1310044527053833,0.3512735962867737,0.10139764100313187,0.06072385609149933,0.1543923020362854,0.34781500697135925,0.619718611240387,0.2326948493719101,0.2335907518863678,0.2810809016227722,-586.3325805664062,107.20175170898438,146.636962890625,67.6702651977539,0.6732897162437439,24.87497329711914,5.259957313537598,9.735795974731445,10.929442405700684,11.823433876037598,-4.718778610229492,9.016118049621582,-6.266444683074951,6.6190361976623535,-9.9431791305542,7.478818893432617,-11.501899719238281,8.939098358154297,-4.113079071044922,6.092931747436523,-4.456956386566162,6.471491813659668,-5.935347080230713,6.7758097648620605,-2.902059316635132,7.894656658172607
Q2_S1T3UF1vhSk_2.wav,Angry,73.828125,0.008261878974735737,0.00849703699350357,0.08125344669117647,1110.6654019568928,2111.849896599265,0.26117652654647827,0.10869000852108002,0.12065155059099197,0.513721227645874,0.2216017097234726,0.08775173127651215,0.1112009733915329,0.16260544955730438,0.3787398636341095,0.17084698379039764,0.22440724074840546,0.3019979000091553,-521.8527221679688,130.94613647460938,140.34764099121094,73.54573822021484,-17.05769157409668,20.68691635131836,3.1068313121795654,16.02783203125,1.1063966751098633,9.41705322265625,-5.189511299133301,9.523567199707031,-0.7082737684249878,8.436746597290039,-6.925933837890625,9.757662773132324,-11.829584121704102,12.182004928588867,-6.6253180503845215,8.845465660095215,-1.692732334136963,7.891529083251953,1.7669219970703125,8.755941390991211,2.7581827640533447,7.680694103240967
Q2_S7Bo4-NCEDk_0.wav,Angry,123.046875,0.015669673681259155,0.008361989632248878,0.06847707364841597,974.4058213245123,1666.3120238248966,0.1666289120912552,0.2649342715740204,0.1478908807039261,0.4449712336063385,0.30466988682746887,0.11466365307569504,0.14744600653648376,0.14564047753810883,0.46065402030944824,0.14330390095710754,0.15989409387111664,0.4260738790035248,-432.3154602050781,124.27596282958984,178.20574951171875,51.96040725708008,-39.264923095703125,21.695331573486328,22.620832443237305,16.15818977355957,-12.178263664245605,11.480376243591309,-9.219209671020508,9.93635368347168,-1.2202425003051758,7.552610397338867,-9.465149879455566,7.947509288787842,-14.775253295898438,8.793166160583496,1.633629560470581,7.757546424865723,-5.024489402770996,9.629828453063965,0.2387768179178238,10.879131317138672,3.894914150238037,12.250526428222656
Q2_S7Bo4-NCEDk_1.wav,Angry,92.28515625,0.0189207773655653,0.010353980585932732,0.07183777318666083,1015.1571575552288,1788.6637512313923,0.1839950978755951,0.44309690594673157,0.2019672393798828,0.5741493701934814,0.29769575595855713,0.1067429855465889,0.13011203706264496,0.15321899950504303,0.46055376529693604,0.14820356667041779,0.14857321977615356,0.37384888529777527,-414.1979675292969,146.6678466796875,172.3543243408203,52.98746871948242,-37.99835968017578,28.553672790527344,25.17091178894043,17.920242309570312,-16.049942016601562,13.291464805603027,-6.96943998336792,8.861414909362793,-4.455584526062012,7.605886936187744,-8.269264221191406,8.571928977966309,-20.404897689819336,9.442014694213867,2.6167354583740234,8.249286651611328,-5.993381977081299,8.935968399047852,5.599474906921387,10.849224090576172,6.339192867279053,9.361029624938965
Q2_S7Bo4-NCEDk_2.wav,Angry,184.5703125,0.009476389735937119,0.006594971287995577,0.06871477177090715,1020.3450091951814,1799.296750420801,0.10766921937465668,0.15751971304416656,0.0632079690694809,0.19701918959617615,0.3525725305080414,0.12055317312479019,0.16940730810165405,0.1330411434173584,0.42436879873275757,0.11764016002416611,0.14519478380680084,0.30748388171195984,-523.5545043945312,140.72947692871094,137.25022888183594,60.9749755859375,-30.22930908203125,32.092105865478516,16.705535888671875,14.127303123474121,6.818785667419434,13.805825233459473,-4.0150275230407715,10.28843879699707,-9.775518417358398,9.971981048583984,-16.206684112548828,11.289878845214844,-15.280682563781738,11.599514961242676,-9.502174377441406,11.154284477233887,-11.10505199432373,11.314058303833008,-9.362540245056152,9.298283576965332,-3.0607943534851074,10.56361198425293
Q2_sEQf5lcnj_o_0.wav,Angry,92.28515625,0.0178514551371336,0.01325446180999279,0.06385384648224043,938.4056860162895,1676.8246509989754,0.13721168041229248,0.1840093582868576,0.5905610918998718,0.19651596248149872,0.08590701222419739,0.1736224740743637,0.1751251071691513,0.3164232671260834,0.1372118592262268,0.27158430218696594,0.33890703320503235,0.10079944133758545,-437.9090270996094,135.32371520996094,157.09547424316406,52.904232025146484,-30.127775192260742,30.1803035736084,16.382253646850586,19.326818466186523,-0.6473523378372192,12.241443634033203,-6.343733310699463,12.047455787658691,-5.759134769439697,8.736726760864258,-6.8019585609436035,9.24293327331543,-9.701151847839355,10.848665237426758,-9.167569160461426,9.43016529083252,-8.746124267578125,10.651871681213379,-9.707825660705566,12.028969764709473,-7.1129865646362305,11.714378356933594
Q2_sEQf5lcnj_o_1.wav,Angry,89.10290948275862,0.02684585377573967,0.01599239744246006,0.060570282016443704,914.9820396757564,1674.20654296875,0.2817493975162506,0.1780383139848709,0.3874720335006714,0.2192487269639969,0.19721609354019165,0.3610329031944275,0.19214925169944763,0.26431363821029663,0.1530812531709671,0.35432934761047363,0.41445401310920715,0.16564063727855682,-380.4801025390625,144.70713806152344,173.56423950195312,55.91656494140625,-31.853004455566406,29.48897361755371,24.065776824951172,14.316071510314941,-3.1344144344329834,13.098322868347168,-1.1873646974563599,8.167420387268066,-3.2700560092926025,7.752004623413086,-0.9379114508628845,7.546073913574219,-8.747072219848633,8.062039375305176,-6.487594127655029,8.3947114944458,-3.60843563079834,7.5976481437683105,-3.3850438594818115,8.16104793548584,-5.44342041015625,8.396051406860352
Q2_sEQf5lcnj_o_2.wav,Angry,67.99958881578948,0.02528981864452362,0.013435155153274536,0.07624552784183397,1080.5235904494023,1971.7952933184686,0.26257404685020447,0.16889086365699768,0.4218696057796478,0.19432103633880615,0.12366948276758194,0.22600050270557404,0.1644272655248642,0.2924768626689911,0.17905856668949127,0.448738157749176,0.45849186182022095,0.15355749428272247,-371.90130615234375,137.74082946777344,168.75836181640625,57.788917541503906,-40.07460403442383,24.833770751953125,19.844295501708984,16.57267951965332,-4.923245906829834,10.547924041748047,-0.2976801097393036,8.09465217590332,-3.6575241088867188,8.391633987426758,-2.048964500427246,8.249926567077637,-6.589256286621094,9.305736541748047,-6.103921413421631,8.880972862243652,-8.144317626953125,10.337987899780273,-7.9351887702941895,11.638754844665527,-3.582160472869873,8.710404396057129
Q2_sEQf5lcnj_o_3.wav,Angry,89.10290948275862,0.0212766844779253,0.009687256067991257,0.07639589123508676,1097.2372306524176,1954.66950720665,0.1660790890455246,0.143000990152359,0.4426687955856323,0.2759389877319336,0.13319572806358337,0.2888326644897461,0.1355823278427124,0.2391008883714676,0.1127227321267128,0.2737687826156616,0.3205079734325409,0.09428118169307709,-397.3725280761719,108.015869140625,164.51834106445312,48.850730895996094,-47.94852066040039,17.116270065307617,22.514251708984375,14.87716293334961,-2.6789941787719727,13.645312309265137,-2.9645705223083496,10.35403823852539,-6.4622602462768555,9.735000610351562,-7.544163703918457,9.541326522827148,-10.605682373046875,11.035449981689453,-11.586634635925293,11.503456115722656,-6.089775562286377,10.079288482666016,-5.256075382232666,11.154158592224121,-7.033609867095947,10.328975677490234
Q2_snfsc7pEzlk_0.wav,Angry,129.19921875,0.016789888963103294,0.008820035494863987,0.058897249332400814,868.4028878282038,1654.2231609231942,0.07923992723226547,0.056604932993650436,0.10048260539770126,0.1702745407819748,0.4513624906539917,0.18798309564590454,0.3843671381473541,0.4303044378757477,0.19886736571788788,0.4003368020057678,0.16250252723693848,0.26568958163261414,-447.39678955078125,157.2091827392578,169.48422241210938,78.00088500976562,-42.08864212036133,21.811647415161133,26.472475051879883,14.366012573242188,0.4133323132991791,8.528594017028809,-3.633702278137207,7.169916152954102,-11.838479995727539,9.285921096801758,-12.337930679321289,8.85299015045166,-8.795092582702637,7.508317947387695,-10.98118782043457,8.668722152709961,1.4671070575714111,7.3214850425720215,-10.742574691772461,7.94390344619751,-12.803598403930664,8.368313789367676
Q2_snfsc7pEzlk_1.wav,Angry,129.19921875,0.02445082738995552,0.012951023876667023,0.06005113030937684,908.0887201477046,1715.4595269097222,0.12737812101840973,0.07694429904222488,0.08780732750892639,0.23856733739376068,0.5780928730964661,0.23888295888900757,0.40648195147514343,0.4600476920604706,0.28271397948265076,0.4021908938884735,0.19307395815849304,0.2955454885959625,-378.8549499511719,129.77078247070312,184.06907653808594,56.56282424926758,-40.796958923339844,30.71109962463379,22.39527702331543,18.383474349975586,-2.059534788131714,10.558547019958496,-3.430772542953491,7.420608997344971,-8.598956108093262,7.034456253051758,-9.695070266723633,7.885059833526611,-8.768458366394043,6.5995683670043945,-9.459952354431152,8.848690032958984,-1.1448111534118652,7.389659404754639,-12.723262786865234,6.2109479904174805,-11.638659477233887,7.685928821563721
Q2_snfsc7pEzlk_2.wav,Angry,129.19921875,0.02791011705994606,0.011316617950797081,0.05952611165134371,944.37128686421,1775.49940052599,0.24492324888706207,0.1957031488418579,0.4181748628616333,0.3159315288066864,0.20428664982318878,0.13982442021369934,0.2503933906555176,0.370628297328949,0.19476495683193207,0.4344860017299652,0.5010946393013,0.22391872107982635,-349.1969299316406,118.35841369628906,183.792724609375,54.95258331298828,-45.73947525024414,16.465089797973633,30.56463050842285,12.147579193115234,-4.346074104309082,11.681634902954102,-2.0784382820129395,6.817440986633301,-4.010622501373291,8.393951416015625,-8.495675086975098,7.813467025756836,-15.445892333984375,10.02178955078125,-9.164674758911133,8.780580520629883,-2.6657183170318604,7.0539164543151855,-3.0260746479034424,9.939483642578125,-2.1321611404418945,9.361258506774902
Q2_TcFVq0leii4_1.wav,Angry,117.45383522727273,0.013545649126172066,0.005807311274111271,0.05449584788277935,850.6215417292736,1621.614663907797,0.562522292137146,0.20170506834983826,0.2025352418422699,0.10374478995800018,0.18817919492721558,0.3105987012386322,0.20017701387405396,0.4053746163845062,0.1512853056192398,0.16907663643360138,0.099126897752285,0.2810588479042053,-449.9493103027344,109.26367950439453,180.34886169433594,54.24400329589844,-38.78199768066406,14.709599494934082,28.957429885864258,13.814945220947266,7.35076904296875,14.327917098999023,-4.459508895874023,5.970889568328857,-5.7937493324279785,8.006370544433594,-5.036204814910889,5.739567279815674,-8.749964714050293,7.9897589683532715,-6.35242223739624,6.732654571533203,-5.053432464599609,7.480587005615234,-3.456186294555664,7.333641052246094,-8.519819259643555,7.7998046875
Q2_TcFVq0leii4_2.wav,Angry,117.45383522727273,0.013342425227165222,0.007088319398462772,0.06446848308703905,928.8478550355113,1644.645098440042,0.6734773516654968,0.2205394208431244,0.23872244358062744,0.09957751631736755,0.20539647340774536,0.14354455471038818,0.15823625028133392,0.4377674460411072,0.17337055504322052,0.2500157654285431,0.12188054621219635,0.3281307816505432,-459.5936279296875,131.11154174804688,169.92637634277344,53.620262145996094,-39.8325309753418,26.801349639892578,26.27094268798828,14.681617736816406,-2.598414182662964,14.798365592956543,-5.294178009033203,8.057815551757812,-5.686331748962402,7.845352649688721,-8.238903045654297,9.215283393859863,-12.212852478027344,11.389510154724121,-2.782438039779663,10.296854972839355,-10.974235534667969,10.2138032913208,-5.2395758628845215,10.47922134399414,-2.1478710174560547,8.499464988708496
Q2_UAm0aWvzFI8_0.wav,Angry,117.45383522727273,0.018483519554138184,0.01290075108408928,0.055660158480868076,901.944385403584,1701.6149532856225,0.22305871546268463,0.21467287838459015,0.5027208924293518,0.3063061833381653,0.21144622564315796,0.24390991032123566,0.2266777902841568,0.5534199476242065,0.226237490773201,0.24842925369739532,0.15836313366889954,0.15816353261470795,-433.90069580078125,156.015380859375,163.4386749267578,67.417236328125,-30.068147659301758,30.067399978637695,25.214536666870117,16.525754928588867,0.5069869160652161,8.404401779174805,-3.9039981365203857,7.256598949432373,-6.445242404937744,9.315451622009277,-7.867103099822998,8.998899459838867,-9.979598999023438,6.6496901512146,-10.922881126403809,6.869345664978027,-2.6977853775024414,6.913558006286621,-6.418761730194092,7.463634967803955,-8.05478572845459,6.786465644836426
Q2_UAm0aWvzFI8_1.wav,Angry,123.046875,0.02123899571597576,0.012182198464870453,0.06523789263507719,966.1038732894035,1736.8208870470626,0.20541620254516602,0.14972282946109772,0.3835015892982483,0.26949676871299744,0.28254273533821106,0.16830986738204956,0.19606195390224457,0.47613468766212463,0.20966856181621552,0.16633053123950958,0.1836107075214386,0.18833112716674805,-397.0570068359375,129.1881561279297,165.9908447265625,55.68983840942383,-34.45599365234375,24.012866973876953,20.37912368774414,16.643911361694336,-3.3317322731018066,11.736146926879883,-1.8108659982681274,7.6301589012146,-3.46057391166687,9.264657020568848,-6.291715621948242,7.7481818199157715,-10.024226188659668,8.223183631896973,-7.563136577606201,8.582324028015137,-2.132188081741333,10.56152629852295,-4.839931011199951,12.863332748413086,-8.32373332977295,10.81766414642334
Q2_UE0y8MHqT-g_1.wav,Angry,184.5703125,0.03179139271378517,0.011848585680127144,0.059942908653846154,988.6696087265091,1864.1743539663462,0.37171635031700134,0.21282757818698883,0.371705025434494,0.27899596095085144,0.1576324701309204,0.21333593130111694,0.1820971965789795,0.41086769104003906,0.2595570981502533,0.22760999202728271,0.39472496509552,0.24447375535964966,-321.9380798339844,100.33099365234375,181.81614685058594,44.984642028808594,-42.72017288208008,13.082555770874023,30.063426971435547,11.271453857421875,-4.06649923324585,9.532562255859375,1.679532527923584,7.03971529006958,-5.345768451690674,7.395601749420166,-4.768335819244385,7.825747966766357,-7.851478576660156,8.523397445678711,-4.957844257354736,8.329121589660645,-1.915503978729248,8.35802173614502,-2.619568109512329,9.35975456237793,-7.18795919418335,7.775460720062256
Q2_UE0y8MHqT-g_2.wav,Angry,123.046875,0.03578204661607742,0.016677089035511017,0.0578181666045282,1001.3144861822317,1907.0430598393439,0.2975060045719147,0.2305806428194046,0.264413982629776,0.2742902934551239,0.17808650434017181,0.242669016122818,0.1718842089176178,0.3710360527038574,0.3304446339607239,0.26278355717658997,0.40435731410980225,0.24096064269542694,-321.9587097167969,135.1293487548828,163.9860076904297,55.74467468261719,-35.397430419921875,18.55351448059082,29.48992156982422,14.110740661621094,-3.415243148803711,8.870031356811523,4.53950834274292,6.707977294921875,-8.938817024230957,7.6342453956604,-4.65054988861084,7.5126953125,-8.4681396484375,6.7098469734191895,-5.199131965637207,6.552525043487549,-3.522609233856201,7.107161998748779,-5.0744547843933105,7.356746673583984,-8.07050609588623,6.990487575531006
Q2_ufRISSD28XA_0.wav,Angry,99.38401442307692,0.0269662793725729,0.014789300039410591,0.056718298083875636,913.5891933435546,1758.4748572227495,0.2141050398349762,0.24513334035873413,0.6304421424865723,0.3687915503978729,0.15326938033103943,0.19103164970874786,0.17658548057079315,0.27906790375709534,0.1969870626926422,0.25500333309173584,0.3160690665245056,0.14219968020915985,-374.0770568847656,127.36128234863281,177.2303466796875,59.4611701965332,-37.398834228515625,15.350497245788574,31.676795959472656,14.22761058807373,3.4328479766845703,11.359421730041504,-1.7210090160369873,7.192009925842285,-4.172671794891357,9.12188720703125,-8.388465881347656,7.44589900970459,-11.127479553222656,10.08310317993164,-9.65014362335205,9.755690574645996,-2.0619943141937256,7.082579612731934,-0.5490864515304565,9.618996620178223,-5.68305778503418,8.644482612609863
Q2_ufRISSD28XA_1.wav,Angry,95.703125,0.024113716557621956,0.013339490629732609,0.06037432864790131,977.609173611628,1845.0400817144073,0.276183158159256,0.19293130934238434,0.3831661641597748,0.27081066370010376,0.1343936324119568,0.15956684947013855,0.1518488973379135,0.340082585811615,0.20037899911403656,0.24884778261184692,0.3250090479850769,0.16767370700836182,-395.2890319824219,149.3525848388672,159.7813720703125,62.80744171142578,-34.360435485839844,24.601945877075195,25.09798812866211,16.09670066833496,-0.4664677083492279,10.366477012634277,4.989593982696533,7.728896617889404,-4.266194820404053,7.8718671798706055,-1.2869635820388794,7.952092170715332,-1.4829703569412231,8.684802055358887,-5.20862340927124,9.9940767288208,-4.54875373840332,9.831418991088867,-7.649453163146973,9.65277099609375,-10.468385696411133,8.669198989868164
Q2_UJcnNfeCN1c_1.wav,Angry,143.5546875,0.013215633109211922,0.006022304762154818,0.054687845319130124,841.3990515411111,1592.2844310798268,0.21404092013835907,0.15714745223522186,0.29574260115623474,0.24192498624324799,0.12016371637582779,0.23764105141162872,0.19328361749649048,0.2527502179145813,0.26334279775619507,0.1454845517873764,0.2656615674495697,0.22367295622825623,-465.7733459472656,112.91622924804688,172.43492126464844,59.6777229309082,-35.7347297668457,15.626598358154297,27.206132888793945,12.38045597076416,9.906770706176758,14.39924430847168,-6.5193891525268555,7.454480171203613,-6.53237771987915,8.269246101379395,-8.974425315856934,8.345026016235352,-9.19081974029541,9.650674819946289,-7.895144462585449,8.396068572998047,-3.53136944770813,9.070326805114746,-3.070596933364868,12.618038177490234,-6.731057643890381,12.303426742553711
Q2_UTo7E0evQWw_0.wav,Angry,135.99917763157896,0.01782143861055374,0.01092276070266962,0.05594672149926686,858.460150791983,1613.241056291239,0.1453821212053299,0.17687861621379852,0.4253350794315338,0.22517336905002594,0.2787950932979584,0.17173421382904053,0.33180272579193115,0.41326749324798584,0.2158079296350479,0.28494399785995483,0.15512767434120178,0.31571337580680847,-422.9573059082031,124.71095275878906,172.8756561279297,54.901790618896484,-31.152528762817383,27.36349105834961,23.856250762939453,14.284295082092285,5.003101348876953,11.484783172607422,-2.325749397277832,8.14315414428711,-2.885312557220459,8.963839530944824,-5.192944049835205,9.066311836242676,-5.422024726867676,9.596335411071777,-4.590495586395264,8.157663345336914,-1.0403094291687012,6.375076770782471,-6.775149345397949,7.616863250732422,-10.601704597473145,8.825263023376465
Q2_Uu-oRTRT6uQ_0.wav,Angry,129.19921875,0.021503156051039696,0.01589054800570011,0.06188378235840961,1046.061512055689,1985.7296592310856,0.1477237194776535,0.3134087920188904,0.198999285697937,0.27458521723747253,0.39321330189704895,0.16032084822654724,0.16710825264453888,0.19631396234035492,0.49637025594711304,0.3302548825740814,0.14196789264678955,0.19986894726753235,-405.9456481933594,150.01608276367188,139.04605102539062,50.103389739990234,-24.641550064086914,25.594377517700195,25.54986000061035,15.586803436279297,-1.574872374534607,11.425142288208008,0.05032802373170853,7.6511454582214355,-12.585537910461426,8.267838478088379,-8.524696350097656,8.130260467529297,-12.305768966674805,9.471972465515137,-7.9359660148620605,9.900931358337402,-4.872642517089844,8.80715274810791,-1.5143145322799683,9.644403457641602,-6.941466808319092,7.449489593505859
Q2_Uu-oRTRT6uQ_1.wav,Angry,129.19921875,0.03402722626924515,0.017854848876595497,0.059556049989261166,972.8669385511423,1806.2114912210052,0.1877632588148117,0.1990806758403778,0.13123871386051178,0.33048006892204285,0.420969158411026,0.1649046391248703,0.1847519874572754,0.22992552816867828,0.4152959883213043,0.3619134724140167,0.282938688993454,0.3285229206085205,-333.0796813964844,133.0678253173828,165.4575958251953,48.222225189208984,-30.45588493347168,27.339317321777344,27.17572784423828,15.470534324645996,-5.753650188446045,11.22006893157959,2.8215060234069824,7.114753723144531,-7.820581436157227,7.361141681671143,-4.3574113845825195,7.041316986083984,-9.601356506347656,9.057440757751465,-2.312570571899414,7.996883869171143,-1.9962903261184692,8.610088348388672,-1.9351774454116821,9.338653564453125,-7.14870548248291,6.146746635437012
Q2_Uu-oRTRT6uQ_2.wav,Angry,129.19921875,0.023501161485910416,0.01926315389573574,0.0664964678780166,1035.9044358455249,1889.0595172864819,0.11890893429517746,0.2601141929626465,0.24561439454555511,0.31483012437820435,0.38192319869995117,0.17787188291549683,0.31514325737953186,0.173894003033638,0.3540348410606384,0.43911951780319214,0.14137829840183258,0.13655173778533936,-427.6327209472656,181.7433624267578,136.83099365234375,72.37969207763672,-27.180797576904297,23.70444679260254,21.157522201538086,19.826623916625977,-2.9590182304382324,10.692638397216797,-1.1652213335037231,8.66245174407959,-9.055947303771973,9.05520248413086,-8.6334867477417,8.490161895751953,-11.749585151672363,10.002178192138672,-6.247573375701904,7.838916301727295,1.0359420776367188,7.055746078491211,1.3268377780914307,9.967573165893555,-5.0250067710876465,9.515218734741211
Q2_WBxql6cuU7c_0.wav,Angry,184.5703125,0.012965216301381588,0.009411182254552841,0.055595803441826706,881.784142773383,1615.639404187835,0.1998073309659958,0.10151001065969467,0.11617660522460938,0.3435118794441223,0.40187352895736694,0.1515747755765915,0.28259336948394775,0.23869282007217407,0.16449283063411713,0.36943501234054565,0.18858863413333893,0.3707943260669708,-471.839599609375,125.56049346923828,167.415283203125,58.406822204589844,-24.61385154724121,22.036312103271484,19.283449172973633,15.232765197753906,7.07724142074585,14.830138206481934,-6.098095417022705,7.313523292541504,-9.32474136352539,8.836389541625977,-13.146832466125488,9.015765190124512,-14.123544692993164,8.368841171264648,-6.275699615478516,8.33690357208252,-1.2514411211013794,10.949902534484863,-8.042962074279785,9.330488204956055,-10.76543140411377,8.936819076538086
Q2_wfXSdMsd4q8_5.wav,Angry,92.28515625,0.019762655720114708,0.010848063044250011,0.055376243232109226,927.6083634068169,1791.1083156779662,0.14478032290935516,0.3329516053199768,0.2010892927646637,0.17264094948768616,0.31480076909065247,0.20062872767448425,0.3149866461753845,0.18484580516815186,0.3257639408111572,0.4358970820903778,0.16140756011009216,0.22012828290462494,-412.1372985839844,117.27483367919922,167.74000549316406,51.398094177246094,-31.306581497192383,24.663442611694336,26.007341384887695,13.389196395874023,6.180751800537109,10.754536628723145,-2.211303472518921,9.614659309387207,-2.6349270343780518,9.278780937194824,-3.1044325828552246,8.140210151672363,-5.457265377044678,10.748979568481445,-3.5119383335113525,8.672548294067383,-5.2183637619018555,8.850446701049805,-8.072299003601074,9.374017715454102,-6.744172096252441,9.239562034606934
Q2_WQrPcuy50aA_0.wav,Angry,143.5546875,0.014505453407764435,0.007560821250081062,0.05082937492968047,835.9526504005836,1578.6347836443801,0.15560314059257507,0.16559144854545593,0.4881625771522522,0.17683175206184387,0.048548053950071335,0.05695778504014015,0.14099638164043427,0.5468282103538513,0.19979646801948547,0.3053570091724396,0.20029370486736298,0.07996557652950287,-483.1101379394531,127.46391296386719,159.93966674804688,61.11558532714844,-35.370147705078125,29.50806427001953,24.809911727905273,13.78376579284668,6.406396865844727,10.773233413696289,-8.59827709197998,7.504550933837891,-16.736011505126953,12.104766845703125,-17.41994857788086,9.895683288574219,-16.475296020507812,9.281694412231445,-19.886430740356445,9.79710578918457,-8.222929000854492,9.959248542785645,-12.256571769714355,8.547508239746094,-10.447632789611816,8.517207145690918
Q2_WQrPcuy50aA_1.wav,Angry,151.99908088235293,0.015476335771381855,0.00831429474055767,0.05652412867437215,866.6115687942948,1600.204593188142,0.28700920939445496,0.15744763612747192,0.3048012852668762,0.1651897132396698,0.07613451033830643,0.08220421522855759,0.18226358294487,0.6155886054039001,0.2309715747833252,0.37991097569465637,0.20546555519104004,0.11222365498542786,-463.3543701171875,131.66990661621094,173.47991943359375,61.21713638305664,-37.66809844970703,29.87101173400879,22.06234359741211,13.617490768432617,4.059773921966553,10.613883018493652,-6.126749038696289,8.013020515441895,-10.810795783996582,9.98581600189209,-12.495741844177246,9.137577056884766,-12.26699161529541,8.543265342712402,-17.40127944946289,8.741042137145996,-9.489303588867188,10.055097579956055,-12.868412017822266,8.73473834991455,-8.747382164001465,6.527859210968018
Q2_x5ibvz38jOs_0.wav,Angry,129.19921875,0.020302431657910347,0.011022397316992283,0.06514445389851485,951.6271283941741,1723.029350054146,0.40089061856269836,0.23230110108852386,0.13202914595603943,0.3054957091808319,0.18424780666828156,0.38873597979545593,0.17198888957500458,0.35149919986724854,0.3872450292110443,0.17280712723731995,0.2287423312664032,0.16175828874111176,-406.3897705078125,123.22447967529297,172.5192108154297,56.505836486816406,-40.244056701660156,21.939844131469727,24.127586364746094,15.569436073303223,-0.8593736290931702,13.267833709716797,-2.4714770317077637,8.562670707702637,-8.157615661621094,9.629915237426758,-8.531332015991211,8.605914115905762,-8.295103073120117,8.837124824523926,-9.042393684387207,11.993383407592773,-5.759156703948975,8.115142822265625,-3.9387991428375244,9.90296459197998,-7.849997520446777,8.30430793762207
Q2_x5ibvz38jOs_1.wav,Angry,129.19921875,0.022081192582845688,0.010278965346515179,0.05862828191301273,915.2491035852989,1731.7933941831684,0.35198405385017395,0.24093614518642426,0.19112452864646912,0.2625661790370941,0.12355445325374603,0.2117539644241333,0.15913158655166626,0.4759705364704132,0.5834143161773682,0.1662796288728714,0.11429890245199203,0.1336876004934311,-387.0518493652344,114.2014389038086,176.6698455810547,58.42707061767578,-39.57638931274414,15.84748649597168,24.527976989746094,12.888433456420898,3.448498487472534,13.157975196838379,-6.896270751953125,6.762559413909912,-9.647449493408203,8.231094360351562,-11.944311141967773,7.502621650695801,-12.143074989318848,8.563098907470703,-9.237011909484863,8.211711883544922,-1.832958459854126,7.174768447875977,-1.157814621925354,10.10824966430664,-6.091634750366211,8.148808479309082
Q2_XC_SiJszQx0_1.wav,Angry,80.74951171875,0.01576874777674675,0.008924535475671291,0.05448139700358299,858.6373658596783,1582.5162128337379,0.42228075861930847,0.1687614768743515,0.16677437722682953,0.15917904675006866,0.32666611671447754,0.43063366413116455,0.17713212966918945,0.25042495131492615,0.1292267143726349,0.29747581481933594,0.21675120294094086,0.1833963692188263,-449.182373046875,121.84468078613281,169.98814392089844,58.10543441772461,-30.701108932495117,22.95884132385254,24.611875534057617,13.50312614440918,7.7802605628967285,13.211034774780273,-3.739467144012451,8.242761611938477,-2.6761977672576904,8.634955406188965,-5.227635383605957,7.856325626373291,-6.300507545471191,7.865146160125732,-6.191027641296387,8.533031463623047,-6.395750999450684,8.173346519470215,-7.98015832901001,8.575356483459473,-8.589424133300781,8.5777587890625
Q2_XfA2KXodrOE_0.wav,Angry,143.5546875,0.019144529476761818,0.010416295379400253,0.05730656464530892,893.895369974825,1653.0502940860983,0.28770244121551514,0.12250127643346786,0.13088692724704742,0.21055732667446136,0.46893569827079773,0.20894715189933777,0.285986989736557,0.4057677388191223,0.24307970702648163,0.30729761719703674,0.20822639763355255,0.4469047486782074,-403.7398681640625,124.39910888671875,179.90362548828125,57.570770263671875,-36.39618682861328,22.04960823059082,21.667280197143555,17.048555374145508,1.7984868288040161,11.749938011169434,-3.411449432373047,7.410073757171631,-4.2766313552856445,8.49509048461914,-7.066056728363037,7.5049309730529785,-8.536118507385254,7.57615852355957,-3.0978238582611084,6.4438157081604,-2.746511459350586,8.015347480773926,-7.902531623840332,8.302306175231934,-8.809907913208008,9.521961212158203
Q2_XfA2KXodrOE_1.wav,Angry,143.5546875,0.02320963516831398,0.011302312836050987,0.06666109551803395,980.2771989095477,1811.865234375,0.2058078944683075,0.160179004073143,0.09961125999689102,0.2111777514219284,0.5101807713508606,0.18617884814739227,0.3177524507045746,0.3833261728286743,0.1751643419265747,0.2324628382921219,0.16260530054569244,0.3922595679759979,-372.4352111816406,117.71913146972656,173.4965362548828,55.69092559814453,-38.764854431152344,16.179691314697266,26.97825050354004,14.297685623168945,-2.993107318878174,12.604707717895508,-3.8265585899353027,7.002485752105713,-7.4831366539001465,7.996939182281494,-8.830808639526367,7.597849369049072,-12.022963523864746,8.428478240966797,-3.740023374557495,8.074552536010742,2.218902826309204,9.833819389343262,-4.519954681396484,7.42244815826416,-8.062804222106934,7.272212982177734
Q2_yhIncZ_Ue4E_0.wav,Angry,135.99917763157896,0.012302077375352383,0.006589353084564209,0.05770904238861386,877.1598924840724,1653.3281685102104,0.315685510635376,0.27386751770973206,0.11095874011516571,0.1526324301958084,0.12502233684062958,0.29082435369491577,0.18421265482902527,0.1945774406194687,0.28735965490341187,0.22141799330711365,0.5379694700241089,0.18694855272769928,-454.50372314453125,107.12274169921875,170.53126525878906,56.15690994262695,-34.91240692138672,15.253121376037598,22.846893310546875,13.224058151245117,9.108259201049805,14.68272590637207,-10.229711532592773,8.07837963104248,-5.921180248260498,6.702794551849365,-9.926199913024902,7.479443550109863,-11.726349830627441,9.141865730285645,-5.722527503967285,7.11501932144165,-6.791876316070557,8.826055526733398,-4.72266960144043,9.631619453430176,-4.764346599578857,7.417511940002441
Q2_yhIncZ_Ue4E_1.wav,Angry,129.19921875,0.011133001185953617,0.006062135566025972,0.06932412984530584,1047.904060251793,1888.596688022315,0.2729431092739105,0.2583919167518616,0.08136376738548279,0.1159062534570694,0.09257295727729797,0.27823686599731445,0.1824294626712799,0.1137741357088089,0.21301646530628204,0.14857520163059235,0.4079943299293518,0.124528668820858,-501.4335021972656,110.83576965332031,149.02615356445312,52.55510330200195,-39.76042175292969,17.758041381835938,21.41400718688965,15.774770736694336,0.9519110918045044,17.21122169494629,-9.164101600646973,9.74832534790039,-6.457708358764648,10.003514289855957,-7.196681022644043,11.320265769958496,-13.824416160583496,12.809664726257324,-15.43028450012207,13.875344276428223,-12.79050350189209,11.494085311889648,-7.5323166847229,11.674628257751465,-3.61788272857666,15.094595909118652
Q2_yhIncZ_Ue4E_2.wav,Angry,135.99917763157896,0.012187980115413666,0.007138081826269627,0.0582122892228739,895.2541230111077,1668.2422877336876,0.2554737627506256,0.23413246870040894,0.10342974960803986,0.13831201195716858,0.11571703851222992,0.290711909532547,0.20331750810146332,0.17410054802894592,0.3003077507019043,0.2271813303232193,0.5312737822532654,0.1712849885225296,-479.94610595703125,136.4593505859375,163.8980255126953,67.0179214477539,-33.8876838684082,22.586933135986328,22.832996368408203,16.75773811340332,7.734642505645752,14.095438957214355,-6.479835510253906,6.841797351837158,-6.302367210388184,7.7136054039001465,-8.86482048034668,6.882869243621826,-8.298871994018555,9.21657657623291,-7.321314811706543,8.672847747802734,-8.875578880310059,7.8713059425354,-7.053893566131592,8.500109672546387,-7.509942054748535,7.634916305541992
Q2_yrvKReuwVlY_0.wav,Angry,184.5703125,0.013834886252880096,0.009996475651860237,0.0584868694322681,919.5832602735079,1710.2576070241798,0.08257298916578293,0.22547805309295654,0.14922964572906494,0.36852967739105225,0.10779773443937302,0.13350725173950195,0.2551584243774414,0.17017655074596405,0.2854759991168976,0.15013033151626587,0.3396838903427124,0.13552772998809814,-469.63751220703125,107.77278137207031,147.03961181640625,50.18723678588867,-20.272172927856445,19.06911849975586,19.843048095703125,17.520030975341797,11.488357543945312,14.301498413085938,-9.277196884155273,10.792789459228516,-13.280649185180664,9.868261337280273,-14.014986038208008,9.88556957244873,-17.30532455444336,11.304768562316895,-10.644794464111328,8.936151504516602,-3.334091901779175,10.675609588623047,-3.983332872390747,12.800346374511719,-8.664237976074219,11.765411376953125
Q2_yrvKReuwVlY_1.wav,Angry,184.5703125,0.02115602046251297,0.013762429356575012,0.06433092897142122,1005.9220593949391,1874.1537547872683,0.14855241775512695,0.3337104916572571,0.1568889021873474,0.27843478322029114,0.09326911717653275,0.1363275796175003,0.1336217075586319,0.13410478830337524,0.37523531913757324,0.16591735184192657,0.3026297092437744,0.19239941239356995,-420.01483154296875,140.00650024414062,142.80947875976562,58.343467712402344,-24.565397262573242,19.3741512298584,23.66291046142578,14.578734397888184,-2.295149326324463,11.793724060058594,-4.016419410705566,8.829673767089844,-10.313471794128418,8.967817306518555,-8.3631591796875,9.765079498291016,-13.44761848449707,10.64581298828125,-2.1680221557617188,7.47360897064209,-1.4695923328399658,10.100810050964355,2.163837432861328,9.751714706420898,-3.339184522628784,9.618431091308594
Q2_yrvKReuwVlY_2.wav,Angry,95.703125,0.03279903903603554,0.017130305990576744,0.06231261038628077,1022.9528104175173,1886.5696617550707,0.14096897840499878,0.27932289242744446,0.14682891964912415,0.2546128034591675,0.11943113803863525,0.23635941743850708,0.30638736486434937,0.18712399899959564,0.36833900213241577,0.20441052317619324,0.47011223435401917,0.2391892671585083,-340.4325866699219,134.91549682617188,160.99781799316406,47.61623764038086,-29.0071964263916,28.154682159423828,26.296005249023438,13.896958351135254,-4.505663871765137,10.412530899047852,1.316720962524414,7.107608318328857,-9.912280082702637,9.081634521484375,-4.573399543762207,7.849365234375,-11.15217113494873,8.378418922424316,-2.8057775497436523,6.793786525726318,-2.7520751953125,8.274822235107422,-2.388101577758789,9.168076515197754,-8.657118797302246,7.733160495758057
Q2_yrvKReuwVlY_3.wav,Angry,135.99917763157896,0.02447682060301304,0.019776752218604088,0.0667115126022404,993.542401171305,1865.0954787795608,0.11373046040534973,0.2317105531692505,0.18816381692886353,0.3703371584415436,0.13700614869594574,0.15806525945663452,0.17443741858005524,0.15468715131282806,0.4107070565223694,0.20519791543483734,0.4030531346797943,0.175510436296463,-422.2242126464844,184.2638397216797,138.62657165527344,69.58433532714844,-24.630189895629883,26.55097770690918,19.42201042175293,16.877408981323242,-1.9199728965759277,12.826813697814941,-0.9622564911842346,9.322484016418457,-10.564397811889648,9.471268653869629,-6.918916702270508,9.386088371276855,-6.420353889465332,8.902324676513672,-2.662606716156006,9.935381889343262,-6.175899505615234,9.07742977142334,-8.416345596313477,7.963979721069336,-8.766562461853027,7.300754070281982
Q2_yZGBxiNPu3k_0.wav,Angry,172.265625,0.0200942549854517,0.010433458723127842,0.049429150307724955,813.2420374424918,1562.4794407894738,0.3893875181674957,0.2705914378166199,0.35472479462623596,0.25262969732284546,0.2551954388618469,0.3337268531322479,0.30852046608924866,0.6174882650375366,0.307384729385376,0.27619749307632446,0.31963396072387695,0.3233613967895508,-395.9486083984375,119.40250396728516,194.2286834716797,56.75229263305664,-36.685760498046875,30.668920516967773,21.92247772216797,13.459450721740723,5.680464744567871,9.339430809020996,-2.1516802310943604,7.047356605529785,-2.60760760307312,6.20811653137207,-8.830324172973633,6.263380527496338,-4.992281436920166,5.044466018676758,-6.533158779144287,6.660098075866699,0.943856954574585,5.110836029052734,-4.5668439865112305,5.520792007446289,-10.73523235321045,9.142233848571777
Q2_z5ewpQwGDNw_0.wav,Angry,89.10290948275862,0.016316497698426247,0.010724934749305248,0.05588242430124224,849.1522493512715,1570.3355872112772,0.23914092779159546,0.1392635703086853,0.3401262164115906,0.24986949563026428,0.5067705512046814,0.16583488881587982,0.12468376010656357,0.26775383949279785,0.3667360842227936,0.21044760942459106,0.12051361054182053,0.3119315505027771,-450.55609130859375,139.22760009765625,160.10733032226562,62.5012321472168,-25.650760650634766,30.074138641357422,24.012603759765625,21.82573699951172,3.3037071228027344,12.020395278930664,-2.7809462547302246,7.266905307769775,-7.03019380569458,10.151883125305176,-10.23096752166748,9.150076866149902,-11.00302505493164,8.921990394592285,-8.682497024536133,8.3191556930542,-8.797439575195312,9.897284507751465,-10.987539291381836,10.860526084899902,-6.312805652618408,9.18967056274414
Q2_z5ewpQwGDNw_1.wav,Angry,151.99908088235293,0.018119318410754204,0.008975070901215076,0.058900246888528136,922.7007068569148,1754.3035333806818,0.2008575201034546,0.06397494673728943,0.06772597879171371,0.12501487135887146,0.24165786802768707,0.11497686803340912,0.24128501117229462,0.3732204735279083,0.17390893399715424,0.31925639510154724,0.17953920364379883,0.4330669939517975,-418.6558532714844,111.13138580322266,160.1865997314453,54.690208435058594,-34.96664810180664,16.60440444946289,26.59187889099121,13.759772300720215,8.63607406616211,12.698091506958008,-3.284863233566284,7.432831287384033,-6.2218475341796875,8.630677223205566,-7.277101516723633,8.406288146972656,-11.607011795043945,9.345348358154297,-5.63810396194458,8.672444343566895,-4.861486434936523,8.36950969696045,-10.759928703308105,9.418516159057617,-6.771957874298096,9.518016815185547
Q2_z5ewpQwGDNw_2.wav,Angry,83.35433467741936,0.018480760976672173,0.009798228740692139,0.05742044510913774,923.6721751412801,1741.8130936695025,0.20984968543052673,0.09596892446279526,0.16648033261299133,0.15834780037403107,0.30708950757980347,0.1415143758058548,0.23267564177513123,0.38111186027526855,0.265504390001297,0.3043126165866852,0.17169404029846191,0.4147317111492157,-415.6159973144531,119.67396545410156,171.13232421875,51.13015365600586,-37.552249908447266,20.156768798828125,27.563474655151367,18.394611358642578,3.0163209438323975,12.899556159973145,-1.5450410842895508,8.310928344726562,-8.440092086791992,9.683298110961914,-7.1389055252075195,8.862006187438965,-10.560328483581543,9.505118370056152,-6.501552104949951,9.468050003051758,-5.066775798797607,9.646088600158691,-11.288778305053711,9.493439674377441,-7.969198703765869,8.89572811126709
Q2_ZdyiXIlKe_Y_0.wav,Angry,73.828125,0.01801314949989319,0.01139491330832243,0.05989667230455326,906.1429920146307,1655.7812248308635,0.4538153409957886,0.2575274407863617,0.136574849486351,0.15549898147583008,0.23451659083366394,0.3072050213813782,0.16992197930812836,0.4157334864139557,0.3660416305065155,0.14552363753318787,0.18894343078136444,0.20207059383392334,-423.0221862792969,135.191162109375,175.9048309326172,57.63406753540039,-32.988651275634766,29.270275115966797,22.87394142150879,13.68598461151123,2.4394240379333496,14.006739616394043,-1.9828423261642456,8.538657188415527,-5.364242076873779,9.017839431762695,-8.099547386169434,7.664993762969971,-7.3040924072265625,8.04603099822998,-5.134772777557373,8.754584312438965,-4.601840496063232,8.300897598266602,-5.189741134643555,8.309290885925293,-8.978494644165039,7.117612361907959
Q2_ZdyiXIlKe_Y_1.wav,Angry,78.30255681818181,0.020890148356556892,0.012372591532766819,0.06487466276978417,939.0540884608445,1699.544848984094,0.1447628140449524,0.1574336439371109,0.2302858978509903,0.4140126407146454,0.1750568300485611,0.27073827385902405,0.2936153709888458,0.156110018491745,0.22260205447673798,0.22545254230499268,0.5915905833244324,0.3080410063266754,-412.67645263671875,137.51095581054688,171.3215789794922,64.56045532226562,-39.390865325927734,21.47252082824707,21.952136993408203,14.853543281555176,-2.771779775619507,13.72292709350586,-2.364328384399414,8.163285255432129,-4.072293758392334,9.067827224731445,-8.036650657653809,9.503667831420898,-9.445473670959473,10.21762752532959,-3.7108280658721924,9.725872993469238,-0.7064126133918762,9.341015815734863,-3.0751633644104004,8.76872730255127,-6.159040451049805,12.739575386047363
Q2_ZTrEoB8T9YA_0.wav,Angry,112.34714673913044,0.017277630046010017,0.011457569897174835,0.057314993892508145,917.9378148678275,1730.605532369707,0.262917160987854,0.2604463994503021,0.1513165384531021,0.24594677984714508,0.20560964941978455,0.4498275816440582,0.3001379072666168,0.2957784831523895,0.3344220221042633,0.1673475205898285,0.27792975306510925,0.1866295039653778,-438.6820068359375,137.39036560058594,158.6351776123047,59.57450866699219,-29.720659255981445,26.259050369262695,23.827421188354492,15.24595832824707,2.385807991027832,14.336522102355957,-2.8442256450653076,9.41220474243164,-7.229003429412842,9.542551040649414,-4.89517068862915,10.26346206665039,-4.6836981773376465,9.415085792541504,-5.221254348754883,9.67864990234375,-2.3478095531463623,8.889299392700195,-3.5652408599853516,8.83056926727295,-8.13937759399414,8.48552131652832
Q2_ZTrEoB8T9YA_1.wav,Angry,86.1328125,0.013528859242796898,0.0087872464209795,0.06495003922825318,933.0842468413413,1709.285562345297,0.3357751667499542,0.2542528510093689,0.11823190748691559,0.18672268092632294,0.13405172526836395,0.2719961404800415,0.12156539410352707,0.2701877951622009,0.41251668334007263,0.1863057166337967,0.26868879795074463,0.1529814898967743,-458.5921936035156,126.15594482421875,160.78623962402344,57.116905212402344,-30.736221313476562,22.49721908569336,22.50870704650879,14.186421394348145,2.745300769805908,14.959794998168945,-5.652040004730225,8.970846176147461,-8.533282279968262,9.81879711151123,-11.416936874389648,9.611248970031738,-9.53903865814209,10.525282859802246,-1.797829270362854,8.68959903717041,-2.5530025959014893,9.3955717086792,-1.450863003730774,13.255536079406738,-4.840761661529541,12.400895118713379
Q2_ZTrEoB8T9YA_2.wav,Angry,151.99908088235293,0.020867424085736275,0.010118790902197361,0.05862448340258133,931.1120645298427,1727.1486792233911,0.3159448504447937,0.2452610284090042,0.21733517944812775,0.28664422035217285,0.2684391438961029,0.2225252389907837,0.2126283496618271,0.3105149269104004,0.3133728802204132,0.26317068934440613,0.3661500811576843,0.2496451437473297,-396.2589416503906,127.27588653564453,175.71115112304688,56.586021423339844,-39.45003128051758,18.285207748413086,28.973735809326172,13.827718734741211,-1.6904947757720947,12.141234397888184,-0.6675350069999695,8.289429664611816,-8.02963638305664,8.121011734008789,-8.101652145385742,8.207989692687988,-9.157110214233398,8.620503425598145,-3.627075672149658,8.876181602478027,-0.6391575932502747,8.499420166015625,-3.8313040733337402,8.816699028015137,-6.387949466705322,9.056560516357422
Q2__FVzelKlBFs_0.wav,Angry,143.5546875,0.03232763707637787,0.01895126700401306,0.060969200296145686,1004.4852352422193,1894.5411606590346,0.21585635840892792,0.38927143812179565,0.16347038745880127,0.2810826897621155,0.3200075924396515,0.1505328267812729,0.17280054092407227,0.2566783130168915,0.5886878967285156,0.2839118540287018,0.13453668355941772,0.22952274978160858,-343.8789978027344,150.1149139404297,151.8625946044922,60.629127502441406,-29.199729919433594,19.082612991333008,24.536134719848633,13.850083351135254,-2.0290918350219727,11.750452995300293,1.9886231422424316,6.172130107879639,-6.735706329345703,8.734685897827148,-7.406649112701416,8.089264869689941,-13.679576873779297,8.724326133728027,-0.5219031572341919,6.8024797439575195,-0.05448315665125847,8.178953170776367,5.538942337036133,8.988637924194336,-1.7520663738250732,9.08173942565918
Q2__FVzelKlBFs_1.wav,Angry,143.5546875,0.03363252431154251,0.01790955476462841,0.05919962067227475,960.3808357683531,1759.6806646056382,0.1826813966035843,0.2274637222290039,0.5777134299278259,0.19528335332870483,0.22342006862163544,0.2378438264131546,0.13964992761611938,0.1722552329301834,0.20039807260036469,0.49588704109191895,0.26863938570022583,0.12370001524686813,-348.676025390625,151.69244384765625,167.55953979492188,57.862091064453125,-34.02766036987305,24.519145965576172,26.920984268188477,17.826412200927734,-6.112890243530273,9.856099128723145,2.9013917446136475,6.732884883880615,-7.672079086303711,8.294811248779297,-4.875365734100342,8.969520568847656,-10.916234016418457,7.932895660400391,-4.8488078117370605,8.10188102722168,0.08637294173240662,7.400865077972412,-0.5084340572357178,8.172683715820312,-8.111663818359375,7.375982761383057
Q2__FVzelKlBFs_2.wav,Angry,95.703125,0.017087537795305252,0.011365932412445545,0.07014018575406648,1051.7515586157044,1936.503495320235,0.2187533676624298,0.40385547280311584,0.1781771183013916,0.39421898126602173,0.4502999484539032,0.14409586787223816,0.11303339898586273,0.12006407231092453,0.3095415532588959,0.10907883197069168,0.060224227607250214,0.09313671290874481,-435.6220703125,146.37559509277344,144.9918212890625,56.5896110534668,-22.54482650756836,25.394006729125977,19.315235137939453,17.164846420288086,-5.302717685699463,10.842241287231445,-1.1904575824737549,8.798674583435059,-9.964917182922363,9.473724365234375,-7.192875862121582,8.53756332397461,-9.962564468383789,9.957329750061035,-4.814615249633789,8.70146656036377,-5.106607913970947,7.288233280181885,2.418820381164551,9.324435234069824,-1.6341673135757446,8.482770919799805
Q2__S991V8N-8s_1.wav,Angry,89.10290948275862,0.01404088269919157,0.007487067952752113,0.06204058136184924,886.7880427835796,1564.2167163774404,0.2039264291524887,0.27949434518814087,0.33615589141845703,0.2769044041633606,0.22769340872764587,0.23254606127738953,0.2509872615337372,0.2401377558708191,0.21064674854278564,0.2652457058429718,0.19323931634426117,0.16296452283859253,-447.4822998046875,108.21863555908203,183.8175506591797,54.570716857910156,-36.98137664794922,17.244117736816406,21.143911361694336,14.67038631439209,5.580057144165039,13.126007080078125,-2.801130771636963,9.507746696472168,-0.966457188129425,8.992005348205566,-9.860334396362305,8.290018081665039,-10.53572940826416,9.179011344909668,-2.588141679763794,10.811758995056152,2.359036684036255,12.314370155334473,0.4489201307296753,12.583404541015625,-6.555098533630371,10.192502975463867
Q2__vZOEQCYSaY_1.wav,Angry,172.265625,0.0069792624562978745,0.00470099737867713,0.06551393889539692,911.6197059534265,1539.2441653889884,0.1387612521648407,0.26116594672203064,0.08295103162527084,0.13113680481910706,0.05639003589749336,0.1332368552684784,0.06416701525449753,0.17025764286518097,0.6004729270935059,0.18701867759227753,0.22956395149230957,0.07171314209699631,-558.2735595703125,116.41950988769531,149.3708953857422,59.77301788330078,-21.343717575073242,23.534873962402344,13.181851387023926,15.092574119567871,5.246898651123047,15.96333122253418,-7.961588382720947,7.956083297729492,-3.558711051940918,9.06443977355957,-5.191596984863281,12.884078025817871,-3.6328084468841553,12.784497261047363,-3.9320201873779297,9.951096534729004,-6.967884540557861,12.683282852172852,-5.9691243171691895,14.082268714904785,-5.760432243347168,12.15092945098877
Q4_--2B4d4lQhs_3.wav,Calm,129.19921875,0.01762743853032589,0.01077207364141941,0.04961890580799151,828.0902395949215,1610.7110051825496,0.25079625844955444,0.15610164403915405,0.22328801453113556,0.1723114252090454,0.4117043912410736,0.32873162627220154,0.1480007767677307,0.28448399901390076,0.16851873695850372,0.28454843163490295,0.23041030764579773,0.14660660922527313,-437.8737487792969,126.84297180175781,169.49038696289062,59.60719680786133,-32.12211608886719,20.81922149658203,27.921043395996094,15.604806900024414,9.292672157287598,12.887157440185547,-2.714451789855957,7.840665817260742,-8.242257118225098,7.818209648132324,-8.946165084838867,8.404085159301758,-7.334979057312012,7.64453649520874,-9.304952621459961,7.684092998504639,-3.8029367923736572,8.244351387023926,-6.333518028259277,7.923821926116943,-11.614121437072754,8.744795799255371
Q4_-_FjI4bT2Wo_0.wav,Calm,184.5703125,0.010387131944298744,0.005844250787049532,0.05693359375,894.7909729800812,1626.3010817307693,0.09474258124828339,0.10199172794818878,0.06392844766378403,0.21955226361751556,0.3244923949241638,0.11463161557912827,0.21688750386238098,0.14783257246017456,0.44781532883644104,0.29953110218048096,0.1121133342385292,0.2807188630104065,-510.75933837890625,105.92916870117188,157.42324829101562,51.707374572753906,-31.243709564208984,19.339452743530273,20.465421676635742,12.649163246154785,9.284287452697754,17.613100051879883,-14.26612663269043,10.277361869812012,-15.319619178771973,10.083146095275879,-15.616253852844238,10.07984447479248,-15.396543502807617,9.97912883758545,-8.648721694946289,10.956281661987305,-6.472681999206543,10.096646308898926,-10.39923095703125,9.803829193115234,-9.628565788269043,10.399255752563477
Q4_-_FjI4bT2Wo_1.wav,Calm,135.99917763157896,0.009870306588709354,0.00556160369887948,0.058759272864105504,891.5368761870525,1592.6174338804472,0.08220718801021576,0.11527027934789658,0.08730471879243851,0.29050198197364807,0.3415617346763611,0.13032327592372894,0.23553915321826935,0.13109882175922394,0.3244730830192566,0.23129525780677795,0.09525467455387115,0.2310003936290741,-515.3158569335938,104.83610534667969,156.53021240234375,49.70183181762695,-24.756750106811523,26.150859832763672,19.430461883544922,11.951885223388672,9.742311477661133,15.114053726196289,-9.211066246032715,10.101994514465332,-9.267038345336914,9.774579048156738,-10.817123413085938,11.024933815002441,-12.873154640197754,12.740007400512695,-9.677019119262695,11.526449203491211,-5.480967044830322,10.000053405761719,-7.6507248878479,10.61709976196289,-9.0072021484375,12.296414375305176
Q4_-_FjI4bT2Wo_2.wav,Calm,172.265625,0.007874215953052044,0.005354618187993765,0.05717734261032093,848.4153761550832,1544.2494999658097,0.11396978795528412,0.12777674198150635,0.0865383967757225,0.29606735706329346,0.45005640387535095,0.17635072767734528,0.23544582724571228,0.14005179703235626,0.3621309995651245,0.278937429189682,0.1326466202735901,0.3405844569206238,-535.9104614257812,111.02922821044922,161.24331665039062,56.11278533935547,-26.373886108398438,21.09543228149414,17.514827728271484,15.282248497009277,10.367473602294922,16.453292846679688,-9.246390342712402,8.904502868652344,-8.26464557647705,10.686480522155762,-8.782999992370605,9.711512565612793,-8.962902069091797,9.102602005004883,-4.908238410949707,9.777194023132324,-6.6166887283325195,9.224000930786133,-10.710536003112793,9.163590431213379,-8.559969902038574,10.764657974243164
Q4_0c2dTJTDUR4_1.wav,Calm,129.19921875,0.012312489561736584,0.008055280894041061,0.04903403363269795,819.8811851293976,1524.2161009668255,0.13574254512786865,0.22265484929084778,0.33987540006637573,0.19609230756759644,0.29968246817588806,0.15486320853233337,0.32172414660453796,0.1575942039489746,0.07755447179079056,0.08488398790359497,0.11391741782426834,0.3453066349029541,-497.9193420410156,121.72149658203125,158.12738037109375,65.6529769897461,-22.697933197021484,20.266117095947266,19.867233276367188,13.724275588989258,11.204504013061523,12.335457801818848,-7.357812404632568,8.135699272155762,-7.170312404632568,9.592123031616211,-9.674273490905762,9.552927017211914,-6.039644241333008,8.169743537902832,-8.160402297973633,7.922338008880615,-6.6432390213012695,7.832348346710205,-4.665370941162109,7.211074352264404,-8.394306182861328,8.505056381225586
Q4_12tDlCQVRtA_0.wav,Calm,112.34714673913044,0.005389528814703226,0.003012731671333313,0.06613275724893918,950.1785297785866,1600.3631893951115,0.0979730561375618,0.1464194357395172,0.06175949424505234,0.21507681906223297,0.3777032494544983,0.11669621616601944,0.1725468933582306,0.07820723205804825,0.22830069065093994,0.2659377455711365,0.12435410171747208,0.27845147252082825,-590.623779296875,109.41253662109375,143.8444061279297,51.49769973754883,-25.572978973388672,27.508800506591797,19.09002685546875,15.621280670166016,2.6268656253814697,15.584295272827148,-13.230289459228516,9.779668807983398,-12.712258338928223,9.939728736877441,-19.577531814575195,11.982844352722168,-18.85181427001953,11.460777282714844,-8.295775413513184,12.272661209106445,0.4942778944969177,16.310821533203125,-0.4133998453617096,16.519548416137695,-2.5255446434020996,14.977633476257324
Q4_12tDlCQVRtA_1.wav,Calm,112.34714673913044,0.004667611327022314,0.0032535106875002384,0.05845427931400768,855.5460391928386,1500.2173172800165,0.10164151340723038,0.19543366134166718,0.08861693739891052,0.26245543360710144,0.4719632565975189,0.1593693494796753,0.23273403942584991,0.15568853914737701,0.37176600098609924,0.30835098028182983,0.13624821603298187,0.19568496942520142,-591.925048828125,119.96158599853516,168.86880493164062,59.92167282104492,-19.739086151123047,35.470272064208984,14.611130714416504,9.908426284790039,10.293319702148438,13.548768997192383,-6.616812705993652,8.518134117126465,-4.267341136932373,8.346524238586426,-9.588577270507812,9.537867546081543,-7.042122840881348,8.904532432556152,-3.9752860069274902,9.044821739196777,-3.0908401012420654,9.433342933654785,-7.45510721206665,9.288351058959961,-10.790040969848633,8.478007316589355
Q4_12tDlCQVRtA_2.wav,Calm,112.34714673913044,0.0049576908349990845,0.0029993874486535788,0.06923506033841044,878.4652175883531,1598.4728964763228,0.11276696622371674,0.12992729246616364,0.08174736052751541,0.2735147476196289,0.39261937141418457,0.15208657085895538,0.2896093726158142,0.1658046692609787,0.38833585381507874,0.24247615039348602,0.1380813717842102,0.2974509000778198,-570.977783203125,107.5196533203125,172.51846313476562,57.411415100097656,-23.578325271606445,26.761558532714844,13.276622772216797,11.78703784942627,11.743351936340332,14.03980827331543,-8.428558349609375,8.040438652038574,-6.3360748291015625,8.730567932128906,-11.201971054077148,9.622665405273438,-8.940934181213379,9.385778427124023,-3.748626708984375,9.598885536193848,-3.39682936668396,10.090624809265137,-8.442666053771973,9.95455265045166,-10.90058708190918,9.137879371643066
Q4_170KC2CbJ7Y_0.wav,Calm,112.34714673913044,0.0026909818407148123,0.002173012588173151,0.055705203713968955,842.48642500326,1454.8042111280488,0.16209129989147186,0.13813595473766327,0.3387199342250824,0.15384075045585632,0.27777767181396484,0.3618428707122803,0.14358524978160858,0.18760985136032104,0.12144017964601517,0.282755583524704,0.28076276183128357,0.13993452489376068,-634.1513061523438,80.35535430908203,144.31716918945312,43.145206451416016,-12.345407485961914,19.090065002441406,8.174884796142578,12.1387939453125,15.548715591430664,13.946063995361328,-6.977837085723877,8.088815689086914,-9.549016952514648,9.312352180480957,-9.639002799987793,11.850522994995117,-8.0476713180542,11.504024505615234,-2.7244181632995605,11.09477424621582,-2.540860652923584,11.906144142150879,-8.889327049255371,13.765543937683105,-12.406821250915527,9.97215747833252
Q4_170KC2CbJ7Y_1.wav,Calm,103.359375,0.0028376709669828415,0.0025164932012557983,0.059309802560888254,874.012951116653,1433.3030617612822,0.1850351244211197,0.16219988465309143,0.41499337553977966,0.18315286934375763,0.18062198162078857,0.2066672444343567,0.07826163619756699,0.14138057827949524,0.08777549862861633,0.25576090812683105,0.262668251991272,0.13919170200824738,-652.0899658203125,103.54830169677734,128.81033325195312,57.99042510986328,-9.745661735534668,24.459457397460938,7.048772811889648,11.202329635620117,8.128076553344727,14.681221008300781,-8.789101600646973,9.57093620300293,-9.022994995117188,10.320612907409668,-7.567431449890137,13.057317733764648,-3.510263204574585,12.01576042175293,-0.789955198764801,11.490689277648926,-3.6517138481140137,11.915907859802246,-8.802574157714844,14.796021461486816,-9.625371932983398,11.677867889404297
Q4_1A9Hh2GrDTs_0.wav,Calm,143.5546875,0.01608874276280403,0.007876886986196041,0.06988706683168316,1044.541354013492,1930.351151570235,0.46765822172164917,0.16559720039367676,0.3518928289413452,0.12081364542245865,0.24975167214870453,0.12047221511602402,0.07518598437309265,0.1145847886800766,0.12149415910243988,0.3312451243400574,0.13791263103485107,0.3834822475910187,-426.2898254394531,118.0501937866211,158.68824768066406,49.9156379699707,-40.959903717041016,16.979572296142578,29.22516441345215,15.17496109008789,-7.853466033935547,14.496489524841309,-9.456376075744629,8.478778839111328,-6.771238327026367,7.2762627601623535,-12.249074935913086,8.971477508544922,-26.235891342163086,11.315685272216797,-6.590097427368164,9.359879493713379,-4.9442548751831055,13.046117782592773,6.651597023010254,12.148496627807617,8.890012741088867,9.731383323669434
Q4_1fdxsFbnsX4_0.wav,Calm,112.34714673913044,0.007115887012332678,0.0040603261440992355,0.05731004847212295,855.6648441693725,1566.944563499598,0.18346546590328217,0.19621367752552032,0.5574560165405273,0.15471164882183075,0.04650740325450897,0.04826568812131882,0.13413509726524353,0.2490241527557373,0.12866277992725372,0.2906365394592285,0.1113542914390564,0.19634920358657837,-554.7403564453125,99.8507308959961,152.6121063232422,53.826416015625,-28.71441078186035,17.576147079467773,13.607075691223145,12.964814186096191,11.31957721710205,13.57050895690918,-11.497910499572754,9.71649169921875,-8.939366340637207,8.80740737915039,-13.006144523620605,9.714212417602539,-12.959636688232422,9.062949180603027,-11.730432510375977,8.23911190032959,-12.392702102661133,9.353736877441406,-9.330303192138672,11.528757095336914,-8.07750415802002,10.2800874710083
Q4_1fdxsFbnsX4_1.wav,Calm,112.34714673913044,0.0076003726571798325,0.004807807970792055,0.06155366573131623,920.1642363830916,1637.274037162751,0.1949712336063385,0.14082224667072296,0.34504374861717224,0.12450449913740158,0.11676637083292007,0.0876402035355568,0.2416948676109314,0.2643463909626007,0.13975097239017487,0.3329216241836548,0.1265861541032791,0.23453772068023682,-552.4768676757812,118.90973663330078,147.98809814453125,56.86258316040039,-28.69812774658203,25.82021141052246,16.99869728088379,15.25376033782959,5.568596839904785,14.921517372131348,-10.269546508789062,8.065629959106445,-9.76325511932373,9.783285140991211,-12.560973167419434,11.392447471618652,-12.349762916564941,12.239761352539062,-10.259360313415527,10.527291297912598,-8.4373140335083,11.217217445373535,-7.558501243591309,11.93007755279541,-6.1013970375061035,11.358945846557617
Q4_1Qc15G0ZHIg_0.wav,Calm,73.828125,0.009322123602032661,0.0064871241338551044,0.05016297179383117,755.2238597778943,1415.792569247159,0.11760983616113663,0.28227683901786804,0.23652857542037964,0.21095842123031616,0.4902038276195526,0.1720266044139862,0.1557936668395996,0.11665521562099457,0.2591693699359894,0.48877665400505066,0.20259347558021545,0.17042772471904755,-514.8840942382812,122.00592803955078,173.87872314453125,65.59827423095703,-19.365928649902344,27.778358459472656,17.687843322753906,15.012681007385254,13.106247901916504,13.242818832397461,-6.7491135597229,8.245851516723633,-6.449829578399658,7.486358642578125,-9.969009399414062,7.701094627380371,-7.656370639801025,8.0280122756958,-3.5007848739624023,6.707557678222656,-2.7743656635284424,6.725175857543945,-4.38717794418335,10.370275497436523,-7.974055767059326,7.205846309661865
Q4_1vjy9oMFa8c_0.wav,Calm,129.19921875,0.009266544133424759,0.005640266463160515,0.04566440173457132,746.4614746415059,1405.5070221556264,0.08376917243003845,0.07306666672229767,0.26825547218322754,0.44078221917152405,0.1677337884902954,0.19683292508125305,0.1503496617078781,0.30735427141189575,0.3798554241657257,0.21216925978660583,0.35633811354637146,0.11107267439365387,-498.0843811035156,75.33564758300781,180.61053466796875,43.24061965942383,-15.261774063110352,16.37375259399414,13.163595199584961,12.380711555480957,19.161272048950195,12.567970275878906,-5.718127727508545,7.321916103363037,-7.8318305015563965,8.438825607299805,-7.7846269607543945,8.418187141418457,-8.856225967407227,7.471506595611572,-7.736570835113525,7.233315944671631,-2.9472410678863525,6.605193614959717,-5.814364910125732,8.281062126159668,-8.507834434509277,7.844360828399658
Q4_1vjy9oMFa8c_1.wav,Calm,129.19921875,0.007851344533264637,0.006196698173880577,0.050286152185892725,765.1008114962574,1415.2266615195629,0.141227126121521,0.09559345245361328,0.22603200376033783,0.3093154728412628,0.16019409894943237,0.2631330192089081,0.14129042625427246,0.2729928195476532,0.20102794468402863,0.24051737785339355,0.5880100131034851,0.20279347896575928,-531.8482055664062,116.72887420654297,160.68959045410156,65.93526458740234,-11.937360763549805,26.976892471313477,14.334115028381348,15.245018005371094,13.09260082244873,13.218293190002441,-4.404557228088379,7.2731709480285645,-7.161375999450684,8.209217071533203,-8.416390419006348,8.847042083740234,-4.659026622772217,6.421741485595703,-5.963986396789551,7.588352680206299,-3.3332791328430176,7.557530879974365,-6.31662654876709,8.645627975463867,-9.174968719482422,6.966506004333496
Q4_1vjy9oMFa8c_3.wav,Calm,66.25600961538461,0.009417954832315445,0.006562454625964165,0.04822381652227723,751.8029476620068,1395.142931041151,0.05532315745949745,0.05697571486234665,0.21963229775428772,0.3976457715034485,0.14936481416225433,0.17553365230560303,0.12534767389297485,0.26626724004745483,0.35900554060935974,0.23635359108448029,0.4351752996444702,0.12379857152700424,-511.8808288574219,104.18519592285156,166.3372344970703,57.06768035888672,-16.428403854370117,20.509937286376953,15.165783882141113,14.312897682189941,14.990323066711426,12.867465019226074,-7.291877746582031,8.313810348510742,-9.390884399414062,9.961324691772461,-10.105822563171387,8.786582946777344,-9.30222225189209,7.541458606719971,-7.9916486740112305,7.353397846221924,-3.0311243534088135,7.292795658111572,-7.317226886749268,10.635045051574707,-9.834733009338379,9.088170051574707
Q4_22S3w4idugs_0.wav,Calm,135.99917763157896,0.0060616289265453815,0.003898688592016697,0.053492005171499296,820.2169703361532,1564.3019270188738,0.12135014683008194,0.3078647255897522,0.13298845291137695,0.1751081943511963,0.08042476326227188,0.20362243056297302,0.35302817821502686,0.17574848234653473,0.3167829215526581,0.19121231138706207,0.38443368673324585,0.18748372793197632,-546.8385009765625,106.24227142333984,166.255859375,59.42312240600586,-25.991899490356445,16.55633544921875,18.727060317993164,12.739410400390625,15.421416282653809,13.69183349609375,-8.696850776672363,7.870999813079834,-6.780837059020996,7.694906711578369,-9.154973983764648,8.43848991394043,-10.455668449401855,9.73017406463623,-6.009119033813477,9.357172012329102,-3.17146372795105,7.485234260559082,-4.319953441619873,10.309372901916504,-6.413903713226318,11.248355865478516
Q4_2w5XkAt_3WU_0.wav,Calm,99.38401442307692,0.006870192009955645,0.004578270949423313,0.060472366162258394,846.6645368529761,1548.9119971150178,0.3056303560733795,0.13681760430335999,0.21233589947223663,0.12426184117794037,0.245231494307518,0.08541125059127808,0.13170677423477173,0.3020344376564026,0.18069244921207428,0.40168139338493347,0.160081684589386,0.2804352045059204,-547.4453125,122.7675552368164,157.6665802001953,69.41033172607422,-28.831371307373047,17.865724563598633,15.143309593200684,12.850970268249512,9.193081855773926,12.576300621032715,-7.091524124145508,7.5567193031311035,-3.1539015769958496,7.4368462562561035,-6.24066686630249,8.6134614944458,-5.724530220031738,8.97602367401123,-6.11826229095459,9.519827842712402,-7.837994575500488,11.111998558044434,-7.847389221191406,10.073410987854004,-5.068441867828369,8.462053298950195
Q4_2Z9SjI131jA_5.wav,Calm,184.5703125,0.008079503662884235,0.005212526768445969,0.05823494737561509,826.9815843480429,1438.53923282446,0.4599127769470215,0.14907830953598022,0.16901682317256927,0.11980655789375305,0.29306358098983765,0.24757924675941467,0.18021976947784424,0.46407949924468994,0.2314477413892746,0.16973425447940826,0.07175403088331223,0.18213993310928345,-537.68212890625,123.21526336669922,167.06170654296875,57.01283264160156,-23.070920944213867,34.38506317138672,19.647485733032227,15.342551231384277,9.67307186126709,13.738417625427246,-3.7942445278167725,8.408256530761719,-3.417036771774292,8.361799240112305,-8.109702110290527,8.67261791229248,-8.511168479919434,8.364752769470215,-5.779803276062012,9.84166431427002,-4.3835320472717285,11.885043144226074,-6.341195583343506,8.347328186035156,-7.9204912185668945,9.312270164489746
Q4_2Z9SjI131jA_6.wav,Calm,89.10290948275862,0.01015547476708889,0.0051529970951378345,0.05569968043051708,828.9100196481736,1483.6536016490652,0.29373252391815186,0.16579777002334595,0.3697521686553955,0.14288444817066193,0.15801654756069183,0.12194139510393143,0.15393759310245514,0.29418525099754333,0.15379253029823303,0.2965523302555084,0.13401411473751068,0.29330337047576904,-493.90228271484375,108.65672302246094,178.93870544433594,53.10157012939453,-29.443805694580078,27.411684036254883,19.802066802978516,12.960902214050293,8.14074420928955,13.694087028503418,-6.189223289489746,7.178496360778809,-2.4056107997894287,9.74055290222168,-7.4068603515625,8.654007911682129,-8.022216796875,8.035111427307129,-6.053095817565918,7.838765621185303,-4.767233848571777,8.262495994567871,-5.256373405456543,8.527570724487305,-4.7952680587768555,8.892499923706055
Q4_3As1t6JySDE_0.wav,Calm,78.30255681818181,0.005669189151376486,0.004085672553628683,0.058765336903470716,883.9633277656403,1594.9575825523657,0.10486220568418503,0.3297734260559082,0.18349620699882507,0.14775747060775757,0.3156284689903259,0.1351422667503357,0.23898689448833466,0.11897829174995422,0.2982260584831238,0.3906557261943817,0.11871520429849625,0.12337622791528702,-574.6270141601562,106.78722381591797,157.1922149658203,53.72565460205078,-24.67327880859375,20.38224220275879,15.969340324401855,14.159141540527344,9.374942779541016,13.744810104370117,-11.68199634552002,10.043764114379883,-9.976288795471191,8.181015968322754,-7.422677993774414,9.33807373046875,-5.777947425842285,11.675443649291992,-5.491652488708496,11.65494155883789,-5.70059061050415,11.169721603393555,-7.8868489265441895,11.549060821533203,-7.659607410430908,12.176253318786621
Q4_3N2G21U7guk_0.wav,Calm,135.99917763157896,0.007551048416644335,0.005623806267976761,0.058307336594259726,842.8374330689408,1420.4551706349985,0.014776818454265594,0.1050598993897438,0.3845863342285156,0.12777407467365265,0.15246367454528809,0.06655998528003693,0.18256783485412598,0.1486791968345642,0.1490824669599533,0.5095421671867371,0.12928082048892975,0.022663455456495285,-583.1065063476562,113.1695327758789,137.5303497314453,62.00577163696289,-12.5872802734375,23.876968383789062,16.224197387695312,15.295157432556152,13.704672813415527,16.153427124023438,-6.136228561401367,10.288987159729004,-10.246328353881836,11.39364242553711,-12.409972190856934,10.447790145874023,-14.268575668334961,11.384193420410156,-12.457544326782227,10.090263366699219,-2.8108747005462646,10.165053367614746,-6.248520851135254,9.863409996032715,-11.605891227722168,10.162280082702637
Q4_3N2G21U7guk_1.wav,Calm,135.99917763157896,0.009583168663084507,0.006038070190697908,0.06191468407443423,862.3886209849569,1512.5552337948639,0.04317034035921097,0.16334931552410126,0.4194040596485138,0.15935635566711426,0.2532486319541931,0.09575961530208588,0.22066855430603027,0.23439903557300568,0.18283489346504211,0.4746091067790985,0.13654740154743195,0.06833255290985107,-521.1347045898438,118.11328125,155.20370483398438,61.29042053222656,-26.732364654541016,20.132932662963867,16.22134017944336,14.820354461669922,7.445774078369141,16.355388641357422,-8.86473560333252,8.54981517791748,-8.852972030639648,10.002798080444336,-11.135841369628906,10.305309295654297,-11.585662841796875,9.506800651550293,-7.265701770782471,9.694238662719727,2.5856802463531494,11.285958290100098,-1.3651955127716064,13.332404136657715,-8.548550605773926,12.946969032287598
Q4_3N2G21U7guk_2.wav,Calm,135.99917763157896,0.007011785171926022,0.005122518632560968,0.06519488369776912,924.1431889099649,1598.4972037944847,0.21896545588970184,0.11772522330284119,0.3308009207248688,0.10769838094711304,0.12705115973949432,0.047843653708696365,0.10566139966249466,0.1810915321111679,0.1119646281003952,0.3255901038646698,0.09837482124567032,0.16695189476013184,-576.7340698242188,107.65866088867188,128.7140655517578,59.283443450927734,-13.414029121398926,18.695642471313477,13.093701362609863,14.6160306930542,9.637235641479492,15.760375022888184,-8.434399604797363,8.282791137695312,-7.831730365753174,8.098255157470703,-10.225249290466309,9.24482536315918,-15.350115776062012,11.852352142333984,-11.738486289978027,11.825818061828613,-4.970560073852539,11.895366668701172,-6.166996479034424,11.282352447509766,-5.306869983673096,14.076168060302734
Q4_3N2G21U7guk_4.wav,Calm,135.99917763157896,0.008579423651099205,0.005672139581292868,0.063793910780587,902.7280884593667,1600.949489480198,0.272424578666687,0.21279588341712952,0.13118548691272736,0.3151963949203491,0.10154933482408524,0.0986713245511055,0.04518555477261543,0.2013726383447647,0.5533407330513,0.16562394797801971,0.24424530565738678,0.10334823280572891,-534.9158325195312,116.35063171386719,151.88600158691406,58.44099044799805,-30.13831901550293,19.2052059173584,17.380313873291016,18.385530471801758,6.310850143432617,18.16710090637207,-12.660014152526855,9.580706596374512,-10.251221656799316,11.895976066589355,-10.597207069396973,12.617793083190918,-14.424816131591797,12.935272216796875,-13.323355674743652,14.108481407165527,-13.175349235534668,10.282547950744629,-6.700314998626709,10.411005973815918,-2.0191891193389893,12.656808853149414
Q4_3TYeU9idRGI_0.wav,Calm,234.90767045454547,0.0034850253723561764,0.003516924101859331,0.04874678094458019,786.2595020957267,1326.6835074168425,0.27956026792526245,0.14654135704040527,0.2931192219257355,0.18684928119182587,0.43016600608825684,0.13397128880023956,0.08562509715557098,0.2333967089653015,0.1627388745546341,0.39210036396980286,0.13425588607788086,0.1981184184551239,-628.7880859375,103.17288208007812,140.71043395996094,54.64754867553711,4.372898578643799,34.13954162597656,9.057607650756836,15.832056999206543,8.942896842956543,14.864863395690918,-7.923555850982666,9.113288879394531,-13.714184761047363,9.6483793258667,-15.302282333374023,9.030604362487793,-14.829063415527344,10.685419082641602,-10.817835807800293,8.863923072814941,-7.81527042388916,7.46657657623291,-7.039548873901367,10.646745681762695,-3.7510342597961426,11.852499961853027
Q4_3TYeU9idRGI_1.wav,Calm,107.666015625,0.0028772344812750816,0.0025977385230362415,0.05587457421027657,828.1491381264753,1380.0050681687228,0.2689456343650818,0.0834076777100563,0.07187077403068542,0.14970703423023224,0.4565928280353546,0.1354375183582306,0.10309047996997833,0.2563694715499878,0.14324501156806946,0.2685184180736542,0.12468934804201126,0.28081583976745605,-651.7763061523438,99.2601318359375,138.86317443847656,59.840755462646484,-4.875016212463379,24.007553100585938,6.594142436981201,13.097699165344238,11.666956901550293,16.673507690429688,-5.8649749755859375,7.828864097595215,-6.8643412590026855,11.213143348693848,-3.6767702102661133,13.04670238494873,-4.524577617645264,12.51997184753418,-6.504745960235596,12.033689498901367,-8.109297752380371,13.398165702819824,-10.267192840576172,11.372105598449707,-6.82911491394043,10.790349006652832
Q4_5DqIntcmdRI_0.wav,Calm,143.5546875,0.0048907725140452385,0.0032282755710184574,0.05492249678136704,892.3699565375978,1617.7363226386938,0.2728930413722992,0.1935780942440033,0.1079365611076355,0.2556322515010834,0.07825157046318054,0.10933902859687805,0.052057284861803055,0.20343466103076935,0.5544660687446594,0.16902950406074524,0.1388510912656784,0.09140708297491074,-587.4404296875,96.4909896850586,152.26695251464844,49.289310455322266,-21.954689025878906,18.369131088256836,19.597068786621094,14.506057739257812,16.465505599975586,14.659932136535645,-7.366520404815674,8.99675178527832,-9.736960411071777,8.70363998413086,-12.328478813171387,8.76563835144043,-10.853704452514648,8.520492553710938,-7.805388450622559,9.736045837402344,-5.6114959716796875,11.125890731811523,-3.107738733291626,10.982892036437988,-2.534395456314087,10.743561744689941
Q4_5DqIntcmdRI_1.wav,Calm,151.99908088235293,0.004181355237960815,0.0030208160169422626,0.050495742626404494,814.5610834475457,1492.9042310393259,0.25146588683128357,0.39646023511886597,0.1547500193119049,0.22240404784679413,0.1547810137271881,0.2964675724506378,0.23558510839939117,0.2512085735797882,0.42291614413261414,0.1781032681465149,0.24275928735733032,0.10440803319215775,-582.1307983398438,93.96028137207031,159.1219940185547,51.67973327636719,-14.545637130737305,23.381954193115234,15.038008689880371,12.378539085388184,18.688030242919922,13.049349784851074,-5.962917804718018,7.964561939239502,-6.400861740112305,8.723564147949219,-7.050511837005615,9.888853073120117,-6.368997097015381,8.338677406311035,-5.033001899719238,8.132403373718262,-5.73818826675415,9.195073127746582,-3.812263011932373,8.408224105834961,-4.037044048309326,8.091790199279785
Q4_5Ju9q1N2x0E_0.wav,Calm,129.19921875,0.0068590170703828335,0.005367663223296404,0.06343113466225626,964.2659993779648,1788.557448533252,0.09306377917528152,0.29957857728004456,0.09534075856208801,0.10887524485588074,0.32585665583610535,0.14094756543636322,0.2631840109825134,0.10672850906848907,0.24251645803451538,0.5811811089515686,0.16950923204421997,0.12643279135227203,-550.3980712890625,122.23938751220703,153.5662384033203,62.6204833984375,-20.083499908447266,23.85247039794922,12.354819297790527,13.193378448486328,5.939958095550537,15.221336364746094,-10.212081909179688,7.642905235290527,-11.293344497680664,8.964104652404785,-11.744683265686035,8.016469955444336,-11.265678405761719,8.452727317810059,-3.5502758026123047,9.060615539550781,-1.873934268951416,11.473047256469727,-6.888155937194824,12.303804397583008,-8.520120620727539,9.204071998596191
Q4_5Ju9q1N2x0E_1.wav,Calm,129.19921875,0.009754488244652748,0.005784797947853804,0.05370893452313127,827.524208355618,1522.8067292010883,0.11892601102590561,0.292178750038147,0.148854061961174,0.17374911904335022,0.4238182306289673,0.18393556773662567,0.2898251414299011,0.16114984452724457,0.3492470383644104,0.5522148609161377,0.20513327419757843,0.19192034006118774,-485.9212646484375,104.82347869873047,175.27915954589844,54.65565490722656,-26.122730255126953,24.658031463623047,13.980634689331055,12.144137382507324,11.3984375,12.010392189025879,-7.94935417175293,7.359090805053711,-6.795796871185303,8.995187759399414,-8.967087745666504,7.52947473526001,-4.774201393127441,6.779301166534424,-4.673090934753418,6.99269437789917,-5.1186394691467285,6.555418014526367,-11.243977546691895,7.432467937469482,-13.068675994873047,7.408771991729736
Q4_5J_zI7QE9W8_0.wav,Calm,117.45383522727273,0.006553211249411106,0.0047615934163331985,0.053735658317165556,817.7917630727889,1475.0204352740438,0.11191075295209885,0.15898923575878143,0.13347940146923065,0.39518508315086365,0.36940711736679077,0.13967500627040863,0.2590915858745575,0.1471501737833023,0.29877129197120667,0.14490607380867004,0.24393248558044434,0.3010500371456146,-542.9632568359375,96.34303283691406,169.03842163085938,49.0076789855957,-17.476911544799805,24.696298599243164,12.785928726196289,15.978557586669922,12.308172225952148,14.430551528930664,-10.287277221679688,9.682344436645508,-12.107159614562988,9.993350982666016,-12.721175193786621,11.3593168258667,-11.590005874633789,12.638551712036133,-8.402945518493652,10.188241004943848,-6.5329413414001465,8.196574211120605,-7.3723626136779785,10.52013874053955,-8.420480728149414,10.965795516967773
Q4_5J_zI7QE9W8_1.wav,Calm,129.19921875,0.00671717943623662,0.005052815191447735,0.056875457431236384,818.8727809744787,1467.617977366728,0.1420104205608368,0.20405559241771698,0.12119783461093903,0.3152165710926056,0.29135408997535706,0.15976977348327637,0.2643622159957886,0.19494250416755676,0.2205345779657364,0.11945726722478867,0.32415974140167236,0.4263753890991211,-535.4425659179688,108.81563568115234,160.99258422851562,53.37284469604492,-14.42692756652832,28.173011779785156,16.131872177124023,13.682761192321777,9.830760955810547,12.16195011138916,-9.115900993347168,9.296826362609863,-9.08056354522705,9.761110305786133,-11.775826454162598,9.410985946655273,-15.541934967041016,10.021471977233887,-8.564597129821777,8.962118148803711,-4.911933422088623,8.511783599853516,-4.404220104217529,8.704198837280273,-2.9441614151000977,8.790328025817871
Q4_5J_zI7QE9W8_2.wav,Calm,117.45383522727273,0.007949174381792545,0.005866230931133032,0.05295641083396561,807.3342264850513,1492.4513867483877,0.11509151756763458,0.21754151582717896,0.15823958814144135,0.40595775842666626,0.2559693157672882,0.16463908553123474,0.38071873784065247,0.16933295130729675,0.24186035990715027,0.1529294103384018,0.38044291734695435,0.2675754129886627,-520.2935791015625,108.69314575195312,172.10772705078125,49.90032958984375,-19.72985076904297,27.3441162109375,20.329547882080078,14.210622787475586,13.099419593811035,13.446207046508789,-9.29665756225586,8.564475059509277,-11.318523406982422,8.349678993225098,-12.613004684448242,8.008410453796387,-15.822002410888672,9.703513145446777,-11.785927772521973,8.23697280883789,-5.104201793670654,7.537720203399658,-4.433196544647217,7.461859703063965,-6.52745246887207,10.332365989685059
Q4_61EA0xRX8gE_2.wav,Calm,123.046875,0.017711466178297997,0.009758138097822666,0.054828673435765814,850.6498092823447,1634.1514392645324,0.4330560564994812,0.28634893894195557,0.2160627245903015,0.23468230664730072,0.19680210947990417,0.2740893065929413,0.4112297594547272,0.38732436299324036,0.25832897424697876,0.15759696066379547,0.1359936147928238,0.24701018631458282,-419.41864013671875,117.78852844238281,175.03762817382812,51.209754943847656,-33.06061553955078,27.200603485107422,28.054302215576172,14.745848655700684,8.29140567779541,12.392452239990234,-0.9202980995178223,7.97200345993042,-6.426722049713135,8.725149154663086,-7.8425140380859375,9.066485404968262,-5.234539985656738,7.384373188018799,-8.020888328552246,8.008955001831055,-4.03273344039917,7.014068126678467,-5.318683624267578,6.7585673332214355,-8.226274490356445,6.508536338806152
Q4_6kRPHamGDSo_2.wav,Calm,107.666015625,0.012760821729898453,0.008353293873369694,0.07921332575661241,1006.8393472004334,1715.4712137589013,0.1865754872560501,0.14090849459171295,0.35686877369880676,0.1768941730260849,0.08430264890193939,0.1335386037826538,0.14482071995735168,0.21529866755008698,0.105006642639637,0.3255307972431183,0.37165090441703796,0.09683588892221451,-484.2164611816406,133.0201873779297,145.04803466796875,66.10161590576172,-33.789405822753906,20.923376083374023,10.078412055969238,13.31166934967041,0.3731217682361603,14.995503425598145,-6.183874607086182,10.316218376159668,-6.531020164489746,9.740255355834961,-6.751675605773926,12.077380180358887,-5.343373775482178,14.484407424926758,-3.7989988327026367,9.86316967010498,-6.29954195022583,10.94538402557373,-7.420033931732178,13.925176620483398,-3.99334716796875,13.32335376739502
Q4_6oLmO9ZSJt0_0.wav,Calm,107.666015625,0.008755570277571678,0.004724808037281036,0.07112718999160722,962.0463363998782,1594.2025156217217,0.11589455604553223,0.09928641468286514,0.30998507142066956,0.13290490210056305,0.25949376821517944,0.09196911752223969,0.22787335515022278,0.4408199191093445,0.14021676778793335,0.16083259880542755,0.07219478487968445,0.20374903082847595,-520.9114379882812,102.69000244140625,160.43637084960938,46.13050079345703,-32.954986572265625,23.54929542541504,16.631389617919922,14.37994384765625,3.780214786529541,15.33361530303955,-6.114798545837402,8.803004264831543,-3.3092782497406006,8.203767776489258,-7.774447441101074,10.340896606445312,-7.8981523513793945,10.784133911132812,-6.62274694442749,12.572776794433594,-1.4332060813903809,13.772651672363281,-6.909443378448486,10.353907585144043,-10.477062225341797,12.171826362609863
Q4_6oLmO9ZSJt0_1.wav,Calm,107.666015625,0.005693790968507528,0.004806749988347292,0.08217823855738682,1099.6333589938058,1925.9303716367156,0.0917048454284668,0.07028878480195999,0.23799455165863037,0.14525502920150757,0.37162888050079346,0.1015050858259201,0.12093750387430191,0.23319397866725922,0.14569759368896484,0.17287398874759674,0.09423848986625671,0.27317526936531067,-602.3876342773438,119.88036346435547,125.71842956542969,58.08018493652344,-19.559843063354492,21.728654861450195,7.800086975097656,18.112422943115234,-2.0243935585021973,15.969465255737305,-7.827589988708496,10.291868209838867,-6.1400041580200195,8.779792785644531,-6.718164443969727,11.959879875183105,-7.632048606872559,14.33041763305664,0.04955259710550308,13.270940780639648,3.1265757083892822,13.424840927124023,-4.048396110534668,14.703276634216309,-7.9767937660217285,13.564138412475586
Q4_7gifuoofgpk_0.wav,Calm,198.76802884615384,0.005614882335066795,0.0038296415004879236,0.05044112796833773,826.3467306469408,1541.266948126237,0.055268630385398865,0.06755758076906204,0.23314732313156128,0.2474939376115799,0.10713840276002884,0.18883568048477173,0.13191625475883484,0.3302040100097656,0.35118433833122253,0.17999468743801117,0.3990163803100586,0.16050003468990326,-566.5196533203125,99.14645385742188,155.90016174316406,53.70407485961914,-16.808998107910156,23.30329704284668,16.151107788085938,12.316036224365234,15.256376266479492,12.47026538848877,-9.343795776367188,9.051422119140625,-11.388459205627441,7.28291654586792,-11.184534072875977,8.42485523223877,-10.30621337890625,9.052486419677734,-11.391634941101074,9.753327369689941,-10.119059562683105,8.462679862976074,-14.306818962097168,9.601386070251465,-11.231825828552246,7.885774612426758
Q4_7gifuoofgpk_1.wav,Calm,92.28515625,0.0063134729862213135,0.005252865608781576,0.05208372766505148,777.7069719972264,1415.7591960128332,0.043285075575113297,0.05095207691192627,0.19262827932834625,0.14430327713489532,0.05607113242149353,0.14981256425380707,0.10620531439781189,0.2568247616291046,0.34864649176597595,0.19030293822288513,0.45759671926498413,0.1907128542661667,-582.6427612304688,125.93618774414062,142.61099243164062,70.97044372558594,-16.220178604125977,24.666162490844727,15.82650089263916,14.89748764038086,10.317431449890137,13.137410163879395,-10.74931812286377,8.45676040649414,-9.394415855407715,8.852219581604004,-10.309684753417969,9.236051559448242,-9.507733345031738,10.312413215637207,-6.114117622375488,9.405648231506348,-5.911787509918213,8.920417785644531,-11.171432495117188,9.761482238769531,-11.410714149475098,9.914190292358398
Q4_7yW9c7t8Hq0_0.wav,Calm,103.359375,0.008039362728595734,0.007282323203980923,0.06891830563970064,1009.5288737233612,1772.5064593727727,0.23792430758476257,0.08701210469007492,0.11991196125745773,0.056073207408189774,0.13136722147464752,0.20514607429504395,0.1158982440829277,0.2814154624938965,0.15271878242492676,0.43321892619132996,0.25767114758491516,0.09077823162078857,-555.47705078125,132.0465545654297,120.33929443359375,69.00543975830078,-19.74295425415039,19.87492561340332,10.84643840789795,17.673294067382812,4.439717769622803,17.001829147338867,-8.844189643859863,8.80880355834961,-10.004475593566895,9.460468292236328,-9.478598594665527,10.118572235107422,-7.204985618591309,12.236262321472168,-4.770890712738037,11.873584747314453,-4.7749714851379395,10.908153533935547,-6.282804489135742,12.598594665527344,-4.902627944946289,11.382691383361816
Q4_8TYY0qG-KOw_0.wav,Calm,135.99917763157896,0.011596889235079288,0.007454820442944765,0.05346293976740784,823.8623681800738,1531.4781979136192,0.1648971289396286,0.3486616611480713,0.14531216025352478,0.16673783957958221,0.07842874526977539,0.14422845840454102,0.34728267788887024,0.20186027884483337,0.37446653842926025,0.19691750407218933,0.4215305745601654,0.19431890547275543,-490.1048889160156,135.9998779296875,166.27359008789062,75.43782043457031,-27.44556427001953,22.392499923706055,18.989246368408203,14.049629211425781,11.965506553649902,11.49754810333252,-9.655701637268066,7.872633457183838,-8.69127368927002,8.927789688110352,-9.960996627807617,7.39777135848999,-8.622167587280273,7.892172813415527,-7.482293128967285,7.6688737869262695,-3.4407074451446533,6.514586925506592,-5.687355041503906,7.385927677154541,-7.495674133300781,8.013518333435059
Q4_9eMxCs-LXCE_0.wav,Calm,151.99908088235293,0.005145728588104248,0.0038690969813615084,0.05444646724717114,836.4391139463863,1553.3601968595297,0.2542096972465515,0.1297418624162674,0.16496607661247253,0.15110696852207184,0.3653210997581482,0.19444231688976288,0.14124374091625214,0.37524423003196716,0.2112964540719986,0.16756516695022583,0.10083530843257904,0.18631313741207123,-573.2100830078125,92.299560546875,151.0939178466797,51.35673522949219,-17.706552505493164,18.67331886291504,12.887929916381836,14.24786376953125,18.190532684326172,13.470805168151855,-7.589046955108643,8.504436492919922,-12.98646354675293,10.508296966552734,-11.617962837219238,9.779651641845703,-9.339670181274414,8.352697372436523,-7.4900803565979,7.845469951629639,-6.043122291564941,7.172012805938721,-10.014361381530762,8.721811294555664,-9.984407424926758,9.88226318359375
Q4_9eMxCs-LXCE_1.wav,Calm,215.33203125,0.007601457182317972,0.004651252180337906,0.058168662150813295,891.9660054370379,1641.0082524365719,0.2513844668865204,0.11744949966669083,0.14112156629562378,0.12282068282365799,0.3239007294178009,0.24205704033374786,0.1431763619184494,0.22875230014324188,0.17278562486171722,0.283788800239563,0.10694725811481476,0.20195989310741425,-536.909912109375,100.28998565673828,149.6084442138672,53.83763885498047,-26.770221710205078,16.35556983947754,20.052879333496094,13.766156196594238,10.768089294433594,14.538926124572754,-12.0194673538208,9.816315650939941,-11.777627944946289,10.565184593200684,-12.169764518737793,10.617033004760742,-8.509188652038574,10.735477447509766,-6.165154933929443,10.105920791625977,-6.374730587005615,9.293956756591797,-8.902871131896973,9.502015113830566,-9.349961280822754,9.957772254943848
Q4_9eMxCs-LXCE_2.wav,Calm,117.45383522727273,0.008767388761043549,0.00503072515130043,0.061464653097885034,965.9309968859601,1776.7811938635439,0.37371307611465454,0.09449148178100586,0.06282629817724228,0.1243860051035881,0.3640812635421753,0.26060011982917786,0.15800419449806213,0.3150726556777954,0.15237009525299072,0.1997247338294983,0.079340361058712,0.21934324502944946,-509.0805969238281,94.49368286132812,155.52084350585938,47.557899475097656,-32.91993713378906,14.856719970703125,21.480730056762695,14.168850898742676,9.3441162109375,15.852190971374512,-10.744494438171387,8.353214263916016,-11.863097190856934,9.838220596313477,-13.147613525390625,10.174551963806152,-9.884489059448242,10.12574291229248,-7.033714771270752,9.848100662231445,-7.11522912979126,10.409810066223145,-8.595623970031738,10.135564804077148,-9.580598831176758,10.238797187805176
Q4_9v2WSpn4FCw_9.wav,Calm,89.10290948275862,0.0191352479159832,0.011595982126891613,0.04590638133812364,784.446497980316,1490.31018569516,0.37145280838012695,0.23657061159610748,0.3045445680618286,0.35709160566329956,0.1819583773612976,0.24756169319152832,0.2061900645494461,0.33780989050865173,0.45535850524902344,0.29510006308555603,0.30307087302207947,0.20958161354064941,-411.6568908691406,115.5055923461914,176.9326171875,52.78152847290039,-24.728469848632812,21.749025344848633,21.294557571411133,15.483309745788574,9.303627967834473,13.232633590698242,-1.886472225189209,7.9344258308410645,-6.1212310791015625,9.360870361328125,-6.259677886962891,8.659807205200195,-4.377495765686035,6.303750991821289,-4.804321765899658,6.89587926864624,-2.8123443126678467,6.147470951080322,-4.239565849304199,7.577521800994873,-10.020611763000488,6.346100330352783
Q4_a5QCcwEjxAk_0.wav,Calm,143.5546875,0.005120550282299519,0.003737065475434065,0.054663218382685355,834.7217148403306,1507.0857180824762,0.3400397300720215,0.15132789313793182,0.1590520739555359,0.11431218683719635,0.2592153549194336,0.2465587705373764,0.13746905326843262,0.21901671588420868,0.20428746938705444,0.3617440462112427,0.21231800317764282,0.1973416954278946,-564.526123046875,90.78445434570312,149.29263305664062,48.74994659423828,-12.084343910217285,23.094215393066406,14.386211395263672,11.222749710083008,15.834249496459961,14.654891014099121,-7.7382354736328125,8.036038398742676,-8.277175903320312,8.843703269958496,-7.925535678863525,8.531559944152832,-8.580044746398926,9.822482109069824,-5.548820972442627,8.40627384185791,-5.866399765014648,9.576281547546387,-8.363656044006348,10.854737281799316,-7.382330417633057,11.047200202941895
Q4_a5QCcwEjxAk_1.wav,Calm,143.5546875,0.005031168460845947,0.003996678162366152,0.058343327883790735,874.4358764929716,1558.6333233946184,0.21760135889053345,0.1415715515613556,0.1688460111618042,0.12030234932899475,0.24858969449996948,0.19944925606250763,0.10819603502750397,0.16075295209884644,0.21084481477737427,0.4638518989086151,0.24197779595851898,0.14404527842998505,-574.6212768554688,102.63316345214844,141.72052001953125,59.759002685546875,-10.96893310546875,19.740314483642578,11.411273002624512,11.599787712097168,12.570274353027344,14.323858261108398,-7.287564754486084,7.350593090057373,-6.74602746963501,8.924623489379883,-5.9748663902282715,8.94211196899414,-5.741805553436279,8.990297317504883,-3.123952627182007,9.266364097595215,-3.4753382205963135,9.496349334716797,-7.001440525054932,11.17168140411377,-7.085190296173096,12.194485664367676
Q4_ADJ_PDauy-g_0.wav,Calm,198.76802884615384,0.003279663622379303,0.0029094975907355547,0.04379279080802603,725.5874760353055,1337.9370832132931,0.3441244065761566,0.22612687945365906,0.37193673849105835,0.16738547384738922,0.1510244607925415,0.3079007863998413,0.1991279423236847,0.267402321100235,0.27158525586128235,0.5131201148033142,0.3407640755176544,0.19080370664596558,-604.3861694335938,91.87136840820312,171.47061157226562,51.75795364379883,-8.383040428161621,23.42218589782715,9.415285110473633,12.889439582824707,19.81395721435547,13.193822860717773,-2.8729562759399414,7.294216156005859,-2.8917317390441895,7.296160697937012,-2.5220515727996826,7.787628173828125,-5.646169662475586,5.465915679931641,-5.767768859863281,7.102878570556641,-4.466189384460449,5.634443759918213,-7.848626613616943,5.561227321624756,-10.724496841430664,8.288366317749023
Q4_ADJ_PDauy-g_1.wav,Calm,99.38401442307692,0.005225389264523983,0.0038774311542510986,0.05014724407708628,781.5060166415901,1444.0342667079208,0.323335200548172,0.14458785951137543,0.1399393081665039,0.15298078954219818,0.33972564339637756,0.2519336938858032,0.16569820046424866,0.2892482578754425,0.3435041904449463,0.6911604404449463,0.2766498625278473,0.18678578734397888,-579.8634033203125,136.94236755371094,179.30743408203125,72.85773468017578,-23.01466941833496,29.268199920654297,15.997237205505371,14.758929252624512,11.811366081237793,12.433064460754395,-7.1136860847473145,6.5104780197143555,-6.086612224578857,8.20726203918457,-9.394522666931152,7.885280132293701,-8.396419525146484,5.995369911193848,-5.993552207946777,6.5525383949279785,-4.277109622955322,9.070768356323242,-5.337091445922852,7.3937907218933105,-8.242334365844727,6.976114273071289
Q4_ADJ_PDauy-g_2.wav,Calm,89.10290948275862,0.0034752420615404844,0.003141960594803095,0.047367517963665944,759.4414990827576,1364.4448766480816,0.4572395086288452,0.2362363040447235,0.2642081081867218,0.14557936787605286,0.15359832346439362,0.2692916989326477,0.20216891169548035,0.3679991066455841,0.2860296070575714,0.5776386857032776,0.3026205897331238,0.22714416682720184,-596.27001953125,109.48841857910156,173.28488159179688,62.17713928222656,-10.687507629394531,25.64482879638672,6.5506391525268555,12.769274711608887,14.692672729492188,13.02836799621582,-3.456206798553467,8.847249984741211,-2.8748226165771484,7.01086950302124,-3.8310000896453857,7.396353244781494,-7.2607645988464355,6.047207355499268,-4.824915885925293,6.402991771697998,-2.7819666862487793,6.415186882019043,-5.261285781860352,6.991288661956787,-7.545317649841309,8.74361515045166
Q4_AjN_5CdVUdw_0.wav,Calm,172.265625,0.005720202345401049,0.003587819403037429,0.055193298066143495,857.0271951543525,1562.610476369815,0.3406241834163666,0.22662042081356049,0.1524660885334015,0.3734011650085449,0.09598908573389053,0.023636288940906525,0.04716997593641281,0.28402647376060486,0.6551629900932312,0.14235560595989227,0.03474188968539238,0.09271878004074097,-563.21142578125,91.4714584350586,157.33612060546875,50.324344635009766,-25.91225242614746,24.02581024169922,7.5620832443237305,9.84449577331543,16.52553939819336,12.661847114562988,-13.187071800231934,7.982269763946533,-17.636493682861328,9.96945858001709,-15.44286060333252,8.283116340637207,-12.388771057128906,8.098282814025879,-11.26144027709961,9.14079475402832,-11.093674659729004,8.847800254821777,-7.673754692077637,7.421250820159912,-2.5374112129211426,5.341853618621826
Q4_aQ4PIaRMLwE_0.wav,Calm,215.33203125,0.005578916519880295,0.004554536659270525,0.05264090250474512,769.8239678099563,1399.8216873135846,0.563597559928894,0.15959781408309937,0.027976136654615402,0.08530987054109573,0.3189108073711395,0.21867989003658295,0.11065772920846939,0.27870476245880127,0.21703116595745087,0.5407270193099976,0.17651335895061493,0.1550578624010086,-565.0308837890625,99.13245391845703,157.1890106201172,50.247413635253906,-12.157373428344727,27.930492401123047,13.878857612609863,15.988428115844727,18.770353317260742,14.403890609741211,-5.180844306945801,7.5095601081848145,-9.306439399719238,7.958277225494385,-8.947153091430664,8.16872501373291,-6.895583152770996,8.619794845581055,-7.177628517150879,7.213636875152588,-11.271827697753906,9.166894912719727,-11.824501991271973,7.753465175628662,-5.689308166503906,6.035244941711426
Q4_aQ4PIaRMLwE_1.wav,Calm,215.33203125,0.007319152355194092,0.004174312576651573,0.06013220664994577,861.3625447795295,1525.1498340267422,0.4205019772052765,0.125030979514122,0.053820136934518814,0.07548173516988754,0.30208125710487366,0.2759031057357788,0.1112842857837677,0.23330894112586975,0.2063855677843094,0.5596222281455994,0.1719978004693985,0.10597527772188187,-533.2096557617188,96.20697784423828,164.62045288085938,48.972225189208984,-28.874465942382812,23.714956283569336,18.32120132446289,12.996234893798828,14.059972763061523,16.76654624938965,-6.886913776397705,7.421395778656006,-6.327847003936768,9.249764442443848,-10.217705726623535,7.6151885986328125,-11.070042610168457,7.9870147705078125,-9.922142028808594,7.915864944458008,-9.366008758544922,8.936395645141602,-7.348999500274658,8.383995056152344,-4.231029510498047,9.033102035522461
Q4_aQ4PIaRMLwE_2.wav,Calm,103.359375,0.007159259170293808,0.003987055271863937,0.059573921378418326,861.8137591362782,1536.6916563452744,0.4301914870738983,0.13629914820194244,0.06521984189748764,0.07532951980829239,0.2632981836795807,0.3164796531200409,0.13747434318065643,0.2743988633155823,0.20011542737483978,0.5264557600021362,0.16470737755298615,0.11216259002685547,-531.0587768554688,96.20094299316406,171.91799926757812,46.32929611206055,-31.025850296020508,25.373428344726562,19.857704162597656,12.788415908813477,14.852242469787598,16.63994789123535,-6.30096435546875,7.6468963623046875,-6.118256568908691,8.289259910583496,-9.702585220336914,7.678267478942871,-9.751057624816895,7.996868133544922,-8.773115158081055,8.180676460266113,-9.270785331726074,9.257745742797852,-8.30309772491455,8.428250312805176,-5.373068332672119,9.155163764953613
Q4_B3aRl8iTEKw_0.wav,Calm,117.45383522727273,0.007347792852669954,0.0033771819435060024,0.05330099587912088,824.2864784941293,1540.2676532451924,0.2758006453514099,0.17755739390850067,0.2169511616230011,0.12899276614189148,0.23061609268188477,0.2826859951019287,0.15333150327205658,0.21589113771915436,0.23811748623847961,0.4258081316947937,0.2718690037727356,0.14266611635684967,-514.9429931640625,77.46163940429688,177.63449096679688,43.7165641784668,-28.71363639831543,13.022254943847656,20.081195831298828,11.22558307647705,16.182689666748047,12.581582069396973,-10.174177169799805,8.115447044372559,-8.058311462402344,7.592406749725342,-11.08685302734375,8.249390602111816,-11.088473320007324,9.591915130615234,-9.097174644470215,9.697839736938477,-8.588571548461914,8.759784698486328,-8.281279563903809,10.929248809814453,-7.463744163513184,9.273275375366211
Q4_B3aRl8iTEKw_1.wav,Calm,123.046875,0.007782388478517532,0.004391309805214405,0.057213714892830746,864.1224818460911,1581.5604537659367,0.37990644574165344,0.14552032947540283,0.18125511705875397,0.1404467672109604,0.20300328731536865,0.34825214743614197,0.16526690125465393,0.25859686732292175,0.25807273387908936,0.36958497762680054,0.22209064662456512,0.18533465266227722,-516.5776977539062,88.79042053222656,175.76165771484375,43.32187271118164,-28.877635955810547,18.99781036376953,19.848764419555664,13.265592575073242,11.367554664611816,14.31654167175293,-9.051953315734863,8.870887756347656,-8.680468559265137,8.269233703613281,-10.325766563415527,9.14120101928711,-9.462081909179688,10.000904083251953,-8.299590110778809,9.179668426513672,-7.402447700500488,9.709942817687988,-7.640073776245117,10.701729774475098,-8.364579200744629,10.031644821166992
Q4_BaHHHgDd0BU_0.wav,Calm,143.5546875,0.002952460665255785,0.0022105008829385042,0.054718717680518995,852.5942857965653,1564.9917401690016,0.11277440935373306,0.24529579281806946,0.19125528633594513,0.22872982919216156,0.11947272717952728,0.2182450294494629,0.32461658120155334,0.2317080944776535,0.3954665958881378,0.239709734916687,0.3930904269218445,0.18556183576583862,-613.7613525390625,96.29133605957031,157.25784301757812,56.833824157714844,-11.382678985595703,20.392791748046875,8.14220905303955,11.023104667663574,14.728372573852539,14.094589233398438,-5.879795074462891,7.868300437927246,-5.250838279724121,7.800857067108154,-4.311767101287842,7.94996976852417,-5.064414024353027,9.353137969970703,-1.3706636428833008,11.476737022399902,-0.5760648846626282,10.226631164550781,-4.046377182006836,8.438313484191895,-6.783313274383545,9.06881046295166
Q4_BaHHHgDd0BU_1.wav,Calm,95.703125,0.003935774322599173,0.0028411000967025757,0.05167461268793369,821.0519322637499,1517.8542373174876,0.13571764528751373,0.2983993589878082,0.14458851516246796,0.17240142822265625,0.12151786684989929,0.22069291770458221,0.4727518856525421,0.2731419801712036,0.381186306476593,0.2151683121919632,0.3449978828430176,0.22567841410636902,-581.68212890625,97.00385284423828,160.43528747558594,53.40767288208008,-12.71731185913086,21.404529571533203,13.210320472717285,11.034671783447266,16.344289779663086,12.112732887268066,-4.2812418937683105,8.380081176757812,-3.989335298538208,7.49826192855835,-5.819969177246094,8.724165916442871,-7.017486095428467,9.921943664550781,-0.7026296854019165,10.470434188842773,-0.788228452205658,9.603689193725586,-3.7866594791412354,8.763040542602539,-5.574093341827393,9.387608528137207
Q4_bfopzItCYrE_2.wav,Calm,151.99908088235293,0.012778299860656261,0.00765722943469882,0.05479017596378505,888.2620986276162,1668.672308520736,0.5006018877029419,0.21321052312850952,0.2462318241596222,0.1636098325252533,0.2288362681865692,0.17962788045406342,0.18099145591259003,0.25969403982162476,0.17524640262126923,0.24957376718521118,0.14639343321323395,0.3375946581363678,-476.3515930175781,141.18370056152344,164.6636962890625,69.9118881225586,-31.746463775634766,22.368961334228516,23.861085891723633,14.140430450439453,7.432839870452881,12.543004035949707,-2.5519487857818604,7.440661907196045,-1.1481586694717407,7.351799964904785,-6.181181907653809,6.409434795379639,-8.225295066833496,9.112385749816895,-1.8236854076385498,7.831695079803467,-4.082907199859619,7.440219879150391,-2.757474899291992,7.236825466156006,-1.9783120155334473,8.726432800292969
Q4_BIRDDxz0E4c_1.wav,Calm,99.38401442307692,0.006922905799001455,0.005104252602905035,0.058917466394124166,920.0921944764051,1690.030184659091,0.1474711000919342,0.20401255786418915,0.11548881232738495,0.23186707496643066,0.1792290210723877,0.45312023162841797,0.2339434027671814,0.10502245277166367,0.14432238042354584,0.1913517713546753,0.2859936058521271,0.09315524995326996,-554.0899047851562,133.23193359375,145.388916015625,69.0697021484375,-24.574922561645508,22.983732223510742,18.78978729248047,13.915865898132324,9.937727928161621,13.3422212600708,-8.337770462036133,9.88595962524414,-7.983186721801758,10.358739852905273,-9.968243598937988,11.43182373046875,-7.3114471435546875,10.860859870910645,-5.901484489440918,9.176851272583008,-5.145181655883789,11.127467155456543,-4.2531633377075195,9.264165878295898,-6.655080795288086,9.421171188354492
Q4_biROWEwkDQQ_0.wav,Calm,129.19921875,0.00843609869480133,0.005617721471935511,0.05455378605769231,839.6814096837486,1527.5181039663462,0.14109757542610168,0.14697577059268951,0.09629692137241364,0.18199211359024048,0.26115188002586365,0.14656217396259308,0.35626208782196045,0.14739541709423065,0.29731985926628113,0.2651135325431824,0.16273808479309082,0.3771423101425171,-519.4190673828125,96.32699584960938,160.7742156982422,55.26182174682617,-21.78595733642578,19.274810791015625,12.37917709350586,12.743088722229004,12.643087387084961,15.305404663085938,-8.976600646972656,8.75331974029541,-8.586128234863281,10.948138236999512,-9.114151954650879,11.607009887695312,-7.826809883117676,9.75068187713623,-3.6452722549438477,10.34451675415039,-2.5583138465881348,12.425540924072266,-8.034622192382812,12.610462188720703,-8.940657615661621,10.698144912719727
Q4_biROWEwkDQQ_1.wav,Calm,129.19921875,0.008583622984588146,0.005625579971820116,0.06146244745473023,919.9128348231135,1623.3019234600195,0.11818355321884155,0.13035356998443604,0.08785471320152283,0.15972773730754852,0.268380343914032,0.11412739753723145,0.26080530881881714,0.11872481554746628,0.3089102506637573,0.2513098120689392,0.1417863517999649,0.34125399589538574,-528.5062866210938,92.388427734375,150.26864624023438,47.01862716674805,-22.272918701171875,18.491275787353516,12.505365371704102,15.433804512023926,8.017019271850586,15.564717292785645,-11.431924819946289,9.419341087341309,-11.047013282775879,10.402653694152832,-10.998058319091797,11.780364036560059,-8.95627212524414,13.082372665405273,-4.783297538757324,12.56491470336914,-3.70150089263916,12.278507232666016,-7.682003021240234,12.849663734436035,-8.511148452758789,11.707974433898926
Q4_biROWEwkDQQ_2.wav,Calm,135.99917763157896,0.011171904392540455,0.0071699656546115875,0.0564672747966761,844.5038592073766,1551.8144966352104,0.11318346112966537,0.22245286405086517,0.16389529407024384,0.30503347516059875,0.31266069412231445,0.12019367516040802,0.22867554426193237,0.1285717487335205,0.30099767446517944,0.22515593469142914,0.11170849204063416,0.22060900926589966,-497.6318054199219,118.84437561035156,165.16075134277344,57.5053596496582,-25.88845443725586,28.79937744140625,19.404888153076172,14.143623352050781,8.509644508361816,14.097766876220703,-9.101709365844727,8.920753479003906,-10.240817070007324,9.625682830810547,-11.603592872619629,8.537057876586914,-8.830655097961426,7.938477516174316,-6.833516597747803,8.070598602294922,-5.225096225738525,7.131499767303467,-7.8136186599731445,9.91738224029541,-10.21593952178955,11.50828742980957
Q4_Cir1kZyB7QM_0.wav,Calm,112.34714673913044,0.004386275541037321,0.0034163782838732004,0.06491751481269113,1026.155560127443,2009.7491623064793,0.18652983009815216,0.1977185755968094,0.09168348461389542,0.16897833347320557,0.20448438823223114,0.3450275659561157,0.1347900629043579,0.16069850325584412,0.2974056005477905,0.12798668444156647,0.1495438665151596,0.07747828960418701,-609.4839477539062,104.12892150878906,125.80886840820312,57.61402893066406,-18.853282928466797,16.193878173828125,16.716045379638672,12.837536811828613,16.0524959564209,13.298888206481934,-7.883580207824707,8.68895149230957,-10.432306289672852,9.258367538452148,-10.260472297668457,8.212392807006836,-11.23164176940918,10.416803359985352,-10.891274452209473,10.412514686584473,-7.86277961730957,9.267836570739746,-5.1882405281066895,11.66571044921875,-6.378138542175293,14.148603439331055
Q4_Cir1kZyB7QM_1.wav,Calm,83.35433467741936,0.004454997833818197,0.0032422069925814867,0.050245314710042434,797.8001711613333,1466.8695128790223,0.18284940719604492,0.13690418004989624,0.15007658302783966,0.3193012475967407,0.253150999546051,0.1951024979352951,0.1530848741531372,0.19512605667114258,0.2786034643650055,0.3449130654335022,0.14165163040161133,0.1458979696035385,-603.2952270507812,105.72046661376953,147.05801391601562,56.940792083740234,-14.716357231140137,24.536117553710938,16.673830032348633,13.967377662658691,15.076003074645996,14.352960586547852,-10.45042896270752,8.966752052307129,-14.296468734741211,9.746894836425781,-13.004586219787598,8.23399543762207,-10.7936372756958,8.921804428100586,-11.490618705749512,9.898001670837402,-9.720691680908203,8.654711723327637,-10.039794921875,8.85824203491211,-10.636677742004395,10.404088973999023
Q4_CkjAksZstEA_0.wav,Calm,123.046875,0.005756732076406479,0.0037108687683939934,0.05884652360325318,820.2689676327107,1470.5167562654703,0.16027133166790009,0.1796170324087143,0.16486620903015137,0.4208841025829315,0.13185691833496094,0.1542598158121109,0.5473610162734985,0.21761977672576904,0.15242649614810944,0.07325092703104019,0.1722717583179474,0.49595022201538086,-569.0639038085938,114.99261474609375,165.25755310058594,57.463043212890625,-25.647785186767578,34.470272064208984,13.847295761108398,14.469093322753906,10.25,12.090497016906738,-9.609598159790039,8.509244918823242,-9.94086742401123,10.136222839355469,-16.03986167907715,9.346351623535156,-10.47851276397705,7.562634468078613,-8.324296951293945,8.203217506408691,-12.203658103942871,7.542021751403809,-15.502547264099121,8.583560943603516,-12.36456298828125,7.474002838134766
Q4_CkjAksZstEA_1.wav,Calm,198.76802884615384,0.005838463548570871,0.003268455620855093,0.05367863255829718,806.8374586031072,1504.3815033554772,0.12848252058029175,0.17716215550899506,0.24917194247245789,0.2998901605606079,0.22312280535697937,0.18257677555084229,0.3265700042247772,0.19181177020072937,0.17519208788871765,0.17826959490776062,0.2942836582660675,0.3487957715988159,-555.7318725585938,95.65794372558594,166.06622314453125,54.84324264526367,-25.466991424560547,19.63534927368164,15.131497383117676,12.965866088867188,12.606178283691406,12.000975608825684,-14.610203742980957,10.225829124450684,-12.199649810791016,10.589929580688477,-10.713088989257812,8.997787475585938,-7.940085411071777,8.416444778442383,-9.683388710021973,10.959577560424805,-11.121533393859863,9.29106330871582,-12.308257102966309,9.629239082336426,-9.97555160522461,8.15229606628418
Q4_cXxGBDgFCs8_0.wav,Calm,71.77734375,0.00664355605840683,0.0041291117668151855,0.05250279017857143,803.8995589519243,1476.7660006009614,0.20682187378406525,0.16853153705596924,0.11501582711935043,0.2647617757320404,0.19890594482421875,0.22596073150634766,0.24449975788593292,0.3457874655723572,0.6296654343605042,0.2926693558692932,0.45973289012908936,0.15441220998764038,-537.3980102539062,93.81204223632812,166.8829345703125,48.17219543457031,-21.858638763427734,23.930240631103516,16.37241554260254,10.467411994934082,13.81053352355957,16.309375762939453,-13.431811332702637,10.470440864562988,-13.120428085327148,8.927751541137695,-16.240901947021484,9.04834270477295,-16.939468383789062,9.74659538269043,-11.727417945861816,11.920695304870605,-8.129586219787598,12.409403800964355,-11.73735237121582,11.001923561096191,-11.33575439453125,10.699694633483887
Q4_cXxGBDgFCs8_1.wav,Calm,69.83741554054055,0.007328381296247244,0.0046263523399829865,0.05197778078589109,816.4542794954942,1582.6828154006807,0.25497308373451233,0.26840096712112427,0.1497822105884552,0.250831663608551,0.1492641419172287,0.22847072780132294,0.11411470174789429,0.27017566561698914,0.4494476020336151,0.2669648826122284,0.3931567072868347,0.15030710399150848,-523.1251831054688,101.35584259033203,163.63543701171875,56.89012908935547,-24.332136154174805,16.931421279907227,19.373088836669922,13.46484661102295,17.55201530456543,14.278636932373047,-8.899230003356934,8.201162338256836,-9.487154006958008,8.075913429260254,-10.396188735961914,8.46625804901123,-11.552046775817871,10.585450172424316,-10.645276069641113,9.737446784973145,-10.365850448608398,8.6493501663208,-7.960902214050293,9.733560562133789,-4.365532875061035,8.982551574707031
Q4_cXxGBDgFCs8_2.wav,Calm,69.83741554054055,0.006986081600189209,0.005254131741821766,0.05734931704680978,822.2174268100371,1478.9792301403174,0.3021864891052246,0.18087971210479736,0.10098101198673248,0.20824284851551056,0.10156935453414917,0.19916018843650818,0.20217618346214294,0.34665820002555847,0.5395962595939636,0.2712858021259308,0.4799361526966095,0.18573954701423645,-542.4595336914062,109.89871215820312,157.93862915039062,56.12209701538086,-20.759862899780273,25.86038589477539,13.46381664276123,10.690762519836426,11.133626937866211,16.809223175048828,-12.13916301727295,10.83253002166748,-11.311833381652832,9.093341827392578,-12.606754302978516,8.534635543823242,-13.041305541992188,8.902030944824219,-10.173276901245117,11.334190368652344,-8.867204666137695,11.700749397277832,-11.66211986541748,11.516571044921875,-9.785778045654297,11.245123863220215
Q4_DvIH5yUrboc_0.wav,Calm,117.45383522727273,0.008206767961382866,0.004868595395237207,0.049060121408662095,794.4589529331865,1483.3348269323542,0.08815071731805801,0.07478240132331848,0.22288762032985687,0.6972349286079407,0.2406427562236786,0.23128560185432434,0.11994501948356628,0.2857051193714142,0.2949060797691345,0.13355137407779694,0.21111702919006348,0.07655992358922958,-520.1822509765625,114.18333435058594,169.6319580078125,58.52836608886719,-24.271114349365234,27.454801559448242,21.468088150024414,11.06887435913086,14.135720252990723,12.402558326721191,-7.801025867462158,7.410656929016113,-13.486163139343262,7.084284782409668,-14.647072792053223,8.545005798339844,-7.71824312210083,7.516672611236572,-13.144718170166016,8.757274627685547,-7.573249816894531,5.976987361907959,-9.864502906799316,6.645893573760986,-16.414669036865234,8.287575721740723
Q4_DvIH5yUrboc_1.wav,Calm,117.45383522727273,0.007941142655909061,0.0035871299915015697,0.0522572151233731,815.3031290956025,1559.6975463072804,0.23365770280361176,0.21589167416095734,0.14176376163959503,0.3322223722934723,0.15390358865261078,0.28834137320518494,0.12916582822799683,0.2758970856666565,0.5250447988510132,0.21561460196971893,0.26755961775779724,0.13019679486751556,-500.0814208984375,90.22035217285156,183.03298950195312,49.932464599609375,-34.156044006347656,15.360337257385254,21.89340591430664,9.588604927062988,16.50982093811035,12.031388282775879,-7.574295997619629,6.7978034019470215,-9.677454948425293,7.417246341705322,-14.770692825317383,8.654474258422852,-9.07959270477295,8.19611644744873,-9.462248802185059,7.836721420288086,-6.517212867736816,8.987265586853027,-7.297799587249756,6.959014892578125,-9.904012680053711,7.593700408935547
Q4_DvIH5yUrboc_2.wav,Calm,112.34714673913044,0.006388313602656126,0.0038345104549080133,0.052596995978735,815.6062021356429,1504.7176914360687,0.1734362542629242,0.15748079121112823,0.1510639786720276,0.34867143630981445,0.1477932631969452,0.24588780105113983,0.1390918791294098,0.3892928659915924,0.5092769861221313,0.19305814802646637,0.22964906692504883,0.11250559240579605,-536.5392456054688,114.10376739501953,173.32647705078125,59.04220962524414,-26.499441146850586,27.374874114990234,19.016435623168945,11.967365264892578,13.920016288757324,12.34233283996582,-6.496402263641357,7.223944187164307,-7.142776012420654,7.017185688018799,-10.269277572631836,7.32023286819458,-7.504931926727295,8.285970687866211,-8.88803482055664,7.811556339263916,-5.544243335723877,6.755438327789307,-9.039033889770508,7.167837619781494,-11.69391918182373,7.742004871368408
Q4_Dw7M69CidJ8_0.wav,Calm,135.99917763157896,0.004350909497588873,0.00324838375672698,0.05748665686881188,927.9165627817107,1694.6509030785892,0.2758673429489136,0.19551827013492584,0.08814691007137299,0.1557520031929016,0.07596687227487564,0.09478165954351425,0.08672570437192917,0.3136414885520935,0.34792011976242065,0.14718396961688995,0.30945539474487305,0.12523315846920013,-603.8788452148438,112.02667236328125,132.55287170410156,61.28644943237305,-21.826997756958008,17.343107223510742,15.039446830749512,15.42203140258789,14.187663078308105,15.297280311584473,-9.128157615661621,7.195878505706787,-10.245433807373047,9.598663330078125,-15.163620948791504,9.309802055358887,-17.5651798248291,8.815439224243164,-8.880767822265625,10.222285270690918,-6.860875606536865,10.77208137512207,-5.018704414367676,12.50321102142334,-1.1119753122329712,15.272355079650879
Q4_Dw7M69CidJ8_1.wav,Calm,143.5546875,0.005169872660189867,0.0037740562111139297,0.0551629255923887,880.6878851115889,1604.6565646130027,0.29365846514701843,0.19262658059597015,0.14363743364810944,0.2172495424747467,0.10582379996776581,0.1363012045621872,0.15518184006214142,0.4343307316303253,0.3559998869895935,0.13435262441635132,0.20656952261924744,0.1297687590122223,-565.7371826171875,100.6840591430664,146.53656005859375,52.51565170288086,-18.032150268554688,21.186906814575195,16.75975799560547,11.954930305480957,15.203450202941895,14.134360313415527,-7.661314010620117,8.005708694458008,-7.80877161026001,9.862166404724121,-11.77458667755127,10.089306831359863,-12.81706428527832,9.151848793029785,-6.260537147521973,10.189436912536621,-4.682219505310059,10.913207054138184,-5.7286834716796875,10.825428009033203,-5.736286163330078,11.495790481567383
Q4_Dw7M69CidJ8_2.wav,Calm,151.99908088235293,0.006122793070971966,0.0026910975575447083,0.06487891472342733,986.4785619166287,1790.1460262803348,0.2769671082496643,0.15034517645835876,0.1462590992450714,0.24609534442424774,0.1344767063856125,0.20029135048389435,0.12205728143453598,0.33319541811943054,0.29516837000846863,0.10124145448207855,0.16499444842338562,0.10030260682106018,-532.2200927734375,103.73993682861328,166.6422576904297,51.9264030456543,-36.42952346801758,16.16096305847168,26.899372100830078,12.646852493286133,2.5086357593536377,13.519553184509277,-9.381922721862793,8.479942321777344,-8.470763206481934,7.949401378631592,-11.31852912902832,7.8993401527404785,-12.594426155090332,11.241460800170898,-6.969821453094482,11.402483940124512,-0.6626017689704895,10.066516876220703,-0.5471584796905518,13.840097427368164,-5.696264266967773,12.785379409790039
Q4_Dw7M69CidJ8_3.wav,Calm,69.83741554054055,0.002306002425029874,0.0025624672416597605,0.0716495756718529,1045.3782101373247,1614.9445486540842,0.28972890973091125,0.12639835476875305,0.06080684810876846,0.20369380712509155,0.12950202822685242,0.06485912203788757,0.045882146805524826,0.2429267019033432,0.3269689977169037,0.10934118181467056,0.2522006034851074,0.09987207502126694,-710.6270141601562,105.79996490478516,98.85517883300781,47.82573699951172,-18.256696701049805,21.483671188354492,-3.6426949501037598,18.690166473388672,-4.834604740142822,13.986442565917969,-12.604750633239746,11.61834716796875,-11.180274963378906,12.01947021484375,-11.182068824768066,15.100465774536133,-13.48492431640625,15.24091911315918,-10.144362449645996,13.998480796813965,-6.326756954193115,12.962634086608887,-1.710943579673767,13.683015823364258,2.748993396759033,13.286033630371094
Q4_DX1IK3z1w10_0.wav,Calm,215.33203125,0.01440930925309658,0.009058182127773762,0.0572546836869577,862.8913944716893,1599.0797195931061,0.19779159128665924,0.22618292272090912,0.12307576835155487,0.2678977847099304,0.17441239953041077,0.4266839325428009,0.1809512972831726,0.18080689013004303,0.41876792907714844,0.18732395768165588,0.2790396809577942,0.10905719548463821,-456.3611755371094,111.30994415283203,166.49183654785156,52.2679443359375,-25.962207794189453,23.98513412475586,19.87834358215332,13.8983736038208,9.726312637329102,13.380941390991211,-7.781705379486084,8.505049705505371,-9.970285415649414,8.717556953430176,-10.926450729370117,8.686903953552246,-10.260337829589844,8.581597328186035,-6.977242469787598,8.499534606933594,-3.1698827743530273,8.876419067382812,-3.9412155151367188,9.783845901489258,-6.175169944763184,8.27386474609375
Q4_d_49EtXDMFE_0.wav,Calm,103.359375,0.00756958220154047,0.005378446541726589,0.05409621364899675,833.8358057325755,1548.3062015955463,0.0925820916891098,0.11137080937623978,0.07422737777233124,0.2654236853122711,0.35125136375427246,0.11356092244386673,0.17638756334781647,0.1670692265033722,0.49203234910964966,0.3114602863788605,0.12236137688159943,0.245366171002388,-535.463623046875,91.14570617675781,151.39523315429688,50.84321975708008,-15.856771469116211,17.458938598632812,14.622262954711914,12.836956024169922,17.216367721557617,13.863471031188965,-10.913593292236328,9.323140144348145,-14.023720741271973,9.630074501037598,-14.215129852294922,9.303897857666016,-16.590194702148438,10.18108081817627,-11.465356826782227,8.686565399169922,-5.175356388092041,8.319978713989258,-7.270917892456055,10.198038101196289,-7.736965656280518,10.922330856323242
Q4_d_49EtXDMFE_1.wav,Calm,107.666015625,0.007632143795490265,0.006025812588632107,0.058129108879683,854.6353612912353,1484.9346519272335,0.07822806388139725,0.10017068684101105,0.06310229748487473,0.2604120671749115,0.4379065930843353,0.11317311227321625,0.10498584806919098,0.08627111464738846,0.3103501498699188,0.38038021326065063,0.13143202662467957,0.23282939195632935,-561.934814453125,120.60352325439453,140.2664337158203,61.97745132446289,-17.752811431884766,23.920677185058594,15.560455322265625,13.961090087890625,9.310027122497559,14.362473487854004,-9.094673156738281,8.744958877563477,-11.163680076599121,9.87777328491211,-13.914590835571289,9.458616256713867,-14.304411888122559,10.32493782043457,-8.497529983520508,9.601550102233887,-5.5457682609558105,11.28696060180664,-8.845213890075684,11.392963409423828,-8.908164978027344,10.3992338180542
Q4_d_49EtXDMFE_2.wav,Calm,172.265625,0.00652418565005064,0.005571258720010519,0.06139670537924328,868.889051367079,1543.3321811185024,0.086811862885952,0.044613827019929886,0.06011322885751724,0.3171490430831909,0.48129746317863464,0.14734475314617157,0.15835045278072357,0.11684277653694153,0.35250145196914673,0.24681136012077332,0.11915301531553268,0.30816102027893066,-561.4069213867188,108.01240539550781,148.84814453125,56.32413864135742,-16.373491287231445,22.138639450073242,11.525777816772461,13.809330940246582,10.565396308898926,14.907984733581543,-7.506173133850098,7.43017578125,-10.634756088256836,9.981910705566406,-13.841279983520508,10.343425750732422,-13.546219825744629,8.627691268920898,-6.48106050491333,10.379034996032715,-1.6639965772628784,10.244017601013184,-6.7199811935424805,10.191402435302734,-8.31629467010498,10.59634017944336
Q4_E5qEloUO3SM_0.wav,Calm,135.99917763157896,0.003797220066189766,0.0022982601076364517,0.048599974244505496,792.4108663904373,1462.2180739182693,0.13202878832817078,0.20016635954380035,0.1318484991788864,0.23409901559352875,0.17304037511348724,0.09932521730661392,0.19718462228775024,0.21711046993732452,0.5474225282669067,0.3701366186141968,0.1722966730594635,0.1995341181755066,-587.4059448242188,80.62397003173828,168.0440673828125,47.622371673583984,-16.70499610900879,15.080331802368164,13.682982444763184,10.482040405273438,17.160655975341797,12.285810470581055,-7.159519672393799,6.749943733215332,-5.599885940551758,8.267810821533203,-7.793223857879639,8.66244125366211,-10.870931625366211,9.63917350769043,-5.952335357666016,8.335745811462402,-3.9368345737457275,8.493711471557617,-7.517748832702637,10.153223991394043,-6.884871959686279,9.192182540893555
Q4_E6MARl3zjnQ_0.wav,Calm,75.99954044117646,0.005103997886180878,0.0035280229058116674,0.06236665194244272,905.0938343125074,1556.3787016265937,0.24818018078804016,0.10792496055364609,0.3308599889278412,0.4110766053199768,0.10829085111618042,0.10883183777332306,0.10193310678005219,0.3582780659198761,0.35552501678466797,0.10556041449308395,0.14804761111736298,0.08975682407617569,-572.7039794921875,94.32238006591797,162.18231201171875,45.17573165893555,-27.597469329833984,21.92100715637207,18.893590927124023,13.889124870300293,11.23817253112793,14.63883113861084,-10.064658164978027,8.017400741577148,-7.645869255065918,8.825934410095215,-16.029003143310547,10.514636039733887,-21.899478912353516,9.9968843460083,-13.443892478942871,13.682332992553711,-3.8752267360687256,11.605027198791504,-3.5000500679016113,8.392559051513672,-5.2453789710998535,8.110221862792969
Q4_e838BE_MH6s_0.wav,Calm,135.99917763157896,0.012290336191654205,0.009160265326499939,0.06756843351748916,963.0344124059372,1792.499030851749,0.14980033040046692,0.10965517908334732,0.3074670135974884,0.24531149864196777,0.19193923473358154,0.22375322878360748,0.11397483199834824,0.22094157338142395,0.1272517740726471,0.23556430637836456,0.5160406827926636,0.1647929549217224,-489.62066650390625,115.51493072509766,140.0710906982422,55.135719299316406,-25.11634635925293,19.60979461669922,20.743776321411133,16.391334533691406,7.478376865386963,15.12903118133545,-12.831852912902832,11.800374031066895,-13.395411491394043,10.171613693237305,-15.206499099731445,9.91393756866455,-16.877731323242188,9.649031639099121,-13.286897659301758,11.256643295288086,-7.571371555328369,12.912871360778809,-5.967973232269287,12.83995532989502,-4.611042022705078,9.738035202026367
Q4_egYSmNuIFGk_0.wav,Calm,103.359375,0.007658039219677448,0.005209015216678381,0.06144715702228597,907.4404043397268,1553.6833235361044,0.1993347555398941,0.06197577342391014,0.06898999214172363,0.2168854922056198,0.17053215205669403,0.06222208961844444,0.15414325892925262,0.36338552832603455,0.38875657320022583,0.10484687238931656,0.1609051525592804,0.2681719660758972,-549.2540283203125,112.9945297241211,148.8049774169922,56.80377960205078,-24.11331558227539,19.1787109375,18.020183563232422,16.22335433959961,9.165984153747559,16.852771759033203,-7.5643720626831055,7.2950029373168945,-5.832136154174805,7.864676475524902,-8.57184886932373,9.803977966308594,-7.136228561401367,11.708178520202637,-2.881747245788574,9.394696235656738,-3.46651291847229,12.20553970336914,-10.151845932006836,14.237902641296387,-11.844558715820312,13.088582992553711
Q4_f2b4kpdw7_c_0.wav,Calm,161.4990234375,0.0037199968937784433,0.0023369353730231524,0.052361473775831086,872.6550188137596,1555.3144346992924,0.13662879168987274,0.11892873048782349,0.3547082543373108,0.24992835521697998,0.08101096749305725,0.10293005406856537,0.12788011133670807,0.23592565953731537,0.1134825274348259,0.2950417697429657,0.2536742687225342,0.09520305693149567,-612.1511840820312,85.22561645507812,139.4634552001953,44.933815002441406,-12.2293701171875,22.20001792907715,18.027881622314453,11.516732215881348,15.209075927734375,13.67611312866211,-12.353156089782715,8.664532661437988,-15.522689819335938,9.799083709716797,-15.85898208618164,9.284988403320312,-17.9652156829834,10.177603721618652,-16.00577163696289,9.985380172729492,-10.046404838562012,10.072196006774902,-8.510281562805176,11.961164474487305,-7.6754584312438965,11.486091613769531
Q4_f2b4kpdw7_c_1.wav,Calm,161.4990234375,0.003846974577754736,0.002093020360916853,0.052328917509700666,874.4187433765431,1620.0592108682094,0.1509447693824768,0.11862526834011078,0.31852787733078003,0.23300223052501678,0.09787178784608841,0.11268483847379684,0.14744271337985992,0.28588128089904785,0.13313330709934235,0.3144056797027588,0.295111745595932,0.11032567173242569,-597.017822265625,74.53865051269531,153.6891326904297,41.22637939453125,-20.463010787963867,14.360899925231934,18.801057815551758,11.379446983337402,16.975431442260742,12.470237731933594,-12.474940299987793,8.601359367370605,-13.571979522705078,11.275690078735352,-13.09270191192627,10.463947296142578,-15.57720947265625,11.008827209472656,-14.539430618286133,10.038996696472168,-9.451277732849121,9.753366470336914,-9.008551597595215,12.02554988861084,-7.098414897918701,11.151345252990723
Q4_FoTXpYZXxJs_0.wav,Calm,143.5546875,0.004970545880496502,0.0031666269060224295,0.05743547230911133,883.0074351513733,1564.8393559387032,0.14535200595855713,0.07857421785593033,0.20413900911808014,0.1987471878528595,0.12379606068134308,0.19676853716373444,0.15304672718048096,0.46727731823921204,0.22102724015712738,0.14975591003894806,0.36572927236557007,0.12100596725940704,-579.6419067382812,91.65837860107422,153.96449279785156,48.12517166137695,-24.488143920898438,17.63924789428711,16.089366912841797,12.324958801269531,11.098936080932617,13.571444511413574,-12.142409324645996,9.189674377441406,-11.949833869934082,10.426544189453125,-14.405826568603516,10.040923118591309,-10.934670448303223,9.559983253479004,-7.693574905395508,11.958303451538086,-8.126079559326172,15.41728401184082,-12.367232322692871,15.600523948669434,-9.403548240661621,13.35050106048584
Q4_FoTXpYZXxJs_1.wav,Calm,143.5546875,0.005455172620713711,0.0032725573983043432,0.05848068270404013,839.8070735555507,1477.9963230621272,0.13186728954315186,0.09716809540987015,0.27258744835853577,0.2385188192129135,0.11010697484016418,0.1365978717803955,0.19055403769016266,0.6037996411323547,0.21816271543502808,0.11511518061161041,0.29867154359817505,0.14875952899456024,-562.3867797851562,85.73600769042969,164.36354064941406,47.27920913696289,-25.466144561767578,16.689178466796875,12.493611335754395,11.776995658874512,10.773885726928711,12.914345741271973,-11.813497543334961,8.59473991394043,-8.252553939819336,9.315685272216797,-9.519662857055664,10.226658821105957,-9.077122688293457,12.220422744750977,-6.809845924377441,11.746395111083984,-7.341865539550781,13.26724624633789,-11.49276351928711,13.197510719299316,-8.557848930358887,12.462787628173828
Q4_fOYX0uH8mSQ_0.wav,Calm,92.28515625,0.006220899987965822,0.0034998648334294558,0.05388907967032967,815.1116220716469,1489.0659555288462,0.1858610361814499,0.12038480490446091,0.2259058952331543,0.16801752150058746,0.23110081255435944,0.2558654844760895,0.1819823682308197,0.22775143384933472,0.19710397720336914,0.278443843126297,0.26873287558555603,0.18333466351032257,-538.8331909179688,78.41218566894531,161.5181121826172,46.13836669921875,-17.924285888671875,14.49432373046875,14.026604652404785,11.620184898376465,16.469261169433594,12.846443176269531,-10.480978012084961,8.131488800048828,-10.054091453552246,8.276774406433105,-10.99598503112793,8.86512279510498,-11.33826732635498,8.57333755493164,-8.096768379211426,8.646828651428223,-7.321133136749268,11.741138458251953,-9.903712272644043,11.320544242858887,-10.055477142333984,9.126017570495605
Q4_fShAWhXIits_0.wav,Calm,112.34714673913044,0.015569963492453098,0.008939727209508419,0.04914085523084479,819.5524417618221,1605.069731167117,0.23799197375774384,0.19959838688373566,0.39511120319366455,0.21679121255874634,0.3208047151565552,0.2533632516860962,0.22813953459262848,0.28962862491607666,0.24486540257930756,0.49351468682289124,0.22687172889709473,0.11778590828180313,-439.4739685058594,113.16419982910156,183.10714721679688,58.5924186706543,-28.967138290405273,22.684860229492188,19.65914535522461,13.782952308654785,11.254785537719727,12.326542854309082,-5.718750953674316,7.629722595214844,-6.7116851806640625,6.612264633178711,-10.001585006713867,8.505698204040527,-6.021579265594482,6.471566677093506,-6.823066234588623,6.554973125457764,-2.877326488494873,6.458346366882324,-7.191592693328857,7.112813949584961,-9.594460487365723,7.439697742462158
Q4_fShAWhXIits_1.wav,Calm,112.34714673913044,0.017350472509860992,0.011799417436122894,0.0535348576607464,777.8150506737845,1500.9920627950764,0.4192506670951843,0.24064773321151733,0.3733774423599243,0.2636873424053192,0.554977536201477,0.23738910257816315,0.24584485590457916,0.5614871382713318,0.2069748491048813,0.17799559235572815,0.11056416481733322,0.2709933817386627,-443.3187255859375,144.5059356689453,183.21121215820312,68.04934692382812,-30.702857971191406,35.02615737915039,24.670909881591797,16.767560958862305,8.152990341186523,10.970904350280762,-2.886263608932495,7.663519859313965,-7.777364730834961,8.63170051574707,-10.81430721282959,8.417973518371582,-5.517847061157227,6.114626884460449,-7.166585445404053,6.5500030517578125,-2.169734001159668,6.385409832000732,-7.368223667144775,5.311552047729492,-10.919313430786133,7.696879863739014
Q4_FSzOgraSKhs_0.wav,Calm,83.35433467741936,0.006843085400760174,0.003977278713136911,0.053006141155410184,822.0717293798949,1540.2712378171411,0.13833366334438324,0.2985475957393646,0.22135832905769348,0.22625140845775604,0.13398723304271698,0.2423190176486969,0.327389657497406,0.16958197951316833,0.29864048957824707,0.1773425191640854,0.27943849563598633,0.18108922243118286,-531.9049072265625,93.3720703125,161.9505157470703,53.38301467895508,-20.540786743164062,15.302034378051758,16.9016170501709,13.013370513916016,14.933424949645996,13.359332084655762,-8.726083755493164,7.845623970031738,-8.547685623168945,7.413474082946777,-8.29067611694336,8.151793479919434,-8.771468162536621,9.696496963500977,-7.98913049697876,8.151376724243164,-6.646942138671875,9.009201049804688,-6.593044757843018,10.825841903686523,-9.725954055786133,10.437933921813965
Q4_FSzOgraSKhs_1.wav,Calm,161.4990234375,0.007761096116155386,0.004191578831523657,0.05943045576523546,885.9426233030397,1618.36038943473,0.11389254778623581,0.20643998682498932,0.17543865740299225,0.1600704938173294,0.17611181735992432,0.23267453908920288,0.23548610508441925,0.19205118715763092,0.2889547049999237,0.17812244594097137,0.22459478676319122,0.1596212089061737,-518.0772094726562,86.8375244140625,161.18392944335938,46.50285720825195,-24.278480529785156,14.692670822143555,16.23967933654785,11.922500610351562,12.39502239227295,13.460643768310547,-11.379819869995117,8.795921325683594,-10.173078536987305,9.592948913574219,-9.892668724060059,9.55876636505127,-11.003358840942383,10.113237380981445,-8.279370307922363,9.584232330322266,-5.871568202972412,11.900883674621582,-7.168438911437988,14.088095664978027,-7.214987754821777,12.546625137329102
Q4_FyK_c-TIcCA_0.wav,Calm,112.34714673913044,0.007277453783899546,0.004869845230132341,0.0654067365599295,965.2395388158249,1934.66720850011,0.11389671266078949,0.1277444213628769,0.20294982194900513,0.13935689628124237,0.29849278926849365,0.11989669501781464,0.25184547901153564,0.47217169404029846,0.20604509115219116,0.3211020827293396,0.12312304228544235,0.20976553857326508,-542.4247436523438,134.8947296142578,157.630126953125,72.87263488769531,-27.864282608032227,23.893381118774414,17.565324783325195,11.829179763793945,9.808329582214355,11.89581298828125,-9.555129051208496,8.255216598510742,-10.378070831298828,8.85228443145752,-12.107415199279785,8.900809288024902,-9.742877960205078,8.608779907226562,-7.741063117980957,8.229316711425781,-4.366178035736084,9.048944473266602,-12.355995178222656,8.114471435546875,-14.272636413574219,8.818451881408691
Q4_FyK_c-TIcCA_1.wav,Calm,215.33203125,0.009760486893355846,0.004787325393408537,0.06773158482142858,952.1605161956195,1671.6100711633662,0.1689945012331009,0.09687723219394684,0.3274904489517212,0.1406739205121994,0.30112379789352417,0.09841462224721909,0.18386302888393402,0.27302148938179016,0.14111486077308655,0.34585294127464294,0.1389762908220291,0.28905534744262695,-494.150634765625,103.08332824707031,167.02066040039062,53.75580596923828,-38.39706039428711,17.05354118347168,20.286226272583008,11.856035232543945,0.9503293037414551,15.240768432617188,-13.239341735839844,10.375330924987793,-10.82225227355957,9.653986930847168,-14.854873657226562,9.353362083435059,-17.76643943786621,10.73991870880127,-11.13131046295166,9.841719627380371,0.15034888684749603,11.454679489135742,-2.6439034938812256,10.216060638427734,-3.740640878677368,9.410713195800781
Q4_FyK_c-TIcCA_2.wav,Calm,112.34714673913044,0.013139480724930763,0.005842425394803286,0.06299008568920916,934.9149776579075,1661.5659320433758,0.047724395990371704,0.19652679562568665,0.5750272274017334,0.15185974538326263,0.12367667257785797,0.09294936805963516,0.3135278522968292,0.21398398280143738,0.1686336249113083,0.5679243803024292,0.15247562527656555,0.10234010219573975,-445.3133239746094,87.28591918945312,177.2991943359375,44.932777404785156,-38.22737121582031,14.862822532653809,20.16621971130371,13.542020797729492,1.9637527465820312,10.657769203186035,-13.742072105407715,7.450638771057129,-11.42002010345459,8.971062660217285,-15.641849517822266,8.962793350219727,-17.27265739440918,10.358880996704102,-16.0113582611084,11.542107582092285,-1.5334738492965698,8.273801803588867,-2.4605212211608887,8.601587295532227,-6.3207597732543945,6.77580451965332
Q4_g15aRCHUJEI_0.wav,Calm,129.19921875,0.006490750703960657,0.00507595157250762,0.049747177590600225,775.1836073107808,1392.8665869638307,0.24115703999996185,0.10026209056377411,0.15837843716144562,0.4334389269351959,0.1480017900466919,0.1045839786529541,0.09637244045734406,0.31501030921936035,0.3038524389266968,0.18717515468597412,0.43845540285110474,0.1746319830417633,-554.7529296875,105.32643127441406,158.01861572265625,57.259552001953125,-13.276503562927246,26.93472671508789,14.402348518371582,13.046697616577148,16.6846866607666,12.630077362060547,-7.743176460266113,7.476159572601318,-10.96914291381836,8.505741119384766,-13.533044815063477,9.111995697021484,-12.581804275512695,9.337533950805664,-10.615710258483887,9.01011848449707,-7.395424842834473,9.430010795593262,-9.096760749816895,7.577854156494141,-8.742208480834961,7.2327799797058105
Q4_g15aRCHUJEI_1.wav,Calm,129.19921875,0.006314361933618784,0.003952735103666782,0.0570833241248232,819.8374703463132,1468.7654702970297,0.20072738826274872,0.09973587840795517,0.15195806324481964,0.42301368713378906,0.13394279778003693,0.1479114443063736,0.10059582442045212,0.26479434967041016,0.3418317437171936,0.1687614470720291,0.26496389508247375,0.11483175307512283,-553.459716796875,93.1155776977539,156.82020568847656,52.38765335083008,-21.331180572509766,18.337900161743164,14.49460506439209,11.407970428466797,15.49969482421875,15.32003116607666,-6.178889274597168,7.386373043060303,-6.600744724273682,8.196767807006836,-9.56457233428955,9.814866065979004,-8.027815818786621,10.53894329071045,-5.300861835479736,10.252102851867676,-2.0848493576049805,10.196406364440918,-4.40836763381958,11.46117877960205,-8.73182487487793,10.57519245147705
Q4_g15aRCHUJEI_2.wav,Calm,135.99917763157896,0.006399156991392374,0.004649510607123375,0.05578462930718475,879.1681267034645,1580.2529468704179,0.23765313625335693,0.09056643396615982,0.14028963446617126,0.4070747494697571,0.14405490458011627,0.11739642173051834,0.10193295031785965,0.3613244593143463,0.23634837567806244,0.10848158597946167,0.26501569151878357,0.13321071863174438,-570.8536987304688,109.7731704711914,140.35055541992188,57.519325256347656,-18.175453186035156,21.486360549926758,17.914037704467773,13.0933256149292,13.732778549194336,14.566620826721191,-5.866797924041748,8.335649490356445,-7.642038345336914,7.85660982131958,-11.354975700378418,9.749106407165527,-12.116900444030762,10.517996788024902,-10.98649787902832,9.969971656799316,-5.716739654541016,9.188209533691406,-6.708749771118164,9.321272850036621,-8.136445999145508,9.139378547668457
Q4_GAvPwG2wYZM_0.wav,Calm,123.046875,0.005012278910726309,0.0032514536287635565,0.04749001337075672,750.4931209268099,1406.0389754795792,0.13158352673053741,0.1543717384338379,0.08006493002176285,0.19395172595977783,0.44743141531944275,0.20597140491008759,0.2454584538936615,0.17562413215637207,0.3977021872997284,0.2832238972187042,0.1509246826171875,0.2741888463497162,-566.9874267578125,93.54792785644531,166.18507385253906,57.82038879394531,-19.135440826416016,15.14828109741211,12.82894229888916,12.588040351867676,18.783857345581055,12.0468111038208,-6.829355239868164,6.762600898742676,-4.541614532470703,7.513721466064453,-6.616179943084717,9.483043670654297,-9.086402893066406,8.127341270446777,-4.583956241607666,8.868844985961914,-6.229992866516113,7.956824779510498,-9.636850357055664,7.722516059875488,-7.107604026794434,8.071416854858398
Q4_GAvPwG2wYZM_1.wav,Calm,123.046875,0.005370643455535173,0.004486410412937403,0.07211551339285714,939.7318197597517,1748.274609375,0.12341473996639252,0.22760523855686188,0.07152628153562546,0.16029350459575653,0.42473921179771423,0.15474092960357666,0.20954006910324097,0.19421277940273285,0.38126057386398315,0.4226442277431488,0.17382238805294037,0.2596718370914459,-575.5468139648438,118.72613525390625,154.6382293701172,64.17306518554688,-17.286096572875977,24.781309127807617,12.855297088623047,13.303258895874023,10.90684700012207,13.489537239074707,-6.079168319702148,6.855593204498291,-4.112757682800293,7.8770432472229,-7.774925708770752,9.565360069274902,-6.868775844573975,8.1707763671875,-1.3627545833587646,8.861477851867676,-1.0093821287155151,9.561837196350098,-4.970990180969238,10.211322784423828,-6.964165210723877,7.453002452850342
Q4_GbUV3TXUzeQ_0.wav,Calm,117.45383522727273,0.008704615756869316,0.005677972920238972,0.06049633548398138,897.0258169392383,1638.0034029940787,0.12424104660749435,0.21326100826263428,0.13144659996032715,0.3591192066669464,0.23591957986354828,0.14576198160648346,0.4019470512866974,0.17614908516407013,0.30709829926490784,0.10171669721603394,0.13097772002220154,0.31220030784606934,-525.2897338867188,112.86099243164062,159.94677734375,57.12295150756836,-30.623462677001953,16.668813705444336,21.454126358032227,15.277390480041504,8.946508407592773,16.87705421447754,-10.417940139770508,9.506428718566895,-7.06737756729126,9.35079574584961,-10.538444519042969,9.989554405212402,-11.745796203613281,11.527070045471191,-6.482241153717041,11.772955894470215,-5.252596855163574,14.502848625183105,-4.4232563972473145,15.582071304321289,-4.698549270629883,12.704814910888672
Q4_Gcbk0GPT3-g_0.wav,Calm,129.19921875,0.0040502953343093395,0.0028662076219916344,0.0577506039088043,892.0296597517117,1559.9352348858595,0.0699784904718399,0.21779821813106537,0.3969627916812897,0.16838882863521576,0.26497361063957214,0.08757097274065018,0.15751303732395172,0.14404813945293427,0.11127970367670059,0.29345276951789856,0.11706838011741638,0.17578107118606567,-612.3570556640625,93.6106948852539,132.5797882080078,47.01382064819336,-13.681925773620605,25.51237678527832,14.766932487487793,14.007254600524902,11.411884307861328,15.575672149658203,-8.336977005004883,9.51163387298584,-6.980223178863525,10.500158309936523,-7.3916192054748535,10.430964469909668,-11.600431442260742,12.016876220703125,-11.301643371582031,11.031964302062988,-7.865372180938721,10.384371757507324,-5.735355854034424,12.64963436126709,-5.704977035522461,14.933442115783691
Q4_Gcbk0GPT3-g_1.wav,Calm,143.5546875,0.004856533836573362,0.002949968446046114,0.05241397352901302,797.9164812302309,1432.7520738713395,0.07681182026863098,0.19125701487064362,0.38866379857063293,0.1766158789396286,0.2529498040676117,0.10696318745613098,0.22631248831748962,0.1570783108472824,0.17616966366767883,0.4244982600212097,0.16116118431091309,0.1864934116601944,-582.15185546875,103.84101867675781,162.4468231201172,55.514747619628906,-21.685937881469727,24.3629093170166,16.36708641052246,10.930590629577637,15.683265686035156,13.686185836791992,-7.829099655151367,7.185790538787842,-6.678372859954834,8.870683670043945,-9.483595848083496,8.887129783630371,-10.102205276489258,9.135308265686035,-9.13599681854248,10.451870918273926,-5.385241508483887,9.032844543457031,-4.910027980804443,9.80872917175293,-7.008077144622803,9.06554126739502
Q4_gwmVjvR-sVs_2.wav,Calm,117.45383522727273,0.01004599966108799,0.008220207877457142,0.07733172924084436,1003.0352627723172,1754.7369987045397,0.516720175743103,0.15320727229118347,0.22882157564163208,0.10075712203979492,0.2155417799949646,0.15520600974559784,0.10660659521818161,0.31732243299484253,0.11012464016675949,0.13832800090312958,0.05800618603825569,0.16088230907917023,-512.06787109375,132.90237426757812,141.2617645263672,65.57763671875,-27.653322219848633,21.771215438842773,8.243721961975098,11.291779518127441,8.059709548950195,14.484979629516602,0.351771742105484,9.594524383544922,0.8990463018417358,8.188935279846191,-2.9218170642852783,10.03087043762207,-10.174203872680664,10.265295028686523,-9.027222633361816,12.43878173828125,-4.806774616241455,11.566685676574707,-1.9641239643096924,8.802007675170898,-2.22240948677063,8.969846725463867
Q4_gxsdWKc1QaM_0.wav,Calm,117.45383522727273,0.008803500793874264,0.004929858259856701,0.06181425995879121,927.2659181587987,1685.1080228365386,0.3268372118473053,0.11907226592302322,0.1774202138185501,0.13651931285858154,0.1954474300146103,0.32708942890167236,0.19954940676689148,0.43747586011886597,0.21218237280845642,0.15113796293735504,0.12906089425086975,0.2304072380065918,-514.97900390625,114.00454711914062,163.9434356689453,58.802799224853516,-32.69404602050781,16.030353546142578,22.450069427490234,15.684962272644043,9.344012260437012,16.075788497924805,-9.222705841064453,8.5597505569458,-7.598280429840088,8.964552879333496,-11.713022232055664,8.7650146484375,-12.400224685668945,8.508222579956055,-7.423724174499512,9.867423057556152,-2.690704822540283,10.297563552856445,-4.372687339782715,10.453164100646973,-8.659167289733887,10.715840339660645
Q4_heBmBQDWj-M_0.wav,Calm,198.76802884615384,0.007046699058264494,0.0041526732966303825,0.05306734297477949,804.252215908724,1486.9958778726227,0.12312784790992737,0.2250915765762329,0.21067479252815247,0.3911658227443695,0.2901172339916229,0.2627910077571869,0.4375073313713074,0.25942304730415344,0.27320146560668945,0.11998303979635239,0.21013757586479187,0.26534178853034973,-532.9143676757812,104.79853820800781,169.3154296875,55.17967987060547,-22.82330322265625,24.951480865478516,19.337568283081055,11.757332801818848,15.947908401489258,12.169997215270996,-9.379859924316406,10.59732723236084,-8.077371597290039,9.208355903625488,-11.169105529785156,11.180754661560059,-10.655040740966797,10.19168472290039,-8.449163436889648,9.112972259521484,-6.323994159698486,9.743400573730469,-6.9822306632995605,8.427764892578125,-7.020298957824707,7.785671710968018
Q4_heBmBQDWj-M_1.wav,Calm,184.5703125,0.006075164768844843,0.003656321205198765,0.050076134211432505,772.3323110690076,1423.6235311208677,0.11493062227964401,0.14708469808101654,0.17616480588912964,0.30741381645202637,0.20966710150241852,0.18751336634159088,0.4662202298641205,0.23262088000774384,0.34393301606178284,0.22303423285484314,0.28106510639190674,0.2678244709968567,-539.5173950195312,104.4030990600586,178.47325134277344,59.16397476196289,-19.963603973388672,25.641433715820312,13.339408874511719,9.2723970413208,15.198599815368652,11.27077579498291,-8.829255104064941,6.6738362312316895,-4.5710225105285645,5.740660190582275,-7.267939567565918,7.72360372543335,-7.526702404022217,7.594973564147949,-7.933115482330322,6.418377876281738,-8.89388370513916,6.166440486907959,-11.497762680053711,6.980241775512695,-10.062456130981445,6.486822128295898
Q4_heBmBQDWj-M_2.wav,Calm,99.38401442307692,0.006398786325007677,0.0048427889123559,0.06395206694218529,925.2689798687312,1653.4043113784035,0.19669368863105774,0.14668776094913483,0.1456323117017746,0.47673773765563965,0.20442350208759308,0.10028085857629776,0.3053496479988098,0.13654054701328278,0.1491917222738266,0.10874038934707642,0.18141837418079376,0.4181848466396332,-562.0523071289062,119.63909912109375,144.61505126953125,53.04324722290039,-24.826074600219727,25.356094360351562,21.624711990356445,15.751605033874512,5.722192764282227,14.221495628356934,-11.258382797241211,9.717450141906738,-12.9999418258667,10.095148086547852,-18.089418411254883,11.665373802185059,-19.279747009277344,10.938520431518555,-12.5253324508667,8.375678062438965,-9.228323936462402,11.111406326293945,-5.920675277709961,10.45138931274414,-3.904557943344116,10.251619338989258
Q4_hoPp_GLXQis_0.wav,Calm,184.5703125,0.008368244394659996,0.003932237159460783,0.056708018543956046,879.7795946661823,1620.9390775240386,0.20212796330451965,0.19256483018398285,0.28364288806915283,0.1395053267478943,0.253500759601593,0.15189532935619354,0.15368367731571198,0.19760949909687042,0.22492752969264984,0.3622763454914093,0.13405157625675201,0.1765463501214981,-511.7690124511719,90.78572845458984,176.0414581298828,44.35974884033203,-32.20027542114258,16.498220443725586,24.88265037536621,12.577354431152344,11.488151550292969,15.280444145202637,-8.557677268981934,8.41406536102295,-8.481837272644043,9.099174499511719,-12.44031047821045,9.402779579162598,-11.773774147033691,10.01655101776123,-7.715493679046631,9.526429176330566,-4.522575378417969,9.861130714416504,-2.8991527557373047,11.889144897460938,-5.0787787437438965,10.585419654846191
Q4_hoPp_GLXQis_1.wav,Calm,184.5703125,0.006404814310371876,0.004218171816319227,0.053281293234643055,833.5000579860255,1538.164246247233,0.4068529009819031,0.18636451661586761,0.21834246814250946,0.13321681320667267,0.23590026795864105,0.1960921436548233,0.15784095227718353,0.3013070821762085,0.1883043795824051,0.2822021543979645,0.13171330094337463,0.2283840924501419,-549.6051025390625,108.98644256591797,168.07681274414062,57.00571823120117,-21.148052215576172,27.006101608276367,18.21064567565918,13.98795223236084,15.493499755859375,12.48913860321045,-4.619485378265381,9.44544506072998,-6.738100051879883,9.624025344848633,-9.952478408813477,9.359087944030762,-8.333206176757812,8.737245559692383,-8.079564094543457,8.394742965698242,-6.160768985748291,7.978202819824219,-6.715672969818115,9.294370651245117,-8.2348051071167,9.458982467651367
Q4_HQ8ISDX6PiI_0.wav,Calm,112.34714673913044,0.008304283022880554,0.004366562236100435,0.04950454092117988,804.376188475691,1529.236439570237,0.2428361475467682,0.13853146135807037,0.3037154972553253,0.24058689177036285,0.11443857848644257,0.194453164935112,0.19204822182655334,0.4748418927192688,0.30156078934669495,0.14017508924007416,0.21528029441833496,0.1465911716222763,-513.7660522460938,87.67044830322266,173.26678466796875,46.12074279785156,-24.752300262451172,23.122827529907227,18.297273635864258,11.399940490722656,18.719789505004883,11.759063720703125,-7.239745616912842,9.072633743286133,-9.04945182800293,9.83280086517334,-10.608283996582031,9.670001983642578,-8.566927909851074,9.136502265930176,-9.662652969360352,9.667281150817871,-6.168395042419434,7.612677097320557,-10.058212280273438,8.10380744934082,-12.537408828735352,9.881315231323242
Q4_HQ8ISDX6PiI_1.wav,Calm,234.90767045454547,0.008775165304541588,0.004056666046380997,0.05106802255626356,841.420989224467,1600.1423668189059,0.1799195408821106,0.16030403971672058,0.2462434619665146,0.12416557222604752,0.21982413530349731,0.22033663094043732,0.11130408197641373,0.26213929057121277,0.18381351232528687,0.39175945520401,0.2529914975166321,0.09442014247179031,-509.8614807128906,84.77152252197266,167.7650146484375,46.81984329223633,-28.322240829467773,14.190783500671387,22.93625831604004,11.140881538391113,16.81165885925293,12.644166946411133,-10.070199966430664,8.965330123901367,-11.270393371582031,9.799560546875,-12.136387825012207,9.060491561889648,-12.493640899658203,10.747086524963379,-11.68076229095459,9.900529861450195,-8.762800216674805,9.396656036376953,-11.460680961608887,10.536919593811035,-10.60876178741455,9.855381965637207
Q4_Hwd6l9jK7bo_0.wav,Calm,215.33203125,0.005227189045399427,0.0032041866797953844,0.05378170289855073,825.9949345774219,1505.775844612249,0.09670466929674149,0.1748371422290802,0.07879924774169922,0.21771648526191711,0.3602578639984131,0.14946027100086212,0.2850026488304138,0.15852582454681396,0.35778728127479553,0.3220398426055908,0.14172445237636566,0.14826783537864685,-566.2489013671875,100.78670501708984,159.1376190185547,55.35999298095703,-19.328075408935547,23.44696044921875,15.977411270141602,11.136225700378418,15.460677146911621,13.361385345458984,-10.322558403015137,7.5463175773620605,-10.757912635803223,8.792156219482422,-13.061620712280273,7.864956855773926,-10.491518020629883,8.370224952697754,-7.902546405792236,8.873610496520996,-8.387402534484863,9.647675514221191,-11.843095779418945,12.545787811279297,-12.372756958007812,10.415830612182617
Q4_Hwd6l9jK7bo_1.wav,Calm,107.666015625,0.005688002798706293,0.0028831777162849903,0.053710592180869876,830.1708061524636,1569.7385278078589,0.17260991036891937,0.1205201968550682,0.2561628818511963,0.1570889949798584,0.2585567235946655,0.1680183708667755,0.21748962998390198,0.31490540504455566,0.1671358346939087,0.28332841396331787,0.12361746281385422,0.19352275133132935,-558.9901733398438,98.52212524414062,166.94317626953125,56.66542434692383,-28.571176528930664,14.959260940551758,20.985788345336914,11.423406600952148,17.395309448242188,12.750858306884766,-7.2511725425720215,7.722393035888672,-8.25660228729248,9.358238220214844,-11.795038223266602,9.484761238098145,-10.02716064453125,9.135428428649902,-9.580172538757324,8.381860733032227,-5.22073221206665,9.240091323852539,-7.254579067230225,9.86696720123291,-10.007905006408691,10.675471305847168
Q4_HYVmgq5Y93g_0.wav,Calm,107.666015625,0.0050195977091789246,0.0045618233270943165,0.05148588351117886,865.4474882834514,1589.8403125433065,0.09266313165426254,0.1245633065700531,0.0878564640879631,0.2682061195373535,0.3361113667488098,0.112572580575943,0.19802872836589813,0.16455242037773132,0.41804903745651245,0.22071246802806854,0.09600992500782013,0.1783628910779953,-590.80419921875,86.45211791992188,129.78152465820312,43.84169387817383,-8.067578315734863,18.955202102661133,13.056350708007812,12.850695610046387,17.084060668945312,13.087271690368652,-7.1247172355651855,9.000843048095703,-13.468487739562988,8.152825355529785,-12.031168937683105,7.973268985748291,-15.343592643737793,9.421326637268066,-11.866218566894531,10.113985061645508,-7.009171485900879,8.952808380126953,-8.871306419372559,10.003316879272461,-8.56258773803711,9.021143913269043
Q4_HYVmgq5Y93g_1.wav,Calm,95.703125,0.005285077262669802,0.004154090769588947,0.06107572115384615,922.9292010115201,1617.6925330528845,0.07608620822429657,0.2019258737564087,0.08300771564245224,0.23080222308635712,0.3630038797855377,0.11197036504745483,0.17540092766284943,0.12271451950073242,0.3732874095439911,0.24839551746845245,0.07959012687206268,0.11215566098690033,-588.7680053710938,84.35261535644531,130.54710388183594,45.031517028808594,-16.745834350585938,15.82772159576416,14.27572250366211,13.51717472076416,12.031359672546387,14.968216896057129,-12.98477840423584,9.668201446533203,-14.648229598999023,9.421442985534668,-13.692692756652832,10.441020011901855,-13.95328426361084,13.05636215209961,-8.736891746520996,13.732519149780273,-3.0690598487854004,13.155688285827637,-4.977173805236816,15.590832710266113,-6.857992649078369,12.47817325592041
Q4_HYVmgq5Y93g_2.wav,Calm,92.28515625,0.005321750417351723,0.004275526851415634,0.06898798708055841,990.3525918115307,1668.3709566710424,0.09461864829063416,0.2831784784793854,0.08191104233264923,0.20449179410934448,0.3691929578781128,0.09346253424882889,0.11884786188602448,0.11824221163988113,0.41299858689308167,0.2472868263721466,0.06973343342542648,0.10288441926240921,-597.8740844726562,99.04721069335938,129.72630310058594,50.87887954711914,-20.968042373657227,16.903614044189453,11.47831916809082,14.960555076599121,5.635004997253418,16.8062801361084,-12.586277961730957,9.816044807434082,-11.10261344909668,9.334233283996582,-13.899109840393066,11.334839820861816,-14.569243431091309,12.176702499389648,-7.119497776031494,12.880392074584961,1.1851674318313599,17.061819076538086,0.7138122916221619,18.393951416015625,-2.4534366130828857,14.2539644241333
Q4_I2MrA-o5H8I_0.wav,Calm,117.45383522727273,0.004544805735349655,0.003129734890535474,0.04671824159436009,738.8434870201223,1362.027646145438,0.16669060289859772,0.2652256488800049,0.7120257019996643,0.2876966595649719,0.15053361654281616,0.1285688281059265,0.31266382336616516,0.30841654539108276,0.15896804630756378,0.2407408058643341,0.1531503051519394,0.3626922070980072,-568.537353515625,100.9142074584961,179.20303344726562,58.71842575073242,-21.91935920715332,21.688627243041992,8.799745559692383,10.901270866394043,16.7421875,10.082331657409668,-6.596951484680176,6.589847087860107,-1.1129711866378784,6.244330406188965,-4.3908281326293945,6.847764492034912,-5.720458030700684,6.204758644104004,-5.02232027053833,7.115176200866699,-4.5996294021606445,7.716622829437256,-4.751781463623047,6.444803714752197,-8.394479751586914,6.694561958312988
Q4_I2MrA-o5H8I_1.wav,Calm,117.45383522727273,0.005272573325783014,0.003662510309368372,0.051091013845387244,838.1142259553461,1549.4525327226295,0.08543704450130463,0.20124150812625885,0.6685791611671448,0.22538457810878754,0.1258598268032074,0.11498577892780304,0.2947097718715668,0.41066455841064453,0.13312281668186188,0.07764492183923721,0.07340411096811295,0.22426487505435944,-568.81103515625,125.08872985839844,170.26416015625,63.3376579284668,-25.527183532714844,26.44185447692871,21.15460205078125,12.59804916381836,10.115861892700195,9.829392433166504,-6.760336399078369,7.118434906005859,-3.9128904342651367,6.976085662841797,-6.9364399909973145,6.685312271118164,-6.20181131362915,7.140589237213135,-10.017257690429688,7.0536789894104,-3.9460275173187256,7.103897571563721,-5.233210563659668,7.556998252868652,-11.629714012145996,8.175948143005371
Q4_I2MrA-o5H8I_2.wav,Calm,172.265625,0.005731056444346905,0.002658926183357835,0.04718189694617679,754.365003775987,1428.2270650801586,0.17090006172657013,0.23778057098388672,0.6102651953697205,0.22119757533073425,0.08101082593202591,0.0989069789648056,0.30492523312568665,0.6251317858695984,0.250548392534256,0.24524521827697754,0.13319119811058044,0.22996661067008972,-532.2255249023438,85.34576416015625,195.38882446289062,50.66718292236328,-34.849754333496094,14.203423500061035,18.000215530395508,8.723580360412598,15.993242263793945,7.5097737312316895,-9.460046768188477,6.083594799041748,-0.7478733062744141,5.88661003112793,-7.280432224273682,7.101434707641602,-5.017324924468994,5.190481185913086,-5.618280410766602,5.2593584060668945,-3.3289506435394287,5.657365322113037,-5.43173360824585,5.463501930236816,-11.136001586914062,6.291967391967773
Q4_Ie5koh4qvJc_1.wav,Calm,112.34714673913044,0.00437691155821085,0.0034152891021221876,0.06099365234375,865.3656407017163,1490.74365234375,0.38563674688339233,0.11844006180763245,0.11271408200263977,0.0930052250623703,0.26223811507225037,0.18214745819568634,0.0750470981001854,0.17154628038406372,0.14942601323127747,0.284060001373291,0.1897955983877182,0.1637195348739624,-598.7367553710938,101.91371154785156,140.3660430908203,53.987918853759766,-14.223600387573242,23.52367401123047,13.508793830871582,13.584624290466309,11.769981384277344,14.576849937438965,-7.342808246612549,8.462825775146484,-6.836472988128662,9.858694076538086,-8.474604606628418,10.225976943969727,-8.46777057647705,10.815098762512207,-3.8432254791259766,10.209025382995605,-4.428984642028809,9.996607780456543,-7.141347885131836,11.863198280334473,-7.639773368835449,12.108275413513184
Q4_Ie5koh4qvJc_16.wav,Calm,135.99917763157896,0.003834012895822525,0.0029373790603131056,0.05624541585170697,833.7865387928102,1450.1448347761825,0.0972723588347435,0.06730081886053085,0.18253891170024872,0.14087675511837006,0.06964901834726334,0.0869215726852417,0.21200500428676605,0.7331828474998474,0.19297462701797485,0.08544496446847916,0.24141140282154083,0.10165996849536896,-617.6970825195312,108.78685760498047,131.72622680664062,62.704463958740234,-15.649548530578613,20.155038833618164,10.299969673156738,11.968256950378418,10.3582124710083,11.018787384033203,-10.441946029663086,10.136655807495117,-7.506948947906494,9.237762451171875,-8.32552433013916,9.330446243286133,-8.997048377990723,9.301450729370117,-7.10905122756958,9.518118858337402,-8.870722770690918,13.475251197814941,-11.51680850982666,12.909857749938965,-6.052043914794922,8.684279441833496
Q4_Ie5koh4qvJc_17.wav,Calm,135.99917763157896,0.0052166953682899475,0.004058269318193197,0.061859289346508944,882.4050637018432,1558.9517196065349,0.11438081413507462,0.13546685874462128,0.42083558440208435,0.21578221023082733,0.07744400203227997,0.15519677102565765,0.16347485780715942,0.36674532294273376,0.20578141510486603,0.15940548479557037,0.20759877562522888,0.15810081362724304,-581.651123046875,108.80071258544922,150.91781616210938,60.07115936279297,-18.081239700317383,23.109472274780273,9.823445320129395,12.439388275146484,7.391918659210205,13.924431800842285,-10.63221549987793,8.533652305603027,-10.268081665039062,11.170193672180176,-11.297486305236816,11.868098258972168,-10.976323127746582,12.40501594543457,-7.90673303604126,9.482125282287598,-4.163702011108398,12.140104293823242,-7.731013298034668,15.755892753601074,-10.491755485534668,12.207537651062012
Q4_Ie5koh4qvJc_20.wav,Calm,129.19921875,0.0070748236030340195,0.004756101407110691,0.0625842730501637,854.2125615025421,1430.8199105472404,0.29274189472198486,0.15712416172027588,0.15546853840351105,0.08819793164730072,0.19669397175312042,0.27362409234046936,0.12338916212320328,0.15585502982139587,0.16742345690727234,0.44565850496292114,0.2309778928756714,0.14038924872875214,-541.7650146484375,111.2183609008789,161.36383056640625,57.96796798706055,-24.900775909423828,23.719573974609375,12.134125709533691,10.766465187072754,8.791458129882812,17.384496688842773,-3.789578676223755,8.791570663452148,-0.5611016154289246,8.509973526000977,-3.406327962875366,9.715167045593262,-4.908420562744141,9.994874954223633,-4.736982345581055,10.114648818969727,-3.558817148208618,11.244189262390137,-4.943307876586914,11.192925453186035,-5.430182456970215,10.28007984161377
Q4_Ie5koh4qvJc_21.wav,Calm,151.99908088235293,0.008997020311653614,0.005333392880856991,0.06190180058807001,894.6529043269658,1493.0413571396316,0.14098460972309113,0.18436866998672485,0.3253275752067566,0.12017851322889328,0.1685660481452942,0.2399749457836151,0.11416646838188171,0.14891093969345093,0.14256612956523895,0.4324152171611786,0.23900210857391357,0.11626231670379639,-526.9525146484375,105.84569549560547,159.55435180664062,52.62465286254883,-30.772785186767578,22.928020477294922,14.280139923095703,15.252649307250977,5.709568500518799,14.602478981018066,-9.298828125,10.953628540039062,-5.657932281494141,11.206291198730469,-8.859691619873047,11.833044052124023,-9.6260347366333,11.859130859375,-7.406492233276367,10.242341041564941,-2.902383804321289,11.423267364501953,-5.873263359069824,12.215699195861816,-7.65782356262207,11.364367485046387
Q4_Ie5koh4qvJc_27.wav,Calm,151.99908088235293,0.009049034677445889,0.0048838709481060505,0.06784276072735901,940.5309294898716,1561.5484208708988,0.06718633323907852,0.13593879342079163,0.13940438628196716,0.14184589684009552,0.39084360003471375,0.11332840472459793,0.15301759541034698,0.13669420778751373,0.42810124158859253,0.30115529894828796,0.08541586995124817,0.1707318127155304,-517.8200073242188,111.26331329345703,159.92364501953125,53.754825592041016,-30.02387046813965,25.86870765686035,16.089357376098633,12.634795188903809,1.8696916103363037,13.95368766784668,-10.98835563659668,9.677268981933594,-8.447107315063477,9.027115821838379,-13.973450660705566,10.629798889160156,-14.166770935058594,12.569437026977539,-8.642461776733398,12.04627799987793,-3.009661912918091,11.658369064331055,-5.995596408843994,10.998991012573242,-7.723219394683838,9.681764602661133
Q4_Ie5koh4qvJc_28.wav,Calm,117.45383522727273,0.006774454843252897,0.004286991432309151,0.049998497596153844,816.3891541770139,1504.86328125,0.13953576982021332,0.15821105241775513,0.40994390845298767,0.20209358632564545,0.294408917427063,0.14204102754592896,0.25983956456184387,0.279697060585022,0.13397760689258575,0.20518803596496582,0.09606615453958511,0.16650061309337616,-541.2924194335938,95.3692626953125,166.66346740722656,49.05998611450195,-23.597455978393555,20.813539505004883,17.427873611450195,13.923824310302734,13.40916919708252,13.192341804504395,-8.914433479309082,8.245835304260254,-7.781096458435059,11.62739372253418,-7.298099040985107,10.206523895263672,-10.275687217712402,8.54613208770752,-9.586519241333008,9.04751968383789,-5.493448734283447,8.514519691467285,-6.745472431182861,9.790556907653809,-8.302923202514648,9.103581428527832
Q4_Ie5koh4qvJc_31.wav,Calm,89.10290948275862,0.008886256255209446,0.006575040053576231,0.062454069368131866,927.8303588738178,1605.7664513221155,0.17709921300411224,0.10214249044656754,0.2559919059276581,0.16615620255470276,0.3916216194629669,0.19129949808120728,0.08744055777788162,0.2000388205051422,0.368282675743103,0.30079182982444763,0.09905867278575897,0.1595628559589386,-539.6602172851562,101.51299285888672,141.52691650390625,51.926307678222656,-26.58186149597168,19.194137573242188,10.140307426452637,18.455331802368164,9.013252258300781,18.384464263916016,-9.049489974975586,9.316004753112793,-8.075982093811035,12.591320991516113,-12.671435356140137,17.358165740966797,-19.305713653564453,17.465497970581055,-13.57114028930664,14.177881240844727,-3.73077654838562,16.276506423950195,-1.25510573387146,17.451786041259766,-2.5223889350891113,13.612310409545898
Q4_Ie5koh4qvJc_32.wav,Calm,86.1328125,0.008159683085978031,0.005984950810670853,0.06171973352916492,885.1210391667073,1564.8530218113985,0.15913130342960358,0.112214095890522,0.31448763608932495,0.1848941147327423,0.39456304907798767,0.24538873136043549,0.10797881335020065,0.19177435338497162,0.32643723487854004,0.28013741970062256,0.08894022554159164,0.15307489037513733,-537.447998046875,99.44725799560547,152.66604614257812,51.4675178527832,-23.166101455688477,20.10980224609375,10.866166114807129,14.504705429077148,12.10229206085205,16.979650497436523,-7.680139064788818,10.103313446044922,-8.788362503051758,11.368559837341309,-11.567476272583008,14.737696647644043,-13.965785026550293,14.430008888244629,-8.620736122131348,11.473531723022461,-2.5059409141540527,15.18967342376709,-3.607102155685425,14.255221366882324,-6.844513893127441,13.267745018005371
Q4_Ie5koh4qvJc_4.wav,Calm,161.4990234375,0.006974117364734411,0.004556476138532162,0.05597620081018519,882.9105037124975,1614.51171875,0.0988532081246376,0.3452521860599518,0.12218184769153595,0.2003089338541031,0.15917114913463593,0.08874396979808807,0.20416110754013062,0.13141998648643494,0.35280153155326843,0.384759783744812,0.09533058106899261,0.04813775047659874,-551.5767822265625,102.98950958251953,151.15567016601562,52.76697540283203,-23.509328842163086,22.008514404296875,20.389339447021484,12.318110466003418,15.439531326293945,15.65145206451416,-10.648207664489746,8.987922668457031,-8.995676040649414,9.220773696899414,-10.88966178894043,9.249013900756836,-11.966273307800293,9.955995559692383,-8.53650951385498,7.7092061042785645,-7.281944274902344,11.355944633483887,-9.034356117248535,15.084493637084961,-8.19529914855957,9.110244750976562
Q4_iGHgeUCPotc_0.wav,Calm,143.5546875,0.008163888938724995,0.00494593707844615,0.05203026929367044,819.4792083817794,1550.5048393022896,0.1033218577504158,0.12421407550573349,0.06307808309793472,0.18257445096969604,0.3311627209186554,0.1707621067762375,0.25224414467811584,0.16907161474227905,0.43801620602607727,0.23493121564388275,0.10002631694078445,0.2510671615600586,-530.0332641601562,100.40644836425781,159.55467224121094,55.56235122680664,-24.936500549316406,17.66908073425293,19.724523544311523,11.466619491577148,15.852352142333984,12.73524284362793,-9.04058837890625,8.21176815032959,-10.580975532531738,9.28559684753418,-12.518301963806152,9.721811294555664,-11.484057426452637,10.3876314163208,-8.518921852111816,8.601470947265625,-5.451870918273926,7.104541301727295,-7.224493503570557,8.04831600189209,-8.974117279052734,9.863160133361816
Q4_IgpNyJVWcBo_0.wav,Calm,172.265625,0.005900932941585779,0.00395820802077651,0.05543929520026326,864.1557501724127,1575.7138014467375,0.09795208275318146,0.23880226910114288,0.2393256425857544,0.14463640749454498,0.27619802951812744,0.1715703010559082,0.34300580620765686,0.1448974311351776,0.1934433877468109,0.4344211518764496,0.1762833446264267,0.24348923563957214,-542.7005004882812,87.02279663085938,154.41439819335938,47.83769989013672,-17.823301315307617,18.092557907104492,13.085951805114746,11.821110725402832,14.226752281188965,13.48735523223877,-10.829345703125,7.671500205993652,-10.568458557128906,8.342156410217285,-12.174725532531738,9.885615348815918,-13.509221076965332,9.328432083129883,-7.403112888336182,8.187740325927734,-5.555974960327148,8.9849853515625,-8.344606399536133,10.424114227294922,-8.620689392089844,7.9365668296813965
Q4_iHPKusssXzk_0.wav,Calm,117.45383522727273,0.005309749394655228,0.003030027961358428,0.055878810923942514,857.3136319296214,1567.2411738662554,0.23145832121372223,0.1599535346031189,0.10665532946586609,0.21116946637630463,0.1105765625834465,0.2026735544204712,0.11548762023448944,0.37515532970428467,0.5597543716430664,0.16732282936573029,0.17931251227855682,0.08657674491405487,-562.4580688476562,99.61045837402344,156.4338836669922,54.81114959716797,-25.760778427124023,16.617746353149414,18.714370727539062,11.5379056930542,15.297300338745117,14.05716323852539,-11.679001808166504,7.791003704071045,-13.0109224319458,8.84532356262207,-14.906550407409668,9.991254806518555,-11.846271514892578,8.625795364379883,-7.8310770988464355,9.992117881774902,-6.541299343109131,9.14120864868164,-12.93578815460205,10.255838394165039,-13.078271865844727,13.14738655090332
Q4_iHPKusssXzk_1.wav,Calm,75.99954044117646,0.005379767622798681,0.0033703779336065054,0.0499039657610252,775.6512662585772,1483.447769007732,0.28287357091903687,0.15812572836875916,0.12415435165166855,0.24059565365314484,0.17376284301280975,0.2897476553916931,0.19319748878479004,0.40789586305618286,0.531278133392334,0.23355714976787567,0.2719975411891937,0.1538245677947998,-554.1060180664062,102.14825439453125,176.44273376464844,54.797183990478516,-20.13619041442871,25.68471908569336,19.66090965270996,11.58989143371582,20.17335319519043,12.234143257141113,-3.653264284133911,8.213059425354004,-1.4142920970916748,7.5124592781066895,-5.435445308685303,6.772737979888916,-7.366982936859131,7.7695817947387695,-3.0214178562164307,7.62934684753418,-2.7316746711730957,6.304786205291748,-6.551271438598633,8.15346622467041,-9.523319244384766,8.592504501342773
Q4_iHPKusssXzk_2.wav,Calm,117.45383522727273,0.005804345477372408,0.0029893647879362106,0.054944880355206074,793.7977322011747,1459.108060559585,0.328727662563324,0.2015051394701004,0.13191424310207367,0.2117442637681961,0.14696186780929565,0.3025997281074524,0.1966405063867569,0.374944269657135,0.5471622943878174,0.22992780804634094,0.2210143506526947,0.14057564735412598,-544.4895629882812,91.83515167236328,183.8114471435547,52.599266052246094,-29.687795639038086,14.225777626037598,17.62359619140625,10.256364822387695,15.348555564880371,14.097647666931152,-6.5432891845703125,7.927541732788086,-2.8170855045318604,11.581625938415527,-6.244791030883789,10.458888053894043,-4.418509006500244,9.728020668029785,-1.451962947845459,9.75154972076416,-4.548403263092041,9.20680046081543,-9.362247467041016,10.169652938842773,-11.718819618225098,9.58342170715332
Q4_iXiSFSGws-c_0.wav,Calm,103.359375,0.008317169733345509,0.005443026311695576,0.062118695770065076,911.8715780407807,1674.4634466936686,0.32944154739379883,0.3453112244606018,0.1363750845193863,0.252261757850647,0.12111155688762665,0.25470399856567383,0.22049006819725037,0.19932407140731812,0.40078186988830566,0.1495581567287445,0.2248014509677887,0.11005564779043198,-512.4379272460938,101.49602508544922,161.922607421875,49.41648864746094,-29.476486206054688,16.802265167236328,21.289859771728516,14.856705665588379,11.517578125,15.459451675415039,-9.669535636901855,8.3002347946167,-10.327195167541504,9.5436372756958,-14.287134170532227,10.207862854003906,-12.671103477478027,11.717302322387695,-4.799858570098877,9.769627571105957,-4.841611385345459,9.060506820678711,-1.66968834400177,10.034760475158691,-3.3565120697021484,9.404703140258789
Q4_iXiSFSGws-c_1.wav,Calm,107.666015625,0.009040523320436478,0.005177730228751898,0.05666392692516269,843.5546592587309,1552.7669844554975,0.18102402985095978,0.21048469841480255,0.1309022605419159,0.2888360321521759,0.12448485940694809,0.2527879476547241,0.20212675631046295,0.25059401988983154,0.6024564504623413,0.1922239065170288,0.19160710275173187,0.08139114826917648,-512.6881713867188,106.7945556640625,169.5974884033203,52.47633361816406,-32.07231140136719,20.569643020629883,23.020395278930664,12.911332130432129,12.562479972839355,15.058846473693848,-9.772592544555664,8.51173210144043,-11.606447219848633,8.677924156188965,-15.352882385253906,9.428426742553711,-11.634698867797852,9.020112991333008,-8.836484909057617,10.37938404083252,-7.125556468963623,10.908219337463379,-7.905588150024414,10.21130657196045,-11.282917022705078,11.223151206970215
Q4_iXiSFSGws-c_2.wav,Calm,95.703125,0.006288965232670307,0.005227342247962952,0.06313822248340709,947.8275197930733,1744.8849946418695,0.33247438073158264,0.46541619300842285,0.11431058496236801,0.13399234414100647,0.10645758360624313,0.27132466435432434,0.1688176691532135,0.18180647492408752,0.4792780876159668,0.14854879677295685,0.20504266023635864,0.10704457759857178,-558.9760131835938,105.73566436767578,143.37374877929688,51.385677337646484,-20.158580780029297,24.386327743530273,16.10652732849121,16.653888702392578,8.966154098510742,16.283050537109375,-10.894460678100586,9.911116600036621,-11.458943367004395,11.703165054321289,-13.131864547729492,13.367548942565918,-13.177674293518066,14.139601707458496,-6.045403957366943,11.978219985961914,-3.982125997543335,11.74392318725586,0.16931746900081635,12.397309303283691,-1.7878750562667847,11.805218696594238
Q4_J6X3rVU1H-c_0.wav,Calm,117.45383522727273,0.010150321759283543,0.007838393561542034,0.09156589760300102,1215.1668536173008,2079.859888614255,0.09150867164134979,0.14043307304382324,0.042893409729003906,0.12270054221153259,0.29718920588493347,0.10289841890335083,0.32323360443115234,0.1098749041557312,0.24776005744934082,0.20847146213054657,0.08451678603887558,0.2770576477050781,-534.8165283203125,139.9260711669922,104.33802795410156,56.489662170410156,-35.798954010009766,24.211584091186523,9.598122596740723,15.573105812072754,0.17644384503364563,14.537067413330078,-2.105290412902832,11.415494918823242,-8.945021629333496,10.847058296203613,-19.355066299438477,14.23720932006836,-18.50310707092285,13.72960090637207,4.973924160003662,13.077197074890137,8.011341094970703,13.9537935256958,0.9190614223480225,10.450258255004883,3.1585896015167236,15.789640426635742
Q4_j8Ir-ssM-AA_0.wav,Calm,129.19921875,0.005764110013842583,0.003254387527704239,0.053335551167582415,838.919154936494,1567.6361177884614,0.20639637112617493,0.11488892883062363,0.21363262832164764,0.12386659532785416,0.18860386312007904,0.3174165189266205,0.15356582403182983,0.2918798327445984,0.16867181658744812,0.3329871594905853,0.5978814959526062,0.21036896109580994,-539.4542236328125,104.06104278564453,176.29736328125,54.20252227783203,-27.616222381591797,25.381500244140625,17.52063751220703,9.783087730407715,10.485977172851562,9.9140625,-7.441707611083984,7.47872257232666,-4.951413154602051,7.254631042480469,-7.8165669441223145,8.493946075439453,-3.4038078784942627,6.9312262535095215,-7.49343729019165,7.205159664154053,-8.546664237976074,6.632674694061279,-13.720389366149902,7.290799140930176,-9.90603256225586,7.151774883270264
Q4_j8Ir-ssM-AA_1.wav,Calm,123.046875,0.0066151185892522335,0.00434088334441185,0.06097346322979042,950.8461972934235,1896.179053026759,0.1649819165468216,0.09091553837060928,0.1707891970872879,0.1041240394115448,0.09354691952466965,0.17490628361701965,0.08655379712581635,0.1769840121269226,0.1612529456615448,0.4628450870513916,0.4896029829978943,0.14491744339466095,-554.6834716796875,122.01638793945312,155.01390075683594,64.4190444946289,-26.159320831298828,23.45222282409668,19.374614715576172,11.639045715332031,9.570184707641602,10.676541328430176,-8.889183044433594,9.566819190979004,-7.056310653686523,7.719824314117432,-8.22856616973877,8.784733772277832,-10.11107349395752,12.104825019836426,-9.094810485839844,8.231084823608398,-5.493393421173096,8.037981986999512,-7.478305339813232,11.420144081115723,-4.267748832702637,8.841014862060547
Q4_jCLgDtk695I_0.wav,Calm,99.38401442307692,0.006955830845981836,0.0042722332291305065,0.06174064323285007,883.5666546048359,1597.8276318842823,0.1412966400384903,0.39559781551361084,0.15697477757930756,0.21083970367908478,0.08052269369363785,0.14605243504047394,0.4665907323360443,0.14743034541606903,0.12639549374580383,0.14206193387508392,0.4081679880619049,0.2778618037700653,-541.0083618164062,122.00810241699219,166.95074462890625,57.303951263427734,-31.524749755859375,30.51882553100586,19.69404411315918,14.441844940185547,6.138696670532227,12.91125774383545,-9.078084945678711,9.126848220825195,-10.749167442321777,9.573626518249512,-14.436347961425781,8.471903800964355,-12.010778427124023,8.703911781311035,-11.145118713378906,8.108804702758789,-6.5887627601623535,9.507625579833984,-6.3794050216674805,10.332375526428223,-8.049188613891602,9.30782413482666
Q4_jCLgDtk695I_1.wav,Calm,95.703125,0.007512648124247789,0.003921493887901306,0.0545027542653819,791.41024881796,1496.9231029548268,0.17026084661483765,0.25546199083328247,0.14828188717365265,0.2700522840023041,0.265926331281662,0.2153494656085968,0.39466091990470886,0.22583788633346558,0.37745845317840576,0.18311744928359985,0.29690924286842346,0.28957870602607727,-513.8422241210938,95.96057891845703,181.0197296142578,56.27216720581055,-28.343597412109375,17.420665740966797,14.03737735748291,12.25725269317627,15.989325523376465,11.692439079284668,-9.240455627441406,7.886172771453857,-6.178467750549316,6.7534260749816895,-7.946124076843262,8.029092788696289,-8.249848365783691,8.227879524230957,-7.27811861038208,7.9473676681518555,-5.519688606262207,7.005979537963867,-7.972720623016357,6.464583396911621,-7.840313911437988,7.421694755554199
Q4_jCLgDtk695I_2.wav,Calm,99.38401442307692,0.009225601330399513,0.005274991039186716,0.059720181002475246,860.5640489012649,1591.972245320235,0.1128937155008316,0.17897595465183258,0.1383676379919052,0.31562909483909607,0.1539432406425476,0.1370820254087448,0.3905366063117981,0.1589253842830658,0.2319480925798416,0.1485842913389206,0.37695178389549255,0.3480167090892792,-502.9677429199219,111.8377914428711,171.3173065185547,57.90323257446289,-31.707744598388672,20.724199295043945,19.907705307006836,14.08731460571289,10.548759460449219,13.981616020202637,-8.031763076782227,9.152125358581543,-7.764124870300293,7.689180374145508,-12.871150016784668,9.208771705627441,-12.961966514587402,9.400639533996582,-8.999497413635254,8.124946594238281,-5.2859206199646,7.7257795333862305,-5.993704319000244,8.217698097229004,-6.882755279541016,7.489672660827637
Q4_jCLgDtk695I_3.wav,Calm,95.703125,0.006690195761620998,0.004631294868886471,0.05584457440686969,807.1410536470869,1490.5795607958569,0.15432503819465637,0.18303757905960083,0.11239907890558243,0.27007976174354553,0.38952428102493286,0.21591117978096008,0.3362326920032501,0.20045728981494904,0.3637373149394989,0.15809230506420135,0.2770702540874481,0.41178804636001587,-535.3521728515625,115.00955963134766,166.39076232910156,62.32775115966797,-18.42661476135254,30.127788543701172,13.051589012145996,11.961323738098145,11.141493797302246,10.963438987731934,-8.086153984069824,9.718767166137695,-6.985207557678223,8.38281536102295,-11.445831298828125,9.999488830566406,-10.29648494720459,7.60565710067749,-6.437533378601074,7.377448081970215,-7.299116611480713,7.500451564788818,-9.775487899780273,6.45257043838501,-7.138062000274658,6.809205532073975
Q4_jCLgDtk695I_4.wav,Calm,129.19921875,0.006108371540904045,0.004850797355175018,0.06314477486103579,936.4648663405841,1663.6151030368765,0.09339431673288345,0.14962497353553772,0.10963381826877594,0.34519022703170776,0.2158103883266449,0.11332401633262634,0.2516937255859375,0.12302184849977493,0.2284538894891739,0.14878998696804047,0.38992878794670105,0.2794656753540039,-569.08447265625,101.95034790039062,136.3438262939453,49.257930755615234,-17.564064025878906,23.485313415527344,13.886117935180664,17.075098037719727,6.434206008911133,15.260804176330566,-12.137225151062012,10.142199516296387,-13.927477836608887,9.53537654876709,-15.738005638122559,10.64194393157959,-17.386959075927734,12.112422943115234,-10.51089859008789,10.65610408782959,-3.026402711868286,14.267382621765137,-2.2583868503570557,14.723336219787598,-4.428277969360352,14.62340259552002
Q4_jNzZCplNNyY_0.wav,Calm,117.45383522727273,0.006551401689648628,0.0041436366736888885,0.053847391718397294,866.5940494100782,1598.0067102849887,0.22610290348529816,0.24569188058376312,0.1246107816696167,0.21943743526935577,0.11747677624225616,0.18483345210552216,0.10494742542505264,0.33251920342445374,0.5347684025764465,0.20573750138282776,0.2819685935974121,0.12636424601078033,-551.8297729492188,103.36791229248047,151.0667266845703,49.936241149902344,-25.935422897338867,25.727405548095703,22.683853149414062,16.345727920532227,12.655869483947754,15.424955368041992,-10.309423446655273,10.204103469848633,-13.00904655456543,10.817132949829102,-16.800914764404297,11.301512718200684,-13.601778030395508,9.695423126220703,-10.767172813415527,12.045758247375488,-9.269092559814453,12.612336158752441,-9.026927947998047,11.030133247375488,-8.351263046264648,10.2390775680542
Q4_jNzZCplNNyY_1.wav,Calm,112.34714673913044,0.007608415558934212,0.005548571702092886,0.06258349072802198,911.5242282326113,1581.4694260817307,0.2777969539165497,0.1136430874466896,0.11384851485490799,0.33606112003326416,0.12717360258102417,0.1516513228416443,0.0765814483165741,0.26160961389541626,0.4756181836128235,0.1758057326078415,0.22821903228759766,0.13146935403347015,-545.5717163085938,113.7358627319336,147.37973022460938,52.03984069824219,-24.1275577545166,23.904245376586914,18.422468185424805,16.851905822753906,7.268519878387451,15.717423439025879,-10.10383415222168,10.883066177368164,-11.157757759094238,10.132765769958496,-13.596317291259766,12.361176490783691,-12.253079414367676,12.233956336975098,-8.193699836730957,12.313678741455078,-7.211652755737305,11.935816764831543,-6.6331353187561035,11.540014266967773,-6.8983473777771,11.270650863647461
Q4_jO2zX6Ul8GM_2.wav,Calm,117.45383522727273,0.005755622871220112,0.004513280000537634,0.052695619044282514,860.0345780486846,1599.4728095221412,0.11476655304431915,0.1604796200990677,0.40298980474472046,0.2293655127286911,0.3590508997440338,0.1543097048997879,0.2555745840072632,0.301086962223053,0.1626058965921402,0.30217498540878296,0.12155493348836899,0.1582987904548645,-568.5659790039062,111.29025268554688,156.25277709960938,58.763999938964844,-16.38633155822754,23.177284240722656,15.436249732971191,13.732075691223145,14.068673133850098,13.589680671691895,-5.51031494140625,7.661863327026367,-3.5931901931762695,8.238645553588867,-3.960909366607666,8.117158889770508,-7.770178318023682,6.838619709014893,-6.931805610656738,7.40251350402832,-2.8982458114624023,7.039835453033447,-4.55051851272583,8.023721694946289,-7.775059700012207,8.154417991638184
Q4_JP3QKZlyQz4_0.wav,Calm,78.30255681818181,0.005094542633742094,0.003401494584977627,0.04978472699175824,757.0366763477298,1390.7041766826924,0.31583520770072937,0.15277834236621857,0.23664939403533936,0.14580181241035461,0.3296995162963867,0.1458023637533188,0.1559380143880844,0.38712507486343384,0.17600098252296448,0.2615292966365814,0.10182065516710281,0.19015833735466003,-563.077880859375,77.88015747070312,160.57618713378906,45.850189208984375,-10.95672607421875,19.60559844970703,12.590313911437988,12.322903633117676,22.072465896606445,12.475290298461914,-5.040154457092285,7.953558444976807,-7.604489803314209,9.547097206115723,-7.851003646850586,8.260838508605957,-9.484964370727539,7.519775390625,-6.24138069152832,8.625198364257812,-3.6980056762695312,10.689468383789062,-6.480674743652344,9.32145881652832,-7.692641735076904,9.034468650817871
Q4_JP3QKZlyQz4_1.wav,Calm,151.99908088235293,0.005591951310634613,0.003646600292995572,0.048617573832417584,763.3484206426064,1422.5733173076924,0.2942729890346527,0.1425238400697708,0.23908808827400208,0.14230716228485107,0.30531221628189087,0.13842672109603882,0.16989099979400635,0.47911733388900757,0.17648246884346008,0.1740812212228775,0.07191767543554306,0.16129402816295624,-558.7332153320312,84.91175842285156,161.48797607421875,49.379276275634766,-16.031856536865234,17.913997650146484,14.94417953491211,13.856735229492188,21.280405044555664,13.090044975280762,-5.612340450286865,6.932241916656494,-5.827092170715332,9.51895809173584,-7.219472885131836,8.717879295349121,-11.075593948364258,8.142853736877441,-8.940847396850586,8.484392166137695,-5.756484508514404,9.320958137512207,-7.495805263519287,8.113005638122559,-8.421209335327148,8.0432710647583
Q4_JP3QKZlyQz4_2.wav,Calm,151.99908088235293,0.00508648157119751,0.003603459568694234,0.04456916858731019,716.9326564339015,1362.2144852181061,0.32537853717803955,0.18138785660266876,0.2883293628692627,0.16780659556388855,0.3113388121128082,0.17744922637939453,0.16621392965316772,0.4259498119354248,0.19783702492713928,0.2573215067386627,0.0967429056763649,0.14582325518131256,-559.3197021484375,89.76750183105469,165.17489624023438,53.35586929321289,-12.832136154174805,20.05127716064453,12.024316787719727,11.712175369262695,21.172815322875977,11.391960144042969,-5.3789825439453125,6.975137233734131,-5.610307693481445,9.084157943725586,-4.5902628898620605,7.86020040512085,-6.657159805297852,6.515375137329102,-6.929525375366211,7.771941661834717,-4.246904373168945,6.528832912445068,-6.4969611167907715,5.8967695236206055,-9.004891395568848,7.207512378692627
Q4_jSWItJI-Gmk_0.wav,Calm,86.1328125,0.004821096546947956,0.004183054901659489,0.04887881880789271,808.4489509868738,1503.2727187409544,0.08994536101818085,0.06264087557792664,0.2105332612991333,0.308284729719162,0.11112407594919205,0.15411584079265594,0.1476561427116394,0.516634464263916,0.28371232748031616,0.17971861362457275,0.479923278093338,0.15944166481494904,-578.9251098632812,98.0408706665039,146.49703979492188,54.22659683227539,-15.430956840515137,22.90911102294922,12.037215232849121,15.2340726852417,16.39910888671875,12.822848320007324,-10.148449897766113,10.218368530273438,-13.369487762451172,10.26098346710205,-11.051617622375488,9.284597396850586,-12.527914047241211,7.814714431762695,-13.531024932861328,7.55265998840332,-12.151973724365234,8.561474800109863,-16.991830825805664,10.30600643157959,-14.094977378845215,9.168471336364746
Q4_jSWItJI-Gmk_1.wav,Calm,83.35433467741936,0.005477821454405785,0.004089742433279753,0.05052197802197802,782.5482641160113,1397.6752554086538,0.11715538799762726,0.06744225323200226,0.2368491142988205,0.524156928062439,0.15730978548526764,0.1258115917444229,0.09335017949342728,0.2674379050731659,0.34904730319976807,0.16691374778747559,0.2948968708515167,0.10743861645460129,-572.7571411132812,85.11808013916016,158.69168090820312,46.011512756347656,-13.607638359069824,21.22727394104004,12.87704849243164,13.30036735534668,16.623632431030273,13.602535247802734,-9.109850883483887,8.59776496887207,-11.598458290100098,9.526575088500977,-11.746216773986816,9.558873176574707,-12.979659080505371,10.246501922607422,-10.523892402648926,9.698728561401367,-6.0992865562438965,9.724287986755371,-9.324583053588867,10.93254566192627,-12.19128704071045,11.317750930786133
Q4_JT1XJnVmABo_0.wav,Calm,112.34714673913044,0.00924226175993681,0.005025574006140232,0.05728195753118221,829.3945908798195,1473.49466915503,0.07440757006406784,0.07276083528995514,0.0601828396320343,0.29842159152030945,0.6858314871788025,0.19588564336299896,0.17886415123939514,0.09866032004356384,0.14721742272377014,0.19642069935798645,0.10407261550426483,0.24050994217395782,-520.512451171875,108.05469512939453,166.1637725830078,55.61635208129883,-26.1969051361084,22.95281410217285,19.853452682495117,12.853352546691895,10.405563354492188,13.083849906921387,-10.891631126403809,7.795124530792236,-7.821865081787109,7.283271789550781,-13.314342498779297,9.437467575073242,-12.280304908752441,10.241316795349121,-6.199349880218506,8.812662124633789,-1.8762550354003906,10.176366806030273,-4.113856792449951,8.567789077758789,-7.269199848175049,8.295427322387695
Q4_JT1XJnVmABo_2.wav,Calm,112.34714673913044,0.008666754700243473,0.005837974604219198,0.060132544342710544,864.28272261029,1433.5048019506369,0.0610872320830822,0.05536552146077156,0.17797048389911652,0.4230020046234131,0.7081746459007263,0.16895796358585358,0.12030135095119476,0.053241100162267685,0.10296857357025146,0.09149864315986633,0.06935378164052963,0.22710663080215454,-557.4697265625,120.07450103759766,139.2698974609375,60.33295440673828,-20.678760528564453,26.43753433227539,17.504793167114258,12.962096214294434,5.371685028076172,15.302692413330078,-12.808331489562988,9.214900970458984,-12.532820701599121,9.843530654907227,-16.167863845825195,11.845966339111328,-12.269244194030762,13.029565811157227,-5.247757434844971,13.435681343078613,-1.1409928798675537,12.754523277282715,-5.798225402832031,9.13125228881836,-11.297147750854492,11.250438690185547
Q4_JxSU49jFKwM_0.wav,Calm,80.74951171875,0.005726213566958904,0.0035037994384765625,0.05835164835164835,841.2431070168084,1488.3276742788462,0.2513066828250885,0.2192002683877945,0.2854852080345154,0.22234989702701569,0.13675829768180847,0.2356707751750946,0.15824787318706512,0.15423201024532318,0.11900265514850616,0.2313951998949051,0.4793378710746765,0.17048895359039307,-549.627685546875,95.68724060058594,164.2346649169922,52.891357421875,-22.0864200592041,15.65943717956543,14.636360168457031,11.950145721435547,13.065813064575195,13.238139152526855,-9.289405822753906,7.611459255218506,-4.988221168518066,8.572227478027344,-5.649833679199219,9.834228515625,-6.668447971343994,10.109683990478516,-5.859940052032471,9.059398651123047,-8.053609848022461,11.94286823272705,-8.285707473754883,12.615765571594238,-7.5753254890441895,9.5966157913208
Q4_JxSU49jFKwM_1.wav,Calm,95.703125,0.006100832484662533,0.004132554400712252,0.05459932339682755,775.0406586869116,1369.9858228968953,0.19359230995178223,0.14832176268100739,0.34136924147605896,0.3007265031337738,0.17763951420783997,0.27215659618377686,0.19236469268798828,0.1472795605659485,0.15460459887981415,0.2775183916091919,0.3933838903903961,0.1388493925333023,-557.3147583007812,103.40149688720703,167.83116149902344,55.82025909423828,-17.445758819580078,25.88412094116211,14.64840030670166,12.414117813110352,13.427302360534668,13.8926420211792,-8.985506057739258,8.73705005645752,-6.1427812576293945,9.67354965209961,-6.936544418334961,9.843704223632812,-8.145034790039062,10.272482872009277,-7.088786602020264,9.768448829650879,-6.777263164520264,11.293702125549316,-7.469400405883789,12.399582862854004,-7.743220329284668,9.28369140625
Q4_k-FNDbK6Qhg_1.wav,Calm,123.046875,0.013830902986228466,0.007820427417755127,0.0648136381718529,917.4699699203961,1670.5364567218442,0.30617499351501465,0.24772822856903076,0.15044787526130676,0.194162979722023,0.15509235858917236,0.2844493091106415,0.16622868180274963,0.26090219616889954,0.3045675754547119,0.2137657254934311,0.3830168545246124,0.15649251639842987,-446.8868103027344,116.42269134521484,171.7579803466797,56.777828216552734,-33.815284729003906,20.67852210998535,19.050668716430664,15.109354019165039,2.9012317657470703,14.22852611541748,-5.4690046310424805,8.809865951538086,-4.888782978057861,9.621345520019531,-9.128107070922852,10.308958053588867,-9.582130432128906,10.214001655578613,-5.102816581726074,9.81739330291748,-4.4018025398254395,10.482501029968262,-3.9389710426330566,13.590873718261719,-6.064237117767334,11.30679988861084
Q4_k6aLLVX1D7Y_0.wav,Calm,198.76802884615384,0.005816548131406307,0.0026373155415058136,0.05478897136123169,865.8811105957835,1611.3448955931226,0.26631858944892883,0.1455124020576477,0.2759903073310852,0.16297471523284912,0.25038978457450867,0.1611839085817337,0.11862166225910187,0.2961081564426422,0.16276131570339203,0.3736426830291748,0.11824693530797958,0.1879788041114807,-549.4442749023438,92.53407287597656,173.6545867919922,48.1141357421875,-31.68747901916504,14.60400390625,25.080062866210938,11.05335521697998,12.29356861114502,12.048559188842773,-9.216547966003418,6.875636577606201,-8.00758171081543,7.412221908569336,-9.581452369689941,8.303017616271973,-15.685848236083984,11.124143600463867,-15.55454158782959,9.09499454498291,-8.609435081481934,11.062333106994629,-8.2167387008667,13.987545013427734,-6.412282943725586,11.008301734924316
Q4_k6aLLVX1D7Y_1.wav,Calm,103.359375,0.006297018378973007,0.003270835615694523,0.06356971287156167,981.1276849757344,1727.213187839674,0.3217712938785553,0.08762242645025253,0.11804795265197754,0.08471320569515228,0.21981757879257202,0.13559284806251526,0.1460169106721878,0.38755983114242554,0.15182635188102722,0.2021663635969162,0.1188206896185875,0.39253029227256775,-542.718505859375,108.74645233154297,153.0658416748047,49.54399871826172,-31.655487060546875,20.479389190673828,24.90049934387207,13.942651748657227,4.112733840942383,12.455171585083008,-11.2122163772583,6.511284828186035,-9.077408790588379,7.166595458984375,-14.644026756286621,8.25511360168457,-19.135629653930664,9.71076774597168,-5.99732780456543,9.836997032165527,0.7537461519241333,11.63646125793457,0.8690606951713562,9.690080642700195,-2.265512704849243,9.073018074035645
Q4_k6aLLVX1D7Y_2.wav,Calm,198.76802884615384,0.006165819242596626,0.0030608251690864563,0.06607647023072843,928.6013172505884,1548.9362962175123,0.1681847721338272,0.09426620602607727,0.24970127642154694,0.13012157380580902,0.29145175218582153,0.15967147052288055,0.0634380355477333,0.1545787900686264,0.12614184617996216,0.43621161580085754,0.1134614422917366,0.10795572400093079,-570.9393310546875,97.970703125,153.9716796875,51.24209976196289,-30.265737533569336,17.607683181762695,12.215226173400879,12.628913879394531,0.842037558555603,16.989463806152344,-14.927124977111816,10.009969711303711,-9.391737937927246,8.631697654724121,-6.054145812988281,10.273418426513672,-6.139459133148193,16.165563583374023,-11.004034042358398,14.194506645202637,-9.333374977111816,14.491426467895508,-9.996365547180176,16.188053131103516,-7.3990631103515625,11.798945426940918
Q4_kfYaGryaGzI_0.wav,Calm,46.142578125,0.004271004348993301,0.004457290284335613,0.052171426999496985,833.0759665286173,1491.8381382042253,0.2564256489276886,0.31889283657073975,0.12147963792085648,0.17344947159290314,0.08978000283241272,0.18583571910858154,0.12368836998939514,0.22725151479244232,0.5970978736877441,0.21430452167987823,0.28095385432243347,0.10991307348012924,-585.6475219726562,78.02565002441406,127.78531646728516,45.27870178222656,-0.36607682704925537,21.36224937438965,7.071868896484375,12.463441848754883,15.65626049041748,11.60911750793457,-6.433004379272461,8.41679573059082,-14.49114990234375,9.070239067077637,-13.034928321838379,8.8323974609375,-13.126333236694336,8.780112266540527,-11.075037002563477,8.429991722106934,-10.337356567382812,7.639786720275879,-9.717601776123047,7.867771625518799,-6.9973907470703125,9.211870193481445
Q4_kfYaGryaGzI_1.wav,Calm,83.35433467741936,0.002816550200805068,0.003669990925118327,0.07683958619505495,1053.1915339045354,1741.7332481971155,0.12938682734966278,0.26854029297828674,0.07816282659769058,0.0796118825674057,0.06246098503470421,0.24630098044872284,0.054926611483097076,0.08888271450996399,0.32069212198257446,0.18773917853832245,0.37389054894447327,0.09730716049671173,-677.958984375,97.03650665283203,87.99053192138672,50.32990646362305,-5.382259368896484,20.363584518432617,6.472193241119385,14.040589332580566,8.821844100952148,15.128055572509766,-2.4742307662963867,11.543207168579102,-5.4552531242370605,12.32927417755127,-5.604130268096924,13.418458938598633,-6.8335957527160645,14.527931213378906,-6.375229358673096,14.558076858520508,-5.767270565032959,14.210456848144531,-1.842979073524475,13.527511596679688,0.9455426931381226,12.276230812072754
Q4_kMHiU0fhWVw_0.wav,Calm,198.76802884615384,0.004655084572732449,0.0024921996518969536,0.05451438527519657,833.3903135972748,1577.9420428654396,0.08873572945594788,0.22841620445251465,0.08035437762737274,0.09373171627521515,0.17186884582042694,0.15523967146873474,0.5015435218811035,0.2169259637594223,0.26260486245155334,0.4905813932418823,0.21136993169784546,0.17575079202651978,-572.433349609375,108.05416107177734,173.28094482421875,59.16219711303711,-35.77838134765625,16.91963768005371,21.946975708007812,10.537548065185547,13.545230865478516,10.845617294311523,-8.2995023727417,7.378413200378418,-5.568836688995361,7.010434150695801,-8.730222702026367,7.516974925994873,-3.5092930793762207,9.874723434448242,-4.040985584259033,8.386253356933594,-4.225167274475098,7.86036491394043,-9.296652793884277,9.11123275756836,-10.505221366882324,9.614578247070312
Q4_kMHiU0fhWVw_1.wav,Calm,198.76802884615384,0.005976722110062838,0.002879038453102112,0.06339161399398868,912.4675343117085,1629.0233649829827,0.08440650254487991,0.3288138806819916,0.11284114420413971,0.11762687563896179,0.11725196987390518,0.14085160195827484,0.21063007414340973,0.12027432769536972,0.33455249667167664,0.5213313698768616,0.1459861397743225,0.07269797474145889,-550.2500610351562,110.09852600097656,169.51577758789062,53.692832946777344,-37.31045150756836,17.152986526489258,25.913698196411133,12.993732452392578,3.143611431121826,12.123016357421875,-13.140478134155273,8.319971084594727,-9.912429809570312,9.282425880432129,-10.289979934692383,10.244071960449219,-5.145902156829834,11.695005416870117,2.9635281562805176,6.067788124084473,-1.387557864189148,9.742815971374512,-6.893608093261719,13.62832260131836,-8.154675483703613,10.309248924255371
Q4_kMHiU0fhWVw_2.wav,Calm,103.359375,0.005436641164124012,0.0029013098683208227,0.06066497414250353,863.2875141989648,1517.0400487314357,0.10466142743825912,0.27389296889305115,0.09439393132925034,0.09494350105524063,0.1618206650018692,0.10031712055206299,0.21281461417675018,0.17399634420871735,0.5113570094108582,0.4055047929286957,0.11323703080415726,0.14834436774253845,-566.7462158203125,106.17719268798828,166.5032196044922,54.37165451049805,-29.945510864257812,17.46587371826172,19.010801315307617,13.559935569763184,4.884130001068115,12.160520553588867,-12.505024909973145,8.635481834411621,-8.116106033325195,7.71329927444458,-9.664825439453125,10.119536399841309,-5.75260591506958,13.730264663696289,-2.6162595748901367,12.302230834960938,-6.322414875030518,10.754555702209473,-8.100204467773438,13.249659538269043,-5.121326923370361,13.80080795288086
Q4_kMHiU0fhWVw_3.wav,Calm,103.359375,0.005096095614135265,0.0033407064620405436,0.062116329918334316,1008.2902291573765,1791.026387879819,0.10986687242984772,0.38882383704185486,0.12835092842578888,0.06182558834552765,0.07548292726278305,0.07992544770240784,0.17372293770313263,0.11928918957710266,0.37823227047920227,0.3605663776397705,0.10143773257732391,0.16256099939346313,-595.11669921875,121.57119750976562,130.87881469726562,58.65256118774414,-21.281028747558594,21.379005432128906,18.677730560302734,16.231609344482422,-0.4947860836982727,11.390727043151855,-15.058545112609863,9.395081520080566,-11.84214973449707,9.316338539123535,-14.197612762451172,10.920589447021484,-15.414140701293945,11.944080352783203,-10.123562812805176,12.317268371582031,-9.981149673461914,10.716110229492188,-3.270948648452759,13.174837112426758,3.6041665077209473,12.892346382141113
Q4_KRlAez34QfE_0.wav,Calm,129.19921875,0.0072338152676820755,0.005199057515710592,0.04965084183500542,782.3457953850382,1428.016871123407,0.1312449723482132,0.13620582222938538,0.42893674969673157,0.2724490761756897,0.12867549061775208,0.2681305408477783,0.10249307751655579,0.12327342480421066,0.09010720252990723,0.27048662304878235,0.35355255007743835,0.10491379350423813,-542.4234008789062,102.06130981445312,158.62049865722656,50.18186569213867,-14.471417427062988,27.12671661376953,16.097698211669922,13.74878215789795,14.172005653381348,13.409499168395996,-8.31640911102295,8.59158992767334,-12.408550262451172,9.084280967712402,-13.384142875671387,9.309932708740234,-12.462326049804688,11.506799697875977,-12.082590103149414,10.769927024841309,-7.102781772613525,8.2235107421875,-5.098840713500977,8.54771900177002,-8.422314643859863,10.679637908935547
Q4_KRlAez34QfE_1.wav,Calm,117.45383522727273,0.008655860088765621,0.005612505599856377,0.06175065748762376,903.2219395844264,1655.825654586943,0.27249619364738464,0.12205779552459717,0.323496550321579,0.34301134943962097,0.12408358603715897,0.1760873943567276,0.14196935296058655,0.25048330426216125,0.1617359220981598,0.25897714495658875,0.2405509501695633,0.1407403200864792,-516.96435546875,108.07225799560547,163.422607421875,53.88020706176758,-30.92059326171875,16.585168838500977,22.308937072753906,13.388162612915039,8.286441802978516,15.020495414733887,-11.41430950164795,8.49936294555664,-10.63682746887207,8.789083480834961,-13.865234375,9.18718433380127,-16.146310806274414,10.701386451721191,-13.304499626159668,10.098174095153809,-4.591799259185791,10.2197904586792,-1.3116459846496582,10.225818634033203,-3.1352994441986084,9.960103034973145
Q4_KRlAez34QfE_2.wav,Calm,123.046875,0.007224034518003464,0.005714261904358864,0.061134892562124524,922.4462631206826,1698.5298894260309,0.2504003643989563,0.11753878742456436,0.24622848629951477,0.17691999673843384,0.09652366489171982,0.21033577620983124,0.07633155584335327,0.12983445823192596,0.07885833829641342,0.26740559935569763,0.4298900365829468,0.15155552327632904,-553.7021484375,115.40638732910156,142.8917694091797,61.4309196472168,-18.119094848632812,22.301990509033203,14.237011909484863,13.743176460266113,11.854592323303223,14.903814315795898,-7.011360168457031,10.126911163330078,-9.062070846557617,10.462443351745605,-10.555088996887207,11.059245109558105,-10.01073932647705,11.6538667678833,-7.43685245513916,9.889554023742676,-4.149569034576416,9.603205680847168,-6.69875431060791,9.634101867675781,-7.567965030670166,9.996343612670898
Q4_KxlqB3j0zys_2.wav,Calm,198.76802884615384,0.009361645206809044,0.006771021988242865,0.06390235222342733,888.8632626146181,1527.2868059203836,0.07405544072389603,0.20913851261138916,0.4421829581260681,0.24585871398448944,0.29866036772727966,0.13207373023033142,0.2878321707248688,0.25240686535835266,0.18741586804389954,0.3089793622493744,0.14053723216056824,0.1587115377187729,-513.6153564453125,120.97431182861328,162.4246063232422,58.72077560424805,-24.383712768554688,26.536935806274414,15.331151008605957,15.042983055114746,5.683536052703857,14.496725082397461,-6.216296195983887,10.16457462310791,-5.403149127960205,9.367354393005371,-11.027615547180176,10.277528762817383,-10.644854545593262,10.907803535461426,-4.680936336517334,8.60343074798584,0.03904416412115097,8.913973808288574,-4.348266124725342,10.580984115600586,-9.952016830444336,11.212742805480957
Q4_KxlqB3j0zys_3.wav,Calm,86.1328125,0.008817159570753574,0.005849409382790327,0.06573596325549451,929.0434488909954,1620.7876352163462,0.10311955213546753,0.28696101903915405,0.43963679671287537,0.17599207162857056,0.27928218245506287,0.11340554803609848,0.24366635084152222,0.19407732784748077,0.1499532163143158,0.3361859917640686,0.1380479484796524,0.2446175068616867,-501.170654296875,106.33147430419922,165.82681274414062,47.506351470947266,-26.720640182495117,25.923358917236328,14.708406448364258,14.388712882995605,3.9397833347320557,16.534055709838867,-10.138039588928223,8.765089988708496,-8.605672836303711,9.573493957519531,-10.634004592895508,9.804431915283203,-13.265417098999023,10.473226547241211,-7.1891584396362305,9.838692665100098,-4.461142063140869,12.330163955688477,-4.266297340393066,11.886137008666992,-6.083165168762207,10.693544387817383
Q4_KxlqB3j0zys_4.wav,Calm,151.99908088235293,0.0060546002350747585,0.00444774329662323,0.05995917495064862,880.6423496451141,1560.1856212325508,0.10714704543352127,0.19570578634738922,0.3059840798377991,0.15606571733951569,0.31446248292922974,0.12004980444908142,0.2193528264760971,0.15071721374988556,0.10327735543251038,0.2458881139755249,0.1189376562833786,0.2847684621810913,-557.694580078125,112.10254669189453,146.0974578857422,61.19725799560547,-16.404499053955078,22.980396270751953,14.531481742858887,14.824018478393555,7.538206577301025,14.315070152282715,-10.749221801757812,7.853858470916748,-8.485292434692383,10.395299911499023,-10.715797424316406,8.410058975219727,-13.660606384277344,9.260396957397461,-9.130755424499512,9.814319610595703,-5.2305192947387695,10.848033905029297,-5.051828861236572,11.46127986907959,-5.038563251495361,9.814340591430664
Q4_ldCQ6N9G6Mk_0.wav,Calm,151.99908088235293,0.002708003157749772,0.004397171083837748,0.10484932564400337,1395.4951833183522,2214.9069708746833,0.20355205237865448,0.05002332106232643,0.11533407121896744,0.3070397973060608,0.06728465855121613,0.0864778459072113,0.05363535135984421,0.23018591105937958,0.1926508992910385,0.06581512838602066,0.20563101768493652,0.09409328550100327,-694.3333129882812,106.0552978515625,48.486751556396484,46.21097946166992,-20.385459899902344,22.212505340576172,-2.921375274658203,15.241164207458496,6.496938705444336,19.698820114135742,5.751495838165283,15.755924224853516,1.0249401330947876,10.635758399963379,-3.4354753494262695,11.48873519897461,-1.915587306022644,16.686304092407227,2.6373450756073,15.266885757446289,2.998720407485962,13.53637409210205,5.413573265075684,11.64801025390625,7.635063648223877,10.765141487121582
Q4_ldCQ6N9G6Mk_1.wav,Calm,103.359375,0.010143522173166275,0.006409887224435806,0.04999516984706211,825.3866927972266,1488.0612510604547,0.020657336339354515,0.02244512178003788,0.17503167688846588,0.5402448773384094,0.17787738144397736,0.14809183776378632,0.04811554029583931,0.11782871186733246,0.33447355031967163,0.17556342482566833,0.40148475766181946,0.0998237356543541,-536.2183837890625,92.97818756103516,142.4931182861328,43.380123138427734,-18.083209991455078,20.59147071838379,20.273143768310547,15.020642280578613,18.074804306030273,17.938583374023438,-6.093839168548584,7.416798114776611,-10.38101577758789,8.284420013427734,-10.267378807067871,10.115873336791992,-13.838794708251953,13.803915977478027,-16.03546905517578,9.882654190063477,-10.724390983581543,9.067420959472656,-14.28811264038086,11.313141822814941,-15.659326553344727,10.409364700317383
Q4_ldCQ6N9G6Mk_5.wav,Calm,112.34714673913044,0.016316190361976624,0.00834636203944683,0.05866148033920599,905.3431378770293,1647.3106384277344,0.12282609194517136,0.07213374227285385,0.06604531407356262,0.268218457698822,0.5662980079650879,0.2405976504087448,0.32456323504447937,0.14868387579917908,0.2927810549736023,0.34619271755218506,0.18493963778018951,0.41651850938796997,-421.94610595703125,92.53044891357422,178.40728759765625,40.11978530883789,-34.59347152709961,19.826213836669922,19.438095092773438,15.327142715454102,2.4751670360565186,14.688558578491211,-4.499566078186035,8.660568237304688,-3.343566656112671,9.497684478759766,-5.439451694488525,8.136711120605469,-6.097916126251221,8.230819702148438,-2.68874192237854,9.868849754333496,-2.6364657878875732,9.981108665466309,-9.596578598022461,9.65313720703125,-9.425848007202148,8.07836627960205
Q4_lQCrA2TE-fo_0.wav,Calm,99.38401442307692,0.007384388241916895,0.0042162565514445305,0.057705893692380696,873.6163883749224,1552.3232416579108,0.1371341496706009,0.11647853255271912,0.24663469195365906,0.12743493914604187,0.18298417329788208,0.10494548082351685,0.3058970272541046,0.397431880235672,0.16029483079910278,0.2203625589609146,0.1099897027015686,0.26332923769950867,-553.419921875,121.18241119384766,157.43519592285156,65.9592056274414,-32.552162170410156,20.08413314819336,20.02443504333496,11.907990455627441,12.49355697631836,12.828073501586914,-10.192084312438965,7.668017864227295,-5.95583963394165,8.50988483428955,-13.972052574157715,10.146791458129883,-14.377370834350586,9.667875289916992,-8.400130271911621,9.985172271728516,-4.28941011428833,11.814407348632812,-5.164198398590088,9.637992858886719,-10.148943901062012,11.19096851348877
Q4_lQCrA2TE-fo_1.wav,Calm,103.359375,0.008463996462523937,0.004111113492399454,0.06074610800638686,886.7194471378967,1602.384665830292,0.09536785632371902,0.07261958718299866,0.2132442444562912,0.11355907469987869,0.18712732195854187,0.12658235430717468,0.36557698249816895,0.3276415169239044,0.1348085105419159,0.21898478269577026,0.12949219346046448,0.3657800853252411,-522.3281860351562,106.11238098144531,162.23863220214844,54.6114387512207,-36.99614715576172,16.474468231201172,23.38791847229004,12.485406875610352,10.254949569702148,13.239036560058594,-11.722447395324707,7.885316371917725,-7.584152698516846,8.353416442871094,-13.864228248596191,9.309950828552246,-17.445178985595703,10.553065299987793,-7.542590141296387,11.295760154724121,-0.5472718477249146,12.905732154846191,-4.30974006652832,11.243962287902832,-8.02939224243164,10.51291275024414
Q4_ltNK_MY1HkM_0.wav,Calm,123.046875,0.005479817744344473,0.004199397750198841,0.058999115566037735,833.7285076631487,1429.3410425048557,0.07137085497379303,0.1712803840637207,0.09448084980249405,0.18961654603481293,0.6012247204780579,0.17492561042308807,0.0862785205245018,0.06718327850103378,0.22402499616146088,0.3336651623249054,0.11789621412754059,0.1352168172597885,-586.0174560546875,85.18496704101562,144.5074920654297,48.2867546081543,-11.343647956848145,19.51681900024414,9.177538871765137,12.38455581665039,11.853216171264648,15.05176067352295,-8.534865379333496,9.218221664428711,-7.888806343078613,9.586207389831543,-7.636641979217529,9.517186164855957,-8.05509090423584,10.024150848388672,-2.461540937423706,10.148178100585938,0.33985599875450134,11.96006965637207,-7.246886253356934,12.326177597045898,-9.800302505493164,8.488749504089355
Q4_ltNK_MY1HkM_1.wav,Calm,123.046875,0.004273737780749798,0.004192115273326635,0.05749182162534435,827.1580611228262,1389.033969847624,0.13022546470165253,0.16647538542747498,0.0950355976819992,0.14572393894195557,0.33591148257255554,0.1380409151315689,0.21105751395225525,0.100051149725914,0.21414659917354584,0.308792382478714,0.1625693440437317,0.38298436999320984,-614.2437744140625,106.4354248046875,121.51739501953125,64.48445129394531,-6.897644519805908,22.95209503173828,3.9457497596740723,13.450599670410156,8.952946662902832,13.586230278015137,-6.297942638397217,9.404717445373535,-6.569727420806885,12.406327247619629,-3.465546131134033,15.220033645629883,-2.9147684574127197,13.578245162963867,-0.9043502807617188,10.856346130371094,-3.7815463542938232,10.961074829101562,-8.549497604370117,10.591794967651367,-6.5171380043029785,9.559308052062988
Q4_ltNK_MY1HkM_2.wav,Calm,64.599609375,0.0051613240502774715,0.0040346793830394745,0.049999792808521924,804.4450323816611,1494.0982025448639,0.06129143759608269,0.1012793779373169,0.08003441989421844,0.16886818408966064,0.3740733861923218,0.12029030919075012,0.08123218268156052,0.10006856173276901,0.4084542989730835,0.3874942362308502,0.1101415678858757,0.13552071154117584,-614.1965942382812,95.2952880859375,126.14360809326172,59.49472427368164,-12.41318130493164,16.0533504486084,12.283724784851074,14.152358055114746,18.039794921875,12.003466606140137,-6.968611717224121,8.021395683288574,-8.202400207519531,8.899163246154785,-5.532234191894531,8.752357482910156,-11.702961921691895,8.77221965789795,-11.96807861328125,10.043306350708008,-8.423088073730469,8.23355484008789,-10.94689655303955,8.644550323486328,-7.128177642822266,9.320948600769043
Q4_ltxNPJda7zE_0.wav,Calm,135.99917763157896,0.006370232906192541,0.0056645809672772884,0.06121305099578575,945.474261698473,1666.7682790834012,0.10911954939365387,0.17169421911239624,0.0975542888045311,0.07629883289337158,0.19385448098182678,0.07454782724380493,0.13780929148197174,0.09609299898147583,0.3606812059879303,0.3791956603527069,0.13762232661247253,0.3016067147254944,-575.66748046875,103.2718276977539,120.06542205810547,50.50553512573242,-10.20048999786377,22.651229858398438,12.606465339660645,13.2356595993042,8.479260444641113,14.812581062316895,-10.842721939086914,9.470768928527832,-14.481095314025879,10.69662857055664,-13.695843696594238,11.645732879638672,-14.369903564453125,11.926128387451172,-10.287745475769043,11.564905166625977,-10.622106552124023,10.655061721801758,-9.609460830688477,12.742347717285156,-3.9830026626586914,11.567328453063965
Q4_ltxNPJda7zE_1.wav,Calm,103.359375,0.0156198525801301,0.008549278602004051,0.056434124160183875,863.4507037730895,1599.2667320931312,0.10434956848621368,0.24112911522388458,0.15100297331809998,0.14663083851337433,0.33662325143814087,0.14351508021354675,0.1873018443584442,0.13230465352535248,0.3781551718711853,0.5995005369186401,0.19617804884910583,0.16910114884376526,-439.12066650390625,106.79924774169922,168.77273559570312,53.60888671875,-31.39417839050293,16.998886108398438,19.00210189819336,16.61546516418457,6.34607458114624,13.082756996154785,-5.647882461547852,9.598946571350098,-7.9384074211120605,10.61556339263916,-6.4915008544921875,9.411445617675781,-5.467569828033447,10.979804039001465,-6.893134593963623,9.129961013793945,-5.688929080963135,8.927851676940918,-10.954378128051758,12.39139175415039,-10.889909744262695,9.270407676696777
Q4_ltxNPJda7zE_3.wav,Calm,112.34714673913044,0.014729831367731094,0.01097281463444233,0.05812549725954738,869.1509277898847,1603.4850469910273,0.08544754236936569,0.2124369591474533,0.15288002789020538,0.1039564236998558,0.21232952177524567,0.13432541489601135,0.3342209756374359,0.15231382846832275,0.35044217109680176,0.6011998057365417,0.17935697734355927,0.1097276583313942,-459.1806945800781,118.34605407714844,160.07437133789062,53.61891555786133,-24.752077102661133,20.06584930419922,17.78093910217285,16.248537063598633,8.267672538757324,13.868388175964355,-6.3814496994018555,8.762613296508789,-6.904390811920166,10.725939750671387,-3.7981903553009033,8.416202545166016,-3.1596226692199707,10.985472679138184,-2.7349112033843994,10.769001960754395,-5.002313613891602,7.654870510101318,-12.082058906555176,10.02517318725586,-12.705265998840332,9.27326488494873
Q4_ltxNPJda7zE_4.wav,Calm,103.359375,0.0073180836625397205,0.0076887765899300575,0.05855116733284884,864.2217773489173,1514.7027836289517,0.09056863188743591,0.2007172554731369,0.17355136573314667,0.12778346240520477,0.35261890292167664,0.10750966519117355,0.09118358790874481,0.08476071804761887,0.24595628678798676,0.5729553699493408,0.19550086557865143,0.21584615111351013,-551.6282958984375,111.68431091308594,132.71775817871094,51.21903610229492,-0.05547456815838814,33.6872444152832,12.97607421875,16.181968688964844,5.589083671569824,13.534157752990723,-7.526002883911133,11.540142059326172,-10.674179077148438,8.4588623046875,-12.66446590423584,9.059873580932617,-15.155386924743652,12.440113067626953,-10.217652320861816,11.023378372192383,-7.121397495269775,11.17189884185791,-5.875977039337158,13.274164199829102,-4.318878173828125,9.703570365905762
Q4_lTxVVdhFE6Q_0.wav,Calm,135.99917763157896,0.0071018291637301445,0.004453273490071297,0.055089272187637726,823.2201751557159,1488.889557194111,0.09492632746696472,0.21115294098854065,0.1927807331085205,0.15120846033096313,0.25429677963256836,0.1359519511461258,0.2629268765449524,0.1314857304096222,0.39198926091194153,0.5406246185302734,0.1765844076871872,0.18662546575069427,-532.031982421875,100.05452728271484,165.5828857421875,50.96089553833008,-26.01951026916504,24.946300506591797,13.660545349121094,10.476669311523438,12.08616828918457,12.226149559020996,-9.61545467376709,8.226790428161621,-9.383246421813965,8.469137191772461,-10.935898780822754,8.912759780883789,-9.132850646972656,8.629566192626953,-11.863978385925293,10.027847290039062,-11.961305618286133,8.456822395324707,-14.044450759887695,10.095540046691895,-11.245330810546875,9.847411155700684
Q4_lTxVVdhFE6Q_1.wav,Calm,99.38401442307692,0.0067055802792310715,0.0039598955772817135,0.054327114543790675,806.4653328073099,1481.2134583446311,0.11060453951358795,0.2839937210083008,0.476369172334671,0.18799114227294922,0.17374785244464874,0.10782613605260849,0.31640052795410156,0.3885992467403412,0.25621482729911804,0.34976544976234436,0.1510375738143921,0.25245988368988037,-527.6728515625,109.95912170410156,182.43896484375,56.27690505981445,-26.22842788696289,30.939817428588867,17.834583282470703,11.886882781982422,10.97036075592041,11.382218360900879,-8.885417938232422,8.908045768737793,-4.945565700531006,8.563506126403809,-9.614073753356934,7.602547645568848,-8.199597358703613,8.274052619934082,-7.134146213531494,8.178186416625977,-4.948770523071289,5.818589687347412,-6.557260036468506,7.678493499755859,-10.199633598327637,8.230224609375
Q4_lvfNo4KOTmM_0.wav,Calm,135.99917763157896,0.004669848829507828,0.0031934024300426245,0.05014769320568081,771.9706875216891,1415.246452513677,0.20186524093151093,0.1069042906165123,0.19201655685901642,0.14631138741970062,0.36321356892585754,0.3327029049396515,0.13890409469604492,0.2427254617214203,0.1440235674381256,0.2842588424682617,0.2598557472229004,0.138766348361969,-569.6853637695312,85.30067443847656,167.0064697265625,46.420101165771484,-11.217388153076172,25.04377555847168,13.297409057617188,11.49135684967041,17.952451705932617,12.929965019226074,-7.490182399749756,6.514986038208008,-7.5028910636901855,9.229052543640137,-7.215610504150391,8.285758018493652,-9.033918380737305,9.131525039672852,-7.971974849700928,7.754437446594238,-6.3894195556640625,9.091306686401367,-9.815340042114258,9.801013946533203,-10.793319702148438,7.706190586090088
Q4_lvfNo4KOTmM_1.wav,Calm,129.19921875,0.0055545177310705185,0.003607269376516342,0.05155122169198139,825.6037337840523,1500.830078125,0.28981950879096985,0.13120724260807037,0.16733290255069733,0.10895596444606781,0.22285528481006622,0.24896982312202454,0.15104436874389648,0.36426445841789246,0.19532442092895508,0.34784823656082153,0.20404265820980072,0.13621188700199127,-566.67578125,110.2213363647461,162.8934326171875,59.84353256225586,-21.56219482421875,22.90618896484375,17.871978759765625,10.461994171142578,17.129417419433594,13.74233341217041,-5.852285861968994,6.730005741119385,-4.397587776184082,8.894113540649414,-7.395754814147949,8.214162826538086,-7.903955936431885,8.232345581054688,-6.60472297668457,7.851252555847168,-6.274352550506592,8.874161720275879,-7.006893157958984,9.565821647644043,-6.9521260261535645,7.54546594619751
Q4_mGYKWCVnMwQ_0.wav,Calm,184.5703125,0.005390647798776627,0.0034520619083195925,0.044510430975274726,760.6832594519786,1420.3395432692307,0.09173671156167984,0.09736776351928711,0.3369225859642029,0.39859041571617126,0.16932955384254456,0.23346741497516632,0.12289346754550934,0.22719182074069977,0.2285284698009491,0.1670675426721573,0.3391891121864319,0.13019032776355743,-566.4166259765625,77.05635070800781,163.66488647460938,44.675140380859375,-16.98535919189453,15.707618713378906,14.692098617553711,11.812843322753906,20.37775421142578,10.974151611328125,-7.850274085998535,7.468342304229736,-10.340313911437988,8.807644844055176,-8.248027801513672,8.947721481323242,-7.2299418449401855,7.927184104919434,-8.401062965393066,8.681838035583496,-4.489543437957764,9.368731498718262,-7.281972885131836,9.32644271850586,-12.720118522644043,8.282405853271484
Q4_mGYKWCVnMwQ_1.wav,Calm,95.703125,0.006308877374976873,0.004136740695685148,0.05112508585164835,812.815031578942,1514.7212289663462,0.07769569009542465,0.08382159471511841,0.28163111209869385,0.2663797438144684,0.13114483654499054,0.22575244307518005,0.16473998129367828,0.3953903019428253,0.28449931740760803,0.16348302364349365,0.35204318165779114,0.1348215788602829,-541.3124389648438,84.01896667480469,164.0322723388672,43.95674133300781,-20.986448287963867,19.114744186401367,17.296005249023438,11.794315338134766,16.766672134399414,12.384355545043945,-8.800115585327148,8.464223861694336,-9.333944320678711,9.438944816589355,-8.499112129211426,8.682157516479492,-9.63267993927002,8.716988563537598,-10.681624412536621,8.260770797729492,-4.407670021057129,9.889765739440918,-8.696894645690918,9.912198066711426,-11.208552360534668,9.047041893005371
Q4_MT2_mXn-vGU_0.wav,Calm,184.5703125,0.007770781870931387,0.005279376171529293,0.05608569748182458,898.0999452446252,1625.9032859587535,0.08364555239677429,0.10904823243618011,0.08748219907283783,0.3093852996826172,0.3319600224494934,0.11484473198652267,0.23018375039100647,0.12303917109966278,0.3226684331893921,0.29956528544425964,0.11017812043428421,0.2374090850353241,-546.5769653320312,99.37788391113281,146.90643310546875,46.96187973022461,-17.866233825683594,24.99899673461914,18.370145797729492,13.111886978149414,9.786724090576172,15.823073387145996,-14.013082504272461,9.697031021118164,-16.279102325439453,9.612577438354492,-15.222540855407715,9.864453315734863,-16.104520797729492,11.240289688110352,-10.422213554382324,10.691439628601074,-8.153234481811523,10.959318161010742,-11.162622451782227,11.775006294250488,-10.435480117797852,12.079976081848145
Q4_MT2_mXn-vGU_1.wav,Calm,99.38401442307692,0.009538873098790646,0.004732596222311258,0.056563709431015755,874.0535984297879,1602.6738504039924,0.10683228075504303,0.0910002812743187,0.078125,0.2896922826766968,0.47827908396720886,0.15973864495754242,0.18829502165317535,0.10915635526180267,0.2759864926338196,0.2424245923757553,0.11943843960762024,0.3200196921825409,-507.0899963378906,95.68756866455078,173.23431396484375,54.013553619384766,-30.150209426879883,14.575255393981934,18.897523880004883,12.759942054748535,10.265023231506348,15.46076488494873,-11.186042785644531,9.604308128356934,-9.238058090209961,9.439757347106934,-10.623418807983398,10.115848541259766,-11.035243034362793,9.688211441040039,-7.714005947113037,10.100967407226562,-6.42626428604126,9.46471118927002,-9.803366661071777,10.281294822692871,-9.822447776794434,11.43244743347168
Q4_MT2_mXn-vGU_2.wav,Calm,99.38401442307692,0.007750460412353277,0.004967321176081896,0.055203584683432755,855.6909762948676,1554.5419556458446,0.08922227472066879,0.09645549207925797,0.06918113678693771,0.26002830266952515,0.4408576190471649,0.1497269570827484,0.20408537983894348,0.12703725695610046,0.36120936274528503,0.27150896191596985,0.10902520269155502,0.2710609436035156,-537.381591796875,96.84371948242188,153.76829528808594,50.75542068481445,-22.275306701660156,20.38906478881836,13.757155418395996,13.057974815368652,11.20406723022461,15.377345085144043,-13.322325706481934,10.505622863769531,-15.493581771850586,13.17981243133545,-13.246137619018555,11.686846733093262,-13.494290351867676,10.0086669921875,-9.960115432739258,10.75260066986084,-7.1403985023498535,9.891077041625977,-10.830842971801758,11.101524353027344,-10.709972381591797,11.638127326965332
Q4_nGkpcWNAxDU_0.wav,Calm,99.38401442307692,0.004718638490885496,0.003960744012147188,0.06222785027472527,931.0823244359152,1609.9595102163462,0.1749146729707718,0.1397617608308792,0.06566227227449417,0.14388501644134521,0.10827542841434479,0.30873069167137146,0.1348150223493576,0.13972978293895721,0.3438356816768646,0.1580451875925064,0.2571395933628082,0.09495837241411209,-612.4412231445312,101.3463363647461,122.07708740234375,53.59079360961914,-19.499845504760742,17.822912216186523,12.749105453491211,16.562929153442383,10.397294044494629,14.51198959350586,-6.853227138519287,9.74440860748291,-9.43166732788086,9.998173713684082,-12.859627723693848,10.823258399963379,-10.008428573608398,11.057808876037598,-2.4500772953033447,12.581525802612305,1.8743921518325806,14.102476119995117,-0.6837352514266968,13.985315322875977,-4.9822845458984375,14.423470497131348
Q4_nGkpcWNAxDU_1.wav,Calm,99.38401442307692,0.009329658932983875,0.004005858674645424,0.06831075978833576,916.4645396968069,1541.4706207985103,0.1196577176451683,0.2871192991733551,0.11976244300603867,0.27031615376472473,0.1330464482307434,0.3398531675338745,0.1039985865354538,0.16075322031974792,0.5242822170257568,0.15032857656478882,0.07678234577178955,0.046798717230558395,-498.8999328613281,109.73896026611328,176.197021484375,57.498409271240234,-37.67485809326172,17.365867614746094,19.10533905029297,9.945813179016113,-3.6031594276428223,12.676007270812988,-9.971443176269531,7.246326923370361,-6.445490837097168,8.178927421569824,-14.053165435791016,9.435694694519043,-4.117042541503906,8.94347095489502,5.120925426483154,9.016949653625488,2.492722272872925,11.399632453918457,3.2136213779449463,9.559693336486816,-7.472395896911621,7.962096691131592
Q4_nGkpcWNAxDU_2.wav,Calm,99.38401442307692,0.006818435620516539,0.0050481460057199,0.08873202623739689,1120.9605130851878,1915.5767760726972,0.2050301879644394,0.22602041065692902,0.09337087720632553,0.21620464324951172,0.15457163751125336,0.3478901982307434,0.18221504986286163,0.25366780161857605,0.26325374841690063,0.1414899230003357,0.21704065799713135,0.09701907634735107,-562.2291259765625,152.3035888671875,136.4183349609375,81.53046417236328,-34.753231048583984,22.309396743774414,6.810665607452393,11.734006881713867,6.931423187255859,12.547470092773438,3.681708335876465,7.54780912399292,5.087554454803467,7.69840145111084,-3.9334988594055176,12.834539413452148,-6.537232875823975,8.852057456970215,-5.408092975616455,11.611355781555176,-0.562967836856842,11.054716110229492,0.24448004364967346,8.267745971679688,-3.033658027648926,10.789008140563965
Q4_NP0lwB-_-og_0.wav,Calm,161.4990234375,0.008083950728178024,0.006115064490586519,0.058351734647034824,853.5447410308938,1548.7152996208515,0.3978663384914398,0.1377238929271698,0.13896320760250092,0.08866484463214874,0.2109687179327011,0.10576710104942322,0.14039018750190735,0.41414526104927063,0.2403695285320282,0.4911652207374573,0.1640491485595703,0.19442477822303772,-515.8049926757812,107.29808807373047,157.43589782714844,54.66156005859375,-19.192039489746094,25.5854434967041,13.168688774108887,13.667394638061523,11.469152450561523,15.349170684814453,-6.505930423736572,7.119192123413086,-4.374424934387207,8.26179027557373,-6.057459354400635,8.078179359436035,-9.418980598449707,8.353793144226074,-7.967128276824951,8.80214786529541,-8.663044929504395,9.935683250427246,-7.844821453094482,10.393651008605957,-3.194556713104248,8.493417739868164
Q4_NzJjMGJg1wE_0.wav,Calm,151.99908088235293,0.005377531982958317,0.0031286051962524652,0.06463813530219781,976.9286761180999,1732.7318960336538,0.11380153894424438,0.3098289370536804,0.12234165519475937,0.2705320715904236,0.16377291083335876,0.1158127710223198,0.1697903871536255,0.0904085636138916,0.21097825467586517,0.1502130925655365,0.17297615110874176,0.19732944667339325,-576.5108642578125,91.19110107421875,146.2189483642578,44.72776794433594,-25.053110122680664,16.171693801879883,21.080646514892578,14.005111694335938,6.017570495605469,15.149396896362305,-13.639219284057617,8.344974517822266,-9.712807655334473,8.67307186126709,-14.716548919677734,9.715391159057617,-16.138742446899414,11.101985931396484,-6.030636310577393,10.775161743164062,-1.6062175035476685,13.372368812561035,0.8545161485671997,12.265196800231934,0.13341474533081055,14.181001663208008
Q4_OgkB7PfqWzA_0.wav,Calm,95.703125,0.005761527456343174,0.00430547259747982,0.04800654688358045,732.6963315113316,1303.3973354484144,0.15598319470882416,0.10078252851963043,0.11048154532909393,0.2281714528799057,0.1019299104809761,0.16612353920936584,0.178558811545372,0.4689169228076935,0.5033189654350281,0.2336435467004776,0.3108383119106293,0.11200328916311264,-582.2954711914062,112.7515640258789,153.22328186035156,59.80790328979492,-10.14415168762207,31.565471649169922,16.912330627441406,14.04531478881836,15.814385414123535,16.44036102294922,-5.882312774658203,8.103485107421875,-7.441471576690674,8.76220989227295,-8.887016296386719,8.497143745422363,-7.406347751617432,7.523807525634766,-5.92131233215332,9.838607788085938,-5.982925891876221,10.160646438598633,-7.169279098510742,11.518474578857422,-7.55716609954834,9.77382755279541
Q4_OgkB7PfqWzA_1.wav,Calm,95.703125,0.006685119587928057,0.003981087356805801,0.05350961644713578,797.8922133301388,1516.3166914836015,0.13184590637683868,0.18388044834136963,0.17082805931568146,0.34670791029930115,0.2107759565114975,0.20355038344860077,0.10275091230869293,0.22159039974212646,0.4248148798942566,0.22002778947353363,0.22753727436065674,0.08978085219860077,-560.4281005859375,99.84569549560547,159.09286499023438,56.21614074707031,-24.104053497314453,16.481781005859375,19.1796875,13.201444625854492,19.19207191467285,15.00661563873291,-8.054293632507324,9.477302551269531,-9.053112983703613,8.016153335571289,-9.269824981689453,10.025293350219727,-7.779742240905762,9.507976531982422,-5.859092712402344,7.269920825958252,-4.74354887008667,9.762372970581055,-7.091418266296387,10.343423843383789,-7.628396511077881,9.408683776855469
Q4_OoxI6k0Qsno_0.wav,Calm,198.76802884615384,0.006978810764849186,0.00407114252448082,0.05607153907355021,872.3875141511464,1577.977186146349,0.14660704135894775,0.10095253586769104,0.3365992307662964,0.3731243908405304,0.10356389731168747,0.12184189260005951,0.0691809356212616,0.19515788555145264,0.19904950261116028,0.11470355838537216,0.26302796602249146,0.08561023324728012,-562.1918334960938,95.97064971923828,145.1890411376953,49.193790435791016,-22.880937576293945,18.704362869262695,20.361173629760742,13.498431205749512,12.522350311279297,13.88393497467041,-13.813030242919922,9.7623872756958,-16.933786392211914,9.62800407409668,-18.550678253173828,9.396492004394531,-18.315690994262695,10.421943664550781,-15.590124130249023,10.975271224975586,-6.916428565979004,9.484055519104004,-5.5532732009887695,11.263725280761719,-7.827386856079102,10.59416675567627
Q4_OoxI6k0Qsno_1.wav,Calm,103.359375,0.006375813856720924,0.0033322456292808056,0.04643123746353027,727.1028695408164,1379.0438128248086,0.21905513107776642,0.175678089261055,0.46030667424201965,0.35442450642585754,0.139828622341156,0.20801560580730438,0.14777876436710358,0.33256855607032776,0.20485617220401764,0.15110699832439423,0.2525597810745239,0.12304791063070297,-551.9957275390625,101.39286041259766,181.86695861816406,61.286170959472656,-29.845352172851562,15.86418342590332,18.01573944091797,11.242694854736328,18.355907440185547,11.31938362121582,-7.742264270782471,7.0066118240356445,-4.3647990226745605,6.976315021514893,-9.06054973602295,8.343392372131348,-6.132708549499512,7.396888732910156,-8.00011920928955,7.692899703979492,-7.617820739746094,7.290849685668945,-7.0976033210754395,8.582952499389648,-9.388029098510742,7.098692893981934
Q4_oTi57hZfArE_0.wav,Calm,112.34714673913044,0.004758634138852358,0.0026977674569934607,0.050446284825786336,787.895490729255,1452.0782404504473,0.07188968360424042,0.1799020767211914,0.2882164418697357,0.16716894507408142,0.2377137988805771,0.1238921657204628,0.2918092608451843,0.20180143415927887,0.19519563019275665,0.46070170402526855,0.1626899391412735,0.13676124811172485,-562.1748046875,82.0125732421875,175.25791931152344,48.79185104370117,-21.58207130432129,14.952579498291016,10.222579002380371,12.725894927978516,15.606629371643066,11.801912307739258,-7.856276035308838,8.04949951171875,-5.435601234436035,7.890964031219482,-5.010646820068359,7.7599029541015625,-7.255505084991455,8.000407218933105,-7.442348003387451,9.1747407913208,-5.188812255859375,9.152519226074219,-9.875676155090332,9.49693775177002,-10.961091995239258,8.698060989379883
Q4_oTi57hZfArE_1.wav,Calm,112.34714673913044,0.0039437622763216496,0.003128339070826769,0.05473421909171679,851.6370975559971,1503.115295777235,0.05548617243766785,0.19851961731910706,0.35718831419944763,0.14907680451869965,0.21283552050590515,0.1176624521613121,0.29099297523498535,0.15079301595687866,0.1292768269777298,0.3679199814796448,0.13828814029693604,0.10495913028717041,-620.9515991210938,111.98137664794922,147.55735778808594,60.44207763671875,-14.028487205505371,25.44578742980957,14.917635917663574,12.057442665100098,12.738046646118164,14.155811309814453,-8.847582817077637,8.595827102661133,-10.427350997924805,10.213105201721191,-11.205461502075195,8.974637985229492,-10.585949897766113,8.66645336151123,-8.972945213317871,9.140915870666504,-3.5877904891967773,9.70693302154541,-3.141723871231079,10.669885635375977,-7.142642498016357,11.434247970581055
Q4_oTi57hZfArE_2.wav,Calm,112.34714673913044,0.004410936031490564,0.002797545865178108,0.05217419299450549,819.7646974313319,1466.7708082932693,0.0792810246348381,0.24802163243293762,0.30570587515830994,0.1346438080072403,0.16955013573169708,0.10833293199539185,0.2946902811527252,0.1641659438610077,0.16813334822654724,0.434795081615448,0.16635870933532715,0.126174658536911,-590.83251953125,98.49993133544922,161.78585815429688,56.81671142578125,-20.478267669677734,18.03704261779785,12.68429946899414,13.75456714630127,13.433314323425293,13.750109672546387,-9.490276336669922,8.063787460327148,-8.679694175720215,9.87074089050293,-8.537822723388672,10.300442695617676,-8.031604766845703,10.232672691345215,-7.355687618255615,9.514527320861816,-5.516501426696777,10.236226081848145,-7.133202075958252,11.595538139343262,-8.629423141479492,11.536023139953613
Q4_OUb9uaOlWAM_0.wav,Calm,112.34714673913044,0.0046176728792488575,0.004641892854124308,0.05648249683322553,911.0244965225979,1530.1527568624676,0.13107983767986298,0.12680889666080475,0.4016561806201935,0.17205755412578583,0.32433149218559265,0.18429110944271088,0.10348114371299744,0.27884507179260254,0.09512876719236374,0.16099968552589417,0.14248281717300415,0.08124329894781113,-613.0993041992188,99.65642547607422,112.67023468017578,55.96007537841797,-7.1626458168029785,20.02129554748535,6.656493186950684,16.871225357055664,6.823975086212158,15.610851287841797,-8.759069442749023,9.194074630737305,-8.776779174804688,9.261414527893066,-7.508826732635498,9.550664901733398,-11.989274978637695,11.53028392791748,-10.891840934753418,10.810029983520508,-2.706631660461426,11.740206718444824,-2.548780679702759,14.089387893676758,-3.914579153060913,13.371721267700195
Q4_OyaY4213c2A_0.wav,Calm,143.5546875,0.009912599809467793,0.006417668424546719,0.06665122197786606,951.7946562701031,1653.9463489199063,0.06000217795372009,0.21773505210876465,0.5673983097076416,0.16445182263851166,0.140509232878685,0.06350913643836975,0.21877487003803253,0.22318309545516968,0.16802473366260529,0.3573543429374695,0.11296466737985611,0.12591557204723358,-517.2291259765625,108.98804473876953,143.6817169189453,50.60286331176758,-17.449962615966797,22.02715492248535,13.07440185546875,10.666107177734375,5.765326023101807,14.294835090637207,-7.913225173950195,8.155839920043945,-11.388901710510254,9.480257034301758,-11.733139038085938,11.436939239501953,-7.505504608154297,11.474481582641602,-1.8216959238052368,11.786401748657227,2.410243034362793,12.703536987304688,-1.987680435180664,13.333775520324707,-10.24488639831543,10.404351234436035
Q4_OyaY4213c2A_1.wav,Calm,95.703125,0.009648263454437256,0.007853707298636436,0.06256373834498835,906.2935156044383,1567.707536604021,0.06615487486124039,0.1780904084444046,0.4908674955368042,0.15832488238811493,0.1756591945886612,0.12158361077308655,0.38318493962287903,0.27667203545570374,0.1191326230764389,0.24439451098442078,0.12547805905342102,0.09080960601568222,-510.20184326171875,120.19005584716797,153.97543334960938,57.691650390625,-17.763675689697266,24.25326156616211,11.478431701660156,14.493799209594727,6.111387252807617,13.268213272094727,-7.645872116088867,8.61491870880127,-10.959992408752441,8.724557876586914,-10.661843299865723,9.262462615966797,-7.192936897277832,8.818991661071777,-2.952738046646118,9.249394416809082,-1.3629196882247925,9.382416725158691,-7.166515350341797,10.147189140319824,-13.10321044921875,9.170907974243164
Q4_PK8YIUaV3Xw_0.wav,Calm,107.666015625,0.0057964203879237175,0.0034456122666597366,0.05489641190448923,893.3993126019674,1611.429315305772,0.08102429658174515,0.16312885284423828,0.2448432743549347,0.1776452362537384,0.22527700662612915,0.11363689601421356,0.21704435348510742,0.11506738513708115,0.2964267432689667,0.2435334324836731,0.09389510750770569,0.19910229742527008,-573.539306640625,102.48115539550781,154.26889038085938,51.73569869995117,-24.103954315185547,22.43799591064453,19.583282470703125,12.714742660522461,13.715359687805176,15.178224563598633,-9.870508193969727,7.730283737182617,-11.279704093933105,8.446455955505371,-12.386781692504883,9.049943923950195,-12.647619247436523,9.642105102539062,-11.008082389831543,10.361151695251465,-6.123021602630615,10.656349182128906,-6.719012260437012,10.29218578338623,-6.1151885986328125,10.104930877685547
Q4_PK8YIUaV3Xw_1.wav,Calm,198.76802884615384,0.005004762671887875,0.0031782248988747597,0.057127582276979394,887.5149208364622,1600.9422715987662,0.3795230984687805,0.12740181386470795,0.17793475091457367,0.13025784492492676,0.3140718340873718,0.19603323936462402,0.10146010667085648,0.24262404441833496,0.1048148050904274,0.1836855709552765,0.14523114264011383,0.189394012093544,-584.0643310546875,99.6318588256836,147.70140075683594,50.54972839355469,-20.017282485961914,21.839811325073242,19.963668823242188,13.102173805236816,13.298238754272461,14.412104606628418,-10.096333503723145,9.302433013916016,-11.116467475891113,9.5339994430542,-12.349496841430664,8.519042015075684,-12.484455108642578,10.072078704833984,-9.820711135864258,9.746834754943848,-8.984939575195312,10.25562858581543,-7.875672340393066,11.587618827819824,-5.398290157318115,10.677129745483398
Q4_pkz8OkWhwnk_0.wav,Calm,172.265625,0.007528910879045725,0.004016651306301355,0.05038323923319328,846.1396070784554,1564.3048265770124,0.23582051694393158,0.15499714016914368,0.3483209013938904,0.1619706153869629,0.27220654487609863,0.2286432832479477,0.1033458560705185,0.21922072768211365,0.13007895648479462,0.2752378284931183,0.09440251439809799,0.15136747062206268,-542.8321533203125,97.70463562011719,156.3820343017578,48.73807144165039,-22.961606979370117,23.17329216003418,23.04939842224121,14.097708702087402,13.023073196411133,14.289578437805176,-13.389888763427734,9.376463890075684,-13.814637184143066,8.918095588684082,-14.694086074829102,9.058011054992676,-14.936384201049805,10.365947723388672,-13.920063018798828,9.935368537902832,-12.163219451904297,8.667202949523926,-8.412843704223633,9.814741134643555,-8.073307991027832,10.142423629760742
Q4_pkz8OkWhwnk_1.wav,Calm,184.5703125,0.00968226883560419,0.00451863557100296,0.048126287774725274,743.9700060366492,1405.8862680288462,0.280384361743927,0.20339404046535492,0.39284849166870117,0.24476154148578644,0.3096623122692108,0.2661381661891937,0.2916622459888458,0.4198903739452362,0.2503882646560669,0.3177114427089691,0.16935425996780396,0.33426979184150696,-490.58154296875,94.23394775390625,186.74002075195312,54.31128692626953,-25.82524299621582,21.005184173583984,15.852609634399414,10.7280855178833,18.73689842224121,10.837789535522461,-7.02072286605835,7.3054890632629395,-2.988736629486084,8.658976554870605,-7.669097900390625,8.49842643737793,-6.157171249389648,7.8504438400268555,-4.879631996154785,6.372734546661377,-4.944148063659668,6.028353691101074,-8.154768943786621,6.603621482849121,-11.116219520568848,7.31965970993042
Q4_prUUays30Mg_0.wav,Calm,112.34714673913044,0.005376133136451244,0.0029495577327907085,0.04850428132318501,783.6446225319097,1437.7876056608607,0.1563369184732437,0.1282973736524582,0.3128836750984192,0.13730894029140472,0.19982384145259857,0.17058999836444855,0.17730246484279633,0.46150049567222595,0.19491292536258698,0.21277399361133575,0.1160750687122345,0.1298500895500183,-580.4619140625,97.56168365478516,163.77381896972656,53.84248352050781,-25.873558044433594,20.8791446685791,20.431093215942383,11.7020845413208,18.800493240356445,12.080063819885254,-8.110137939453125,7.663288116455078,-6.39718770980835,8.954490661621094,-10.496247291564941,10.20928955078125,-7.500351428985596,7.995354175567627,-8.699350357055664,7.333288669586182,-7.040243625640869,7.6068243980407715,-7.853067398071289,8.396169662475586,-11.716485023498535,10.14272689819336
Q4_prUUays30Mg_1.wav,Calm,112.34714673913044,0.005275013856589794,0.0036613340489566326,0.0571400276233731,872.3890936751492,1535.058143599173,0.18269537389278412,0.11072175949811935,0.26623812317848206,0.1294734627008438,0.2786642909049988,0.14229430258274078,0.12801823019981384,0.28319570422172546,0.1478234976530075,0.2742901146411896,0.10118856281042099,0.11474447697401047,-608.14892578125,111.8721923828125,136.2788848876953,59.6494140625,-19.339197158813477,22.39875030517578,20.34527587890625,16.440217971801758,12.198596000671387,17.160730361938477,-8.418784141540527,8.937573432922363,-8.916668891906738,10.675315856933594,-11.457362174987793,10.387712478637695,-12.197689056396484,9.916483879089355,-10.677948951721191,10.448028564453125,-3.676318883895874,14.637313842773438,-3.4869980812072754,17.781883239746094,-3.450289249420166,15.398584365844727
Q4_pRuwHN-lI44_0.wav,Calm,129.19921875,0.006372922100126743,0.004562786314636469,0.059585453003875966,910.0811675475086,1632.757827195195,0.08845103532075882,0.2605421543121338,0.15835119783878326,0.15006014704704285,0.07433517277240753,0.23401036858558655,0.280846506357193,0.12642444670200348,0.2733616232872009,0.1387818157672882,0.3296608030796051,0.17951029539108276,-556.1585693359375,103.46354675292969,140.8446502685547,49.84986877441406,-19.364957809448242,24.598268508911133,19.483245849609375,14.150007247924805,9.007360458374023,15.12563419342041,-13.382757186889648,10.064118385314941,-13.791601181030273,10.018035888671875,-13.678276062011719,10.354975700378418,-13.877964973449707,12.8685884475708,-10.201908111572266,11.327545166015625,-6.907559871673584,12.390890121459961,-5.612833023071289,10.500531196594238,-5.930867671966553,11.79959774017334
Q4_pRuwHN-lI44_1.wav,Calm,129.19921875,0.010023023933172226,0.005572887137532234,0.05235659587164074,837.723095889498,1597.0433603418935,0.10609997063875198,0.1958785057067871,0.1038840189576149,0.17992207407951355,0.1064591258764267,0.27448010444641113,0.2963602542877197,0.17403894662857056,0.3731967508792877,0.1870621293783188,0.33513376116752625,0.1474972665309906,-492.6837463378906,101.32579040527344,164.32005310058594,58.28826141357422,-27.3201904296875,15.016925811767578,19.987621307373047,11.113458633422852,12.917882919311523,12.583806037902832,-10.236276626586914,9.757390975952148,-11.480244636535645,9.679064750671387,-12.301883697509766,8.262401580810547,-8.806817054748535,9.028054237365723,-8.947893142700195,9.746245384216309,-5.464799404144287,9.45156192779541,-6.4099040031433105,8.4683256149292,-9.207090377807617,8.744194030761719
Q4_pRuwHN-lI44_2.wav,Calm,123.046875,0.006357224658131599,0.004958099219948053,0.066520205312942,937.0721263929863,1635.0310372834158,0.11553197354078293,0.24891220033168793,0.08690571039915085,0.1338728815317154,0.05922136828303337,0.18190997838974,0.2970796823501587,0.13420365750789642,0.3342578113079071,0.1595589816570282,0.4426172077655792,0.3054957687854767,-561.0274658203125,112.39462280273438,140.06407165527344,54.26303482055664,-22.85205078125,22.956443786621094,11.535677909851074,16.13873291015625,4.076613426208496,16.810190200805664,-12.669656753540039,11.095968246459961,-11.932342529296875,12.549619674682617,-10.800856590270996,13.420289993286133,-10.864383697509766,13.321263313293457,-10.6244478225708,11.907078742980957,-10.357449531555176,12.655072212219238,-10.736764907836914,13.19890022277832,-9.455188751220703,12.530137062072754
Q4_pRuwHN-lI44_3.wav,Calm,99.38401442307692,0.004191483370959759,0.003801577026024461,0.0645599365234375,989.9799079480648,1658.2617969047733,0.08499644696712494,0.2463725060224533,0.07653934508562088,0.11329327523708344,0.0561688132584095,0.1873580366373062,0.26082420349121094,0.13463595509529114,0.369834840297699,0.1592787504196167,0.37671977281570435,0.20751264691352844,-623.0625,100.29841613769531,123.35426330566406,43.659523010253906,-17.142276763916016,27.833507537841797,8.042556762695312,16.290355682373047,0.6967170238494873,15.117351531982422,-15.891712188720703,13.254446983337402,-16.426795959472656,12.942395210266113,-16.185922622680664,13.097158432006836,-14.40839672088623,13.928231239318848,-8.903928756713867,14.871650695800781,-7.932816505432129,13.534046173095703,-6.4433698654174805,12.904776573181152,-3.208850860595703,14.707133293151855
Q4_pzeHffxmdcE_0.wav,Calm,112.34714673913044,0.006042076740413904,0.00434801634401083,0.0516622549439872,813.3542791316894,1488.9761967914094,0.1380043774843216,0.2817525565624237,0.6146873831748962,0.21130868792533875,0.10408645868301392,0.10208258032798767,0.32690736651420593,0.2755381166934967,0.10782533138990402,0.12419231235980988,0.13648907840251923,0.3475673794746399,-549.282958984375,107.2510986328125,169.08181762695312,52.539329528808594,-20.631763458251953,26.602426528930664,17.46387481689453,14.069283485412598,14.539562225341797,13.954513549804688,-6.072517395019531,7.066061496734619,-4.829145908355713,7.432657718658447,-8.22688102722168,8.277907371520996,-10.428848266601562,7.578632831573486,-7.850444316864014,8.735857963562012,-5.932132720947266,9.651521682739258,-4.466134071350098,9.104677200317383,-6.213725566864014,8.586454391479492
Q4_PZN7XLKzLDI_1.wav,Calm,123.046875,0.009077074937522411,0.004613489378243685,0.06247030255480905,886.9552266213202,1593.2438312190593,0.2520456910133362,0.1251014769077301,0.21832150220870972,0.18489181995391846,0.2786881923675537,0.23883523046970367,0.1293535828590393,0.2491934597492218,0.19510479271411896,0.34111589193344116,0.19785989820957184,0.23430193960666656,-493.62005615234375,108.52068328857422,178.75291442871094,54.9150276184082,-38.33516311645508,18.392423629760742,21.0786190032959,13.893457412719727,2.4717094898223877,14.327472686767578,-9.877745628356934,8.197158813476562,-6.009278774261475,9.060460090637207,-10.045938491821289,9.202936172485352,-11.496838569641113,10.567319869995117,-8.593266487121582,9.90947151184082,-5.86745548248291,11.465932846069336,-6.226385116577148,11.262016296386719,-6.898623466491699,10.706290245056152
Q4_Q49PWE0RJLY_0.wav,Calm,184.5703125,0.00630411971360445,0.0037296225782483816,0.05080004890985939,811.0073487547776,1487.672557645631,0.20110386610031128,0.40675053000450134,0.21592247486114502,0.2778245806694031,0.1464555859565735,0.24820517003536224,0.35252925753593445,0.16456030309200287,0.20884039998054504,0.15400518476963043,0.3694617450237274,0.32304275035858154,-529.333984375,88.96231079101562,172.5206756591797,46.734718322753906,-20.195228576660156,21.449462890625,16.9904727935791,11.390563011169434,16.825904846191406,12.859155654907227,-7.171638488769531,6.71946382522583,-3.7910845279693604,6.810472011566162,-6.6190667152404785,7.795376300811768,-8.212430000305176,8.570013999938965,-4.929391384124756,7.096579074859619,-5.739439487457275,6.620591163635254,-5.285053253173828,7.843344211578369,-4.768592357635498,8.049537658691406
Q4_Q49PWE0RJLY_1.wav,Calm,103.359375,0.008440492674708366,0.005311570130288601,0.05734346277573529,835.4614845637296,1476.854736328125,0.1448751986026764,0.310091495513916,0.18621686100959778,0.2528870105743408,0.1409466564655304,0.22710052132606506,0.3594488799571991,0.15038026869297028,0.18732324242591858,0.1610102504491806,0.4288398325443268,0.27166011929512024,-521.115966796875,123.49475860595703,171.5742645263672,60.83635711669922,-27.905376434326172,28.327957153320312,17.593503952026367,14.274593353271484,6.592883586883545,13.173582077026367,-5.933841228485107,7.051576137542725,-2.465805768966675,10.15155029296875,-5.746804714202881,9.913116455078125,-5.10775089263916,8.410982131958008,-6.131937503814697,7.425393581390381,-5.374959945678711,7.721656799316406,-5.273584365844727,8.727852821350098,-5.302966594696045,8.719462394714355
Q4_q4T8Znozvkk_0.wav,Calm,71.77734375,0.0037486902438104153,0.0029449756257236004,0.049154828866201226,794.6446447865377,1419.407956182455,0.29402151703834534,0.13367147743701935,0.14160647988319397,0.13191990554332733,0.3211000859737396,0.15950752794742584,0.16109952330589294,0.4316767752170563,0.20007018744945526,0.28280511498451233,0.1202709749341011,0.19260455667972565,-599.8309936523438,87.44512939453125,149.61199951171875,50.603275299072266,-7.973978519439697,21.78192138671875,11.62698745727539,12.586225509643555,17.511016845703125,12.261171340942383,-5.303974628448486,8.861040115356445,-4.252621650695801,7.672517776489258,-3.7847847938537598,7.521091461181641,-10.02830982208252,7.260572910308838,-8.719983100891113,8.368505477905273,-6.070677280426025,8.663826942443848,-8.447623252868652,8.429804801940918,-9.12075138092041,8.856521606445312
Q4_QBJ6YYYpIyk_0.wav,Calm,123.046875,0.005568674299865961,0.005094215739518404,0.059467042604392624,921.8048566317876,1607.5341876313382,0.09612992405891418,0.3290676474571228,0.10547669231891632,0.22358059883117676,0.1901070922613144,0.0393822155892849,0.020052386447787285,0.11764943599700928,0.5351518988609314,0.37924954295158386,0.09584931284189224,0.07857894152402878,-609.1764526367188,105.52165985107422,126.37357330322266,45.94437026977539,-17.048858642578125,23.36663818359375,17.90312957763672,17.21283721923828,9.614421844482422,15.877944946289062,-10.835823059082031,8.958908081054688,-16.08574867248535,10.177619934082031,-18.575397491455078,10.93839168548584,-13.375096321105957,12.092723846435547,-5.97519063949585,10.404598236083984,-4.578342437744141,13.02542495727539,-4.689558029174805,16.306503295898438,-3.7220959663391113,12.21424674987793
Q4_qRceKZtwRWA_0.wav,Calm,117.45383522727273,0.004363490268588066,0.0038051612209528685,0.05057073828972343,799.3330743142783,1487.3616315796164,0.32801610231399536,0.15715472400188446,0.20152531564235687,0.12767508625984192,0.15889489650726318,0.2799679934978485,0.1556834578514099,0.3316754996776581,0.17354072630405426,0.2684359550476074,0.3713049292564392,0.21487589180469513,-581.064208984375,89.75663757324219,146.01573181152344,51.015586853027344,-8.778592109680176,20.876415252685547,12.320937156677246,12.354082107543945,19.369136810302734,11.966711044311523,-3.7972934246063232,8.981412887573242,-5.268579006195068,8.204991340637207,-2.2776381969451904,7.455107688903809,-6.312429904937744,8.528883934020996,-6.841860294342041,9.039308547973633,-5.920764446258545,7.777109146118164,-10.201003074645996,9.608744621276855,-10.579727172851562,10.785472869873047
Q4_rDhbGjFlKF8_0.wav,Calm,86.1328125,0.005410412792116404,0.0031910566613078117,0.05903846153846154,896.3328736156449,1596.556865985577,0.30091366171836853,0.10788629204034805,0.18592645227909088,0.16516698896884918,0.3554261326789856,0.18283683061599731,0.10887482017278671,0.18252241611480713,0.19583795964717865,0.25785163044929504,0.17931611835956573,0.27829214930534363,-566.8822021484375,96.49647521972656,160.93617248535156,47.59445571899414,-23.737483978271484,23.84706687927246,18.095613479614258,16.174293518066406,8.852676391601562,16.074321746826172,-11.797554969787598,9.076986312866211,-11.288824081420898,8.98997688293457,-15.385429382324219,10.712642669677734,-16.046566009521484,12.717228889465332,-8.350394248962402,11.275205612182617,-5.3672099113464355,10.50987434387207,-4.932924270629883,12.957779884338379,-4.48866605758667,13.738320350646973
Q4_rDhbGjFlKF8_1.wav,Calm,161.4990234375,0.004774812143296003,0.0036297854967415333,0.057666042918529906,908.5507479347334,1691.4517619611165,0.2293470948934555,0.08273407816886902,0.1424218714237213,0.15666373074054718,0.4059607982635498,0.1595870405435562,0.10738521814346313,0.13288314640522003,0.1757286787033081,0.25949034094810486,0.11274214088916779,0.2692030668258667,-605.2347412109375,129.26425170898438,136.2747802734375,69.93260955810547,-21.702552795410156,21.021278381347656,16.25434684753418,16.54395866394043,6.7194695472717285,15.851096153259277,-11.859090805053711,10.272624015808105,-10.572566986083984,10.088174819946289,-12.87200927734375,10.403944969177246,-13.930709838867188,13.058247566223145,-7.3698883056640625,10.88568115234375,-4.87124490737915,9.480239868164062,-4.544288158416748,11.845094680786133,-3.8064393997192383,12.168221473693848
Q4_rW1I58_lMEg_0.wav,Calm,198.76802884615384,0.007506304420530796,0.0048449900932610035,0.053196757315240456,822.6857614537674,1551.6622108988242,0.24021361768245697,0.06492171436548233,0.14024655520915985,0.4065655469894409,0.10208219289779663,0.056837499141693115,0.10510194301605225,0.33171454071998596,0.3431594669818878,0.14884959161281586,0.2263142615556717,0.10283394157886505,-534.550048828125,93.54814147949219,156.4669647216797,52.520652770996094,-21.26621437072754,14.62165355682373,20.408456802368164,10.997828483581543,19.759891510009766,13.180374145507812,-8.696540832519531,7.632629871368408,-9.47908878326416,8.094093322753906,-10.321322441101074,7.8428497314453125,-13.646973609924316,8.381135940551758,-6.94285249710083,9.192959785461426,-0.5616770386695862,8.371790885925293,-1.2480453252792358,8.516141891479492,-5.683887958526611,8.451334953308105
Q4_rW1I58_lMEg_1.wav,Calm,198.76802884615384,0.006321354769170284,0.0038699950091540813,0.05064484894359972,764.4223396941055,1489.9484162283416,0.2723464071750641,0.12459925562143326,0.23650315403938293,0.18189102411270142,0.12482546269893646,0.2949235439300537,0.13256031274795532,0.2890463173389435,0.4320768415927887,0.25007376074790955,0.4137113392353058,0.20783761143684387,-535.9374389648438,87.40730285644531,168.3140869140625,54.2427864074707,-21.328197479248047,13.676901817321777,13.296794891357422,10.841964721679688,22.5842227935791,10.671828269958496,-5.669102191925049,6.4314165115356445,-5.806858062744141,7.838437557220459,-8.082626342773438,8.070361137390137,-6.549983024597168,6.877390384674072,-1.8865007162094116,7.654458045959473,-2.3133749961853027,6.367548942565918,-8.90167236328125,7.524940013885498,-14.316990852355957,7.693850040435791
Q4_rW1I58_lMEg_2.wav,Calm,99.38401442307692,0.005785457789897919,0.0038497482892125845,0.0529557245624116,804.5032972278909,1535.6722085782797,0.33826202154159546,0.13387934863567352,0.1903734803199768,0.34353524446487427,0.17370828986167908,0.23931099474430084,0.17012786865234375,0.34385278820991516,0.27507129311561584,0.28044578433036804,0.13771852850914001,0.11943382024765015,-550.2713012695312,90.1485824584961,163.73179626464844,52.23215103149414,-20.804101943969727,14.169327735900879,16.05538558959961,10.834758758544922,21.143939971923828,12.977127075195312,-4.108138084411621,6.981791019439697,-7.690643787384033,8.229290962219238,-8.989225387573242,9.215731620788574,-7.401139259338379,7.796016693115234,-5.638215065002441,8.728861808776855,-0.21702927350997925,8.897034645080566,0.515274703502655,9.126975059509277,-8.208786964416504,9.337603569030762
Q4_rW1I58_lMEg_3.wav,Calm,112.34714673913044,0.008387608453631401,0.004875073675066233,0.050394649877982645,813.8731859392683,1564.1583291672316,0.2318754345178604,0.10548461973667145,0.20685975253582,0.20190584659576416,0.10456372797489166,0.20185042917728424,0.10164029896259308,0.24696829915046692,0.3550025224685669,0.22675424814224243,0.4219844341278076,0.16522374749183655,-508.3847351074219,85.74650573730469,169.89642333984375,50.02631378173828,-23.90791130065918,13.75329303741455,18.752099990844727,12.077752113342285,19.186077117919922,12.278505325317383,-7.535567760467529,7.900204181671143,-7.24058198928833,7.629045009613037,-8.630675315856934,7.656757354736328,-10.185718536376953,10.223938941955566,-5.572729110717773,8.347733497619629,-3.6264774799346924,6.850903511047363,-6.38929557800293,8.929178237915039,-9.636648178100586,9.317828178405762
Q4_r_sD61KeUQU_0.wav,Calm,184.5703125,0.003307316917926073,0.0021836962550878525,0.051018629807692305,862.3539362659238,1561.5263671875,0.06887821108102798,0.05731529742479324,0.262325644493103,0.4756341278553009,0.12292104959487915,0.06029300391674042,0.06771017611026764,0.28623804450035095,0.18882587552070618,0.14481548964977264,0.47427788376808167,0.136060431599617,-623.558837890625,77.39457702636719,134.3802947998047,41.90291213989258,-15.192386627197266,15.474015235900879,17.68092155456543,13.409554481506348,14.266679763793945,13.229839324951172,-17.848217010498047,8.942803382873535,-22.244295120239258,9.770340919494629,-19.6436710357666,8.97496509552002,-20.141178131103516,10.111894607543945,-17.99734115600586,10.002326011657715,-7.291060447692871,8.793020248413086,-6.920992374420166,8.691245079040527,-9.36635971069336,8.711784362792969
Q4_sA9ac1rod84_0.wav,Calm,143.5546875,0.006225631572306156,0.0030779470689594746,0.05374443345562235,836.8815664744654,1590.2894879331684,0.20237307250499725,0.18455567955970764,0.21487988531589508,0.1378578096628189,0.22164680063724518,0.12107916176319122,0.2533632218837738,0.40606850385665894,0.20185329020023346,0.3351005017757416,0.14122335612773895,0.23861642181873322,-537.2787475585938,106.91040802001953,176.679443359375,56.33120346069336,-35.66630172729492,16.768768310546875,26.132549285888672,12.803997039794922,11.451391220092773,12.518940925598145,-6.227034091949463,7.739386081695557,-3.879127264022827,7.925889492034912,-6.154444217681885,8.267875671386719,-8.409658432006836,9.699706077575684,-7.8439717292785645,7.64691162109375,-5.472542762756348,8.58780574798584,-8.870443344116211,7.977047443389893,-9.36113452911377,10.215564727783203
Q4_sA9ac1rod84_1.wav,Calm,151.99908088235293,0.006506786216050386,0.0038695845287293196,0.053833436129385966,859.5076589583119,1597.4992290296052,0.1552792489528656,0.1553969830274582,0.34597259759902954,0.1613040715456009,0.19312426447868347,0.09609763324260712,0.2020931839942932,0.3122694492340088,0.17949727177619934,0.4044792354106903,0.14829501509666443,0.22158542275428772,-548.912109375,129.4737091064453,168.9755859375,64.39379119873047,-29.427032470703125,25.813264846801758,23.029342651367188,13.379889488220215,10.61448860168457,11.535326957702637,-6.117580413818359,6.74284553527832,-6.19290018081665,7.525469779968262,-8.618903160095215,6.539820671081543,-10.166776657104492,8.286405563354492,-10.0706205368042,7.996194362640381,-6.493824005126953,8.014331817626953,-7.999821662902832,8.178200721740723,-8.583276748657227,8.367319107055664
Q4_T92R7xjce34_0.wav,Calm,123.046875,0.01638283208012581,0.008876440115272999,0.053339112290571616,887.5725748510478,1698.1802701010183,0.32851293683052063,0.1735009402036667,0.1801747828722,0.448551744222641,0.15174715220928192,0.13742467761039734,0.06996028870344162,0.17615796625614166,0.41734495759010315,0.14661185443401337,0.1643916517496109,0.10720807313919067,-441.17254638671875,114.1598129272461,158.7857666015625,54.767333984375,-25.435768127441406,17.892955780029297,26.346824645996094,14.659334182739258,9.006598472595215,12.979657173156738,-8.172762870788574,8.662662506103516,-10.06463623046875,8.953277587890625,-10.455730438232422,8.463735580444336,-14.581742286682129,11.289295196533203,-7.097296714782715,9.330135345458984,-7.218437671661377,7.969583988189697,-5.085165023803711,10.057812690734863,-7.129825115203857,8.791510581970215
Q4_Tc684nD8CEA_0.wav,Calm,151.99908088235293,0.0070235589519143105,0.004586497321724892,0.050628876518588994,818.1628989699457,1497.919201460041,0.0722775012254715,0.10200515389442444,0.38870447874069214,0.4596399664878845,0.13571825623512268,0.12042985111474991,0.11784598976373672,0.35416314005851746,0.22930662333965302,0.15176455676555634,0.3388805389404297,0.09973184019327164,-544.2767333984375,114.56707000732422,149.09718322753906,64.51629638671875,-18.569965362548828,20.684194564819336,15.910131454467773,11.984771728515625,11.61752986907959,13.080733299255371,-10.442091941833496,8.644513130187988,-12.667959213256836,12.36866569519043,-13.21804428100586,10.772014617919922,-10.398908615112305,8.059593200683594,-10.622148513793945,8.681251525878906,-7.54365348815918,8.993467330932617,-10.657026290893555,9.86479377746582,-11.666922569274902,8.461461067199707
Q4_Tc684nD8CEA_1.wav,Calm,143.5546875,0.008485023863613605,0.005214586388319731,0.05686646371110325,806.2063297136783,1439.998694693688,0.20858466625213623,0.0764806866645813,0.22182774543762207,0.46965593099594116,0.19211317598819733,0.22345855832099915,0.12056147307157516,0.24784477055072784,0.3288475573062897,0.20062589645385742,0.35800135135650635,0.1286124438047409,-518.4662475585938,112.10941314697266,169.32054138183594,58.40408706665039,-22.54722023010254,24.88947868347168,15.813939094543457,11.408710479736328,9.09799861907959,14.424601554870605,-7.095765113830566,8.231121063232422,-5.4317145347595215,9.301790237426758,-8.117588996887207,10.125244140625,-8.41923713684082,9.86220645904541,-7.549936771392822,10.740579605102539,-5.193897247314453,9.018726348876953,-6.352463722229004,10.860503196716309,-8.564850807189941,8.501382827758789
Q4_Tc684nD8CEA_2.wav,Calm,151.99908088235293,0.009336262941360474,0.004824683535844088,0.05345816389674682,825.1840095086609,1540.3854521194307,0.1807699203491211,0.09590476751327515,0.2715219557285309,0.3811902701854706,0.1645384430885315,0.21871688961982727,0.11125746369361877,0.2352110594511032,0.21818363666534424,0.17216987907886505,0.43611940741539,0.15039612352848053,-500.0350036621094,97.02711486816406,167.0557861328125,55.99417495727539,-25.94835090637207,14.297061920166016,21.283889770507812,12.583024024963379,13.865723609924316,13.94032096862793,-10.137558937072754,7.945403575897217,-8.413566589355469,9.006549835205078,-12.380812644958496,9.378813743591309,-12.814111709594727,10.926421165466309,-7.9292778968811035,9.649126052856445,-4.461301803588867,8.443113327026367,-5.881515979766846,10.17245101928711,-7.743838310241699,9.609783172607422
Q4_Tc684nD8CEA_3.wav,Calm,151.99908088235293,0.009285210631787777,0.006593096535652876,0.05380726312574052,849.0198947559867,1511.9740129082124,0.12510895729064941,0.12134707719087601,0.3763788640499115,0.3195153474807739,0.1224161833524704,0.2042751908302307,0.09423654526472092,0.2139558047056198,0.2741435766220093,0.18534520268440247,0.34016185998916626,0.10435529798269272,-519.9910888671875,119.25556945800781,153.1070098876953,63.659420013427734,-19.842607498168945,24.351543426513672,16.45892333984375,13.437480926513672,10.332038879394531,14.851297378540039,-9.952978134155273,8.812946319580078,-10.482367515563965,10.062478065490723,-12.582210540771484,10.234249114990234,-12.092474937438965,8.94110107421875,-8.924049377441406,8.5289306640625,-4.015969276428223,7.510200023651123,-7.296815872192383,8.507389068603516,-11.125287055969238,9.293896675109863
Q4_Tc684nD8CEA_4.wav,Calm,129.19921875,0.004956718068569899,0.0038567797746509314,0.05626022529418828,840.3160582105994,1612.901037914265,0.11046525090932846,0.10007200390100479,0.35806313157081604,0.42049095034599304,0.14692047238349915,0.13185250759124756,0.09886498004198074,0.3035047948360443,0.2831800878047943,0.17675933241844177,0.369702011346817,0.11273253709077835,-569.2557373046875,97.2774887084961,144.164794921875,54.4188346862793,-9.09438419342041,23.903457641601562,13.574769973754883,11.030994415283203,16.04218292236328,12.77551555633545,-9.307561874389648,8.208562850952148,-15.055190086364746,11.249621391296387,-13.997153282165527,9.623041152954102,-12.655835151672363,9.119370460510254,-10.619762420654297,9.401802062988281,-5.979050159454346,8.683467864990234,-9.006196022033691,9.597782135009766,-10.536822319030762,9.092304229736328
Q4_TcFVq0leii4_0.wav,Calm,112.34714673913044,0.0074943057261407375,0.004631828982383013,0.06149828201260846,891.976015300229,1548.1719110120662,0.5299085378646851,0.16072197258472443,0.09783127158880234,0.07890807092189789,0.1522016078233719,0.3069089949131012,0.15778785943984985,0.34802713990211487,0.10359372198581696,0.16213850677013397,0.06456859409809113,0.14536260068416595,-561.3294067382812,110.34757232666016,140.40951538085938,60.88715744018555,-24.39463996887207,19.737775802612305,13.935648918151855,11.14188003540039,12.383697509765625,12.915230751037598,-7.244935035705566,7.6691975593566895,-5.799520969390869,7.405037879943848,-8.218417167663574,11.165342330932617,-4.680142879486084,9.931556701660156,-3.9113240242004395,9.700165748596191,-5.617044448852539,9.519460678100586,-5.7974748611450195,8.551450729370117,-7.135991096496582,9.620354652404785
Q4_Tjno89OVuRI_0.wav,Calm,151.99908088235293,0.007417875342071056,0.004900963976979256,0.05142920239628525,820.4056173410884,1536.412726876017,0.10857601463794708,0.18791306018829346,0.08714397996664047,0.23328106105327606,0.400483638048172,0.19426052272319794,0.2650793492794037,0.1510954052209854,0.3865402042865753,0.3823125660419464,0.1380583494901657,0.23755457997322083,-522.9970092773438,86.43360137939453,166.18841552734375,46.404109954833984,-19.1168270111084,19.77096176147461,11.555606842041016,14.517412185668945,14.662932395935059,13.044350624084473,-8.926345825195312,8.174690246582031,-12.102030754089355,9.048954963684082,-10.858779907226562,9.500969886779785,-11.022147178649902,9.505951881408691,-8.994789123535156,8.409448623657227,-5.67316198348999,7.228819370269775,-8.46284294128418,8.957590103149414,-8.38398265838623,10.53996753692627
Q4_Tjno89OVuRI_1.wav,Calm,135.99917763157896,0.008187899366021156,0.005026392638683319,0.05625648160951328,886.0183384095227,1544.6833733752765,0.08990442752838135,0.0670863538980484,0.042042553424835205,0.19555144011974335,0.3776058852672577,0.1083318293094635,0.1482054591178894,0.11883541941642761,0.4107627868652344,0.2733498811721802,0.13901783525943756,0.3006863296031952,-542.2877197265625,101.58193969726562,151.08880615234375,45.997005462646484,-19.043630599975586,28.160219192504883,19.024572372436523,13.404755592346191,7.006960391998291,15.62896728515625,-13.014861106872559,10.302312850952148,-15.475525856018066,10.000274658203125,-16.51377296447754,10.908390998840332,-17.393619537353516,13.354781150817871,-9.569869995117188,11.61277961730957,-5.669712543487549,9.63102912902832,-9.001738548278809,9.139693260192871,-8.380040168762207,10.394192695617676
Q4_TOXg4-ZGb-g_0.wav,Calm,129.19921875,0.00480120861902833,0.003644773503765464,0.06327288567157953,973.3958589787604,1805.0724492057147,0.19203561544418335,0.12586013972759247,0.18484506011009216,0.10891291499137878,0.29038771986961365,0.1621573269367218,0.08792556822299957,0.2452823519706726,0.2013353407382965,0.42538005113601685,0.13092519342899323,0.10138577967882156,-601.7318115234375,96.70217895507812,139.55300903320312,49.92899703979492,-18.785202026367188,17.577354431152344,16.608448028564453,15.324931144714355,12.319666862487793,15.787069320678711,-12.135260581970215,9.734358787536621,-13.408509254455566,10.86273193359375,-14.648127555847168,10.023993492126465,-16.929515838623047,11.662590980529785,-12.070947647094727,12.049124717712402,-7.115223407745361,14.488097190856934,-5.810856342315674,15.637118339538574,-4.405677318572998,11.692577362060547
Q4_TOXg4-ZGb-g_1.wav,Calm,135.99917763157896,0.005863397382199764,0.004615246783941984,0.055918318694008956,844.193082491727,1514.6968692040523,0.152394637465477,0.14178669452667236,0.15389418601989746,0.15074750781059265,0.4615049958229065,0.21793487668037415,0.07558715343475342,0.14959050714969635,0.1599525511264801,0.3775109648704529,0.14190484583377838,0.08139212429523468,-568.1175537109375,100.59866333007812,145.6417999267578,52.209754943847656,-13.821574211120605,25.63843536376953,15.176572799682617,13.570812225341797,13.273058891296387,15.152098655700684,-8.135993003845215,9.245314598083496,-10.323637008666992,9.091352462768555,-12.339500427246094,8.972923278808594,-13.925999641418457,9.898714065551758,-9.397759437561035,10.660967826843262,-4.59957218170166,11.221273422241211,-5.664891242980957,11.806427001953125,-7.485253810882568,9.737698554992676
Q4_TOXg4-ZGb-g_2.wav,Calm,112.34714673913044,0.004195024725049734,0.003531869500875473,0.055755135738722754,853.6911890027728,1550.1286904460212,0.3042399287223816,0.23475763201713562,0.169436976313591,0.132430300116539,0.3348017930984497,0.2136845737695694,0.16769738495349884,0.40884050726890564,0.18405777215957642,0.16879385709762573,0.22295479476451874,0.18102847039699554,-579.8294677734375,94.0922622680664,153.0127716064453,47.50981140136719,-13.191485404968262,26.368881225585938,13.704469680786133,13.620889663696289,12.772441864013672,11.515061378479004,-7.295645713806152,8.567428588867188,-6.640096187591553,9.457478523254395,-6.706421852111816,8.728567123413086,-9.55666732788086,8.859665870666504,-9.007765769958496,8.323575973510742,-5.933077812194824,11.045809745788574,-6.21377420425415,11.560070991516113,-6.01553201675415,10.139693260192871
Q4_UaYYMRkHMYc_0.wav,Calm,78.30255681818181,0.004371820483356714,0.0025182878598570824,0.04970338255494505,810.9588741130771,1572.6431790865386,0.3137933611869812,0.16028377413749695,0.15207110345363617,0.21200764179229736,0.13252106308937073,0.2939423620700836,0.20605991780757904,0.3004480302333832,0.5485891699790955,0.25940626859664917,0.3125736117362976,0.1498650461435318,-568.3873291015625,104.74288177490234,175.61419677734375,61.13948059082031,-23.448535919189453,19.153226852416992,15.927671432495117,10.421372413635254,17.302331924438477,11.423266410827637,-8.863411903381348,6.65151834487915,-4.2596659660339355,5.79514217376709,-7.496340274810791,5.277860164642334,-9.201083183288574,6.871170520782471,-3.8206546306610107,7.589783191680908,-2.144537925720215,6.833285808563232,-3.675405979156494,6.5162529945373535,-6.50839376449585,7.876065254211426
Q4_UaYYMRkHMYc_1.wav,Calm,117.45383522727273,0.004508323036134243,0.002302987966686487,0.0512839114010989,797.7307073743128,1506.4818209134614,0.19228488206863403,0.18705348670482635,0.14061962068080902,0.24959124624729156,0.11281329393386841,0.19962053000926971,0.299692302942276,0.3296668231487274,0.5354763865470886,0.2940252721309662,0.42455023527145386,0.12006716430187225,-553.8193359375,85.1130142211914,182.85784912109375,47.37310028076172,-26.378007888793945,15.447835922241211,17.410564422607422,10.296366691589355,19.0032901763916,11.265334129333496,-8.375531196594238,7.050907135009766,-4.137139320373535,6.160797595977783,-7.237313747406006,5.942773342132568,-11.292537689208984,7.302621841430664,-3.5364794731140137,6.492384433746338,-1.609781265258789,6.0127434730529785,-1.7992743253707886,7.950942516326904,-2.913923978805542,6.280625820159912
Q4_UaYYMRkHMYc_2.wav,Calm,117.45383522727273,0.004056270234286785,0.002710985951125622,0.05147391319898627,794.8886229215383,1483.185624795618,0.2121860682964325,0.16355016827583313,0.1710301637649536,0.4079548418521881,0.24666035175323486,0.1798444241285324,0.20280291140079498,0.3403393626213074,0.6405194997787476,0.26660364866256714,0.21397005021572113,0.12454146146774292,-574.7047119140625,100.27205657958984,178.54791259765625,58.794681549072266,-23.299325942993164,17.460187911987305,12.049309730529785,11.076595306396484,17.673078536987305,11.527470588684082,-7.041501045227051,7.39640474319458,-4.23158073425293,5.882421970367432,-7.06358003616333,7.538692474365234,-8.513011932373047,8.226402282714844,-3.8846027851104736,7.049342632293701,-1.6598762273788452,6.511798858642578,-3.037987232208252,7.918272495269775,-4.83298921585083,7.211141586303711
Q4_UbKAl4roB8k_0.wav,Calm,198.76802884615384,0.005959587171673775,0.0029419795610010624,0.05105716597749458,774.1083930953268,1462.3076796790265,0.2781740725040436,0.1424197256565094,0.21953760087490082,0.2195206731557846,0.4792994558811188,0.2218957245349884,0.23487602174282074,0.4654983878135681,0.27910757064819336,0.42192643880844116,0.22271943092346191,0.34673431515693665,-532.839111328125,95.66526794433594,191.43035888671875,53.37168502807617,-34.55615997314453,17.907791137695312,15.715360641479492,11.528213500976562,15.631546020507812,9.816184997558594,-7.286679267883301,6.945827484130859,-2.7242603302001953,7.028624057769775,-8.661609649658203,6.2550435066223145,-5.710018157958984,6.168862819671631,-6.451040744781494,7.241656303405762,-8.399500846862793,8.671197891235352,-13.509264945983887,8.384058952331543,-11.720611572265625,6.077530860900879
Q4_UbKAl4roB8k_1.wav,Calm,107.666015625,0.00669581675902009,0.0035410334821790457,0.055076218478850324,823.4845060140734,1541.8719310305382,0.3049241006374359,0.15089674293994904,0.2928541302680969,0.1741228550672531,0.27599748969078064,0.18099063634872437,0.2570769786834717,0.5655797123908997,0.23826023936271667,0.26021626591682434,0.18442149460315704,0.3971756100654602,-519.6246948242188,100.89065551757812,186.97291564941406,52.7653923034668,-36.43764877319336,20.21213722229004,19.93377113342285,12.4851655960083,14.125104904174805,10.806270599365234,-5.147220611572266,7.3924479484558105,-1.7353912591934204,7.6494574546813965,-7.616852760314941,7.034399509429932,-6.781093120574951,5.850213050842285,-5.797662734985352,8.07395076751709,-5.123161315917969,8.035638809204102,-9.955385208129883,8.864376068115234,-7.646928310394287,8.26118278503418
Q4_UbKAl4roB8k_2.wav,Calm,103.359375,0.008637258782982826,0.004976146388798952,0.051818231968728985,766.6922166423155,1420.9017868401143,0.10742472857236862,0.08694566786289215,0.2239140123128891,0.44583773612976074,0.16613689064979553,0.17555390298366547,0.16134288907051086,0.18450450897216797,0.21641650795936584,0.18260489404201508,0.5432829260826111,0.20138785243034363,-514.3475341796875,108.65997314453125,172.07142639160156,61.963497161865234,-26.18518829345703,19.926605224609375,18.76898956298828,14.69198989868164,15.033102989196777,11.774499893188477,-8.311814308166504,7.72322940826416,-6.978610038757324,9.107398986816406,-12.08840560913086,8.74405574798584,-11.939473152160645,8.335210800170898,-8.883560180664062,8.649092674255371,-6.777331829071045,8.983908653259277,-8.574851989746094,11.167600631713867,-7.024118423461914,8.058760643005371
Q4_UpHutdJvZMI_0.wav,Calm,151.99908088235293,0.0044248527847230434,0.0029487782157957554,0.06125512453589109,907.1783423273667,1642.8432955600247,0.3140033781528473,0.11111122369766235,0.13622313737869263,0.1410984843969345,0.4144417345523834,0.10246038436889648,0.1268795132637024,0.4254204034805298,0.14491252601146698,0.14893795549869537,0.0817064642906189,0.21500378847122192,-589.563720703125,105.36334991455078,148.06988525390625,52.43620300292969,-24.995723724365234,25.880027770996094,18.509130477905273,12.315613746643066,8.262929916381836,15.75853157043457,-11.118765830993652,10.021257400512695,-10.637860298156738,9.920674324035645,-14.283061981201172,9.678773880004883,-14.131063461303711,9.04154109954834,-8.476410865783691,11.40756607055664,-7.524390697479248,10.971858024597168,-8.868512153625488,11.303336143493652,-6.569990634918213,11.168075561523438
Q4_UpHutdJvZMI_1.wav,Calm,151.99908088235293,0.006079761777073145,0.003672500839456916,0.06897991915269559,974.8928887182225,1761.5887342825445,0.35615503787994385,0.1459481567144394,0.2498207837343216,0.13926923274993896,0.31494370102882385,0.10328896343708038,0.14009863138198853,0.41234490275382996,0.13518662750720978,0.1285168081521988,0.08427391946315765,0.2431563138961792,-542.4848022460938,107.53819274902344,157.83856201171875,58.39827346801758,-33.02164077758789,16.18084144592285,14.509199142456055,12.97829818725586,7.3612446784973145,13.732795715332031,-9.369921684265137,8.763834953308105,-6.477063179016113,10.653895378112793,-11.227235794067383,11.36279010772705,-11.132196426391602,9.228609085083008,-6.710298538208008,9.69186019897461,-5.4510064125061035,10.701725006103516,-6.888031959533691,9.768061637878418,-5.124858856201172,10.78260326385498
Q4_UpHutdJvZMI_2.wav,Calm,151.99908088235293,0.006138253957033157,0.004119359888136387,0.06554675068511315,904.6058537666459,1607.2541189665842,0.21588794887065887,0.10970854759216309,0.23367886245250702,0.12519685924053192,0.2789593040943146,0.1818547248840332,0.1729767918586731,0.39389413595199585,0.19027602672576904,0.37507855892181396,0.136887788772583,0.23127131164073944,-551.4033813476562,116.3074722290039,161.64491271972656,57.410709381103516,-31.459260940551758,20.93160057067871,15.961404800415039,15.183268547058105,6.730688571929932,15.435418128967285,-7.8682122230529785,9.058469772338867,-6.636440277099609,9.572951316833496,-9.535124778747559,10.623979568481445,-11.173030853271484,9.947661399841309,-9.194250106811523,10.61117935180664,-3.849907398223877,11.787147521972656,-8.38963508605957,9.510781288146973,-10.94858169555664,10.495707511901855
Q4_Ury1cdB79s0_0.wav,Calm,95.703125,0.003332932246848941,0.0027650147676467896,0.06397252279351952,984.239153361395,1681.6158799442449,0.36061927676200867,0.09562729299068451,0.07537752389907837,0.05699674040079117,0.2066544145345688,0.09352198243141174,0.10139898955821991,0.2613821029663086,0.1440715342760086,0.3546891212463379,0.11039992421865463,0.19952408969402313,-652.0491943359375,103.5531997680664,124.1819076538086,47.949073791503906,-17.96076774597168,21.423154830932617,12.407903671264648,17.7886962890625,5.648260593414307,14.15819263458252,-11.414472579956055,10.14352035522461,-10.772100448608398,10.135512351989746,-11.752230644226074,11.10490608215332,-17.534318923950195,10.024545669555664,-12.262459754943848,12.555082321166992,-2.2812399864196777,14.370240211486816,1.4409756660461426,12.941731452941895,1.8530616760253906,12.902997970581055
Q4_Ury1cdB79s0_1.wav,Calm,99.38401442307692,0.004601465538144112,0.002901676343753934,0.0609205001864154,838.7709006559418,1441.0313802789453,0.17024797201156616,0.11942584812641144,0.2712407112121582,0.13166594505310059,0.3024471402168274,0.2082667052745819,0.09856938570737839,0.258491575717926,0.15964244306087494,0.37515395879745483,0.2028965950012207,0.09327992051839828,-581.5377197265625,97.00592041015625,170.81358337402344,52.47534942626953,-24.9686222076416,20.30080223083496,11.413503646850586,11.047386169433594,9.836170196533203,14.453886985778809,-8.141937255859375,7.30055046081543,-5.77400541305542,7.714583873748779,-9.315171241760254,10.699515342712402,-6.994700908660889,9.542240142822266,-3.37794828414917,8.998689651489258,-1.3937530517578125,11.689279556274414,-7.806879997253418,10.967744827270508,-14.140892028808594,10.733893394470215
Q4_uUtnyA6tLnI_0.wav,Calm,103.359375,0.006380198523402214,0.0037364973686635494,0.056753012522925264,883.4322570586677,1588.861109170822,0.17339961230754852,0.197047159075737,0.24071012437343597,0.09808047115802765,0.2046171873807907,0.2069929987192154,0.10859087854623795,0.22013947367668152,0.15134045481681824,0.3673933446407318,0.25770798325538635,0.1073988825082779,-553.8032836914062,98.79755401611328,156.6286163330078,46.735748291015625,-23.103899002075195,25.442556381225586,22.20053482055664,12.973295211791992,12.470175743103027,14.147072792053223,-11.336565017700195,8.823832511901855,-12.003661155700684,8.146866798400879,-13.751409530639648,8.414013862609863,-15.03699016571045,9.48316764831543,-12.000850677490234,9.041251182556152,-6.9644775390625,12.594331741333008,-8.096793174743652,13.900931358337402,-7.054586410522461,10.396308898925781
Q4_u_7b9CwyM8Q_0.wav,Calm,151.99908088235293,0.005186356604099274,0.0029882530216127634,0.05035455169461502,791.2876224702901,1502.7622718432629,0.42150411009788513,0.17058175802230835,0.14065006375312805,0.09961486607789993,0.2004479169845581,0.43395328521728516,0.20026957988739014,0.23398005962371826,0.1559089869260788,0.4058780372142792,0.2966017425060272,0.1607041209936142,-562.48974609375,91.99002075195312,171.9949951171875,50.25220489501953,-19.73146629333496,24.208585739135742,19.254106521606445,10.631383895874023,19.477092742919922,12.779184341430664,-6.852097511291504,7.808156490325928,-6.589783668518066,9.434574127197266,-5.668340682983398,7.89109468460083,-6.36565637588501,9.071676254272461,-7.185551166534424,8.13376522064209,-7.676361560821533,6.701155185699463,-8.069539070129395,7.957764148712158,-7.009100914001465,9.374608039855957
Q4_u_7b9CwyM8Q_1.wav,Calm,143.5546875,0.005118249915540218,0.0035258163698017597,0.05441264320092191,840.6608708948875,1524.6885750660927,0.37763136625289917,0.17074835300445557,0.21064570546150208,0.09875418245792389,0.12295757234096527,0.20836767554283142,0.0882529467344284,0.10732105374336243,0.12093396484851837,0.4635767936706543,0.3746281862258911,0.16058826446533203,-574.07958984375,95.57697296142578,156.14071655273438,56.48444366455078,-18.895978927612305,16.430126190185547,12.757946968078613,14.897854804992676,14.826180458068848,16.010162353515625,-7.068078994750977,8.843374252319336,-4.684272766113281,8.712052345275879,-4.823678970336914,10.972997665405273,-7.563851356506348,11.959863662719727,-6.609192848205566,9.202621459960938,-5.807224273681641,8.605740547180176,-4.475203514099121,10.346574783325195,-1.3116039037704468,11.034992218017578
Q4_v3Nl5rUxLqE_0.wav,Calm,99.38401442307692,0.0024868897162377834,0.002600799547508359,0.059176226122167344,959.0226850528123,1681.0537512256683,0.3737669885158539,0.17151395976543427,0.358536034822464,0.16428609192371368,0.34512293338775635,0.1935993731021881,0.14297841489315033,0.32879626750946045,0.11521219462156296,0.10069935768842697,0.07494311779737473,0.18518120050430298,-667.4199829101562,100.8863754272461,132.58721923828125,57.75931167602539,-4.019336700439453,23.88990020751953,7.835004806518555,14.157240867614746,7.273434638977051,14.093676567077637,-5.928811550140381,8.216670989990234,-6.531375885009766,9.400822639465332,-9.668440818786621,10.251696586608887,-12.624171257019043,10.537335395812988,-7.14251184463501,8.855695724487305,1.1160751581192017,13.702613830566406,2.541924476623535,14.470742225646973,-0.5084960460662842,12.375373840332031
Q4_v3Nl5rUxLqE_1.wav,Calm,129.19921875,0.0023146194871515036,0.002409381791949272,0.06016949385558423,938.1873326767565,1619.7950387325493,0.39536160230636597,0.1473901867866516,0.24738605320453644,0.13296133279800415,0.28610554337501526,0.11694344133138657,0.10697833448648453,0.31251969933509827,0.12574906647205353,0.17594802379608154,0.06892634928226471,0.15312327444553375,-676.6912231445312,99.55522918701172,124.97003936767578,56.98611831665039,-0.24390369653701782,26.12690544128418,7.709596633911133,11.597625732421875,7.615411281585693,13.793959617614746,-6.93338680267334,9.126172065734863,-9.339621543884277,11.447124481201172,-10.388199806213379,12.6948823928833,-9.628019332885742,15.780423164367676,-6.033936977386475,13.846626281738281,-3.9750754833221436,11.59404468536377,-2.760058879852295,14.039033889770508,-0.6897872090339661,14.326990127563477
Q4_V3Y9L4UOcpk_0.wav,Calm,129.19921875,0.007270209491252899,0.004988130182027817,0.07185654189560439,1021.3890687673404,1643.0023287259614,0.06758742779493332,0.09603144228458405,0.08759763091802597,0.14036284387111664,0.24746423959732056,0.10226056724786758,0.2907651960849762,0.12554995715618134,0.3281949758529663,0.20205897092819214,0.07542455196380615,0.22693638503551483,-563.916748046875,103.58455657958984,131.26068115234375,53.910369873046875,-19.667707443237305,18.731718063354492,9.301851272583008,15.08289909362793,-0.35238635540008545,16.41901206970215,-14.182384490966797,10.061739921569824,-9.703672409057617,10.48145580291748,-10.074885368347168,13.506326675415039,-8.202046394348145,15.322850227355957,-1.4583470821380615,14.794166564941406,0.7848287224769592,16.24355697631836,-4.008001327514648,14.876997947692871,-7.504575729370117,12.709161758422852
Q4_V3Y9L4UOcpk_1.wav,Calm,129.19921875,0.009590606205165386,0.005541403312236071,0.06189347452192164,902.9534001887058,1526.6277711782882,0.09379145503044128,0.11684282124042511,0.10840694606304169,0.26882994174957275,0.2576504051685333,0.11198009550571442,0.29961323738098145,0.13969482481479645,0.3285594880580902,0.2434152215719223,0.10780075937509537,0.22024987637996674,-518.7413940429688,91.96416473388672,160.79847717285156,46.658912658691406,-22.167144775390625,24.483890533447266,12.957232475280762,12.680071830749512,4.449606895446777,15.830711364746094,-12.663546562194824,10.407135963439941,-10.729592323303223,9.398943901062012,-12.215547561645508,10.158116340637207,-9.61197566986084,12.245315551757812,-5.6199541091918945,11.562798500061035,-0.8814707398414612,15.710077285766602,-5.958791255950928,17.614683151245117,-10.76589584350586,13.084068298339844
Q4_vBHoSz8cJIE_0.wav,Calm,103.359375,0.005291464272886515,0.00423317588865757,0.056699689124931583,897.7419254175649,1617.3474542025863,0.10303836315870285,0.12267076224088669,0.08924110978841782,0.2774909436702728,0.2733117938041687,0.13104410469532013,0.2866562008857727,0.11292128264904022,0.14891856908798218,0.08219586312770844,0.23938558995723724,0.32324913144111633,-587.4219970703125,86.71520233154297,131.983154296875,44.78138732910156,-8.7672758102417,25.74694061279297,13.928150177001953,12.964666366577148,10.967655181884766,13.779044151306152,-10.147324562072754,8.839760780334473,-12.43252944946289,9.171432495117188,-11.736993789672852,10.49618148803711,-12.0504732131958,13.564371109008789,-7.6420512199401855,11.962234497070312,-4.992415428161621,12.031149864196777,-7.231528282165527,12.263142585754395,-7.665044784545898,11.154160499572754
Q4_vBHoSz8cJIE_1.wav,Calm,107.666015625,0.005369070451706648,0.0041727893985807896,0.05460197134286876,861.9647687962527,1606.1679269124525,0.12384001910686493,0.22913838922977448,0.11096416413784027,0.183094784617424,0.15125826001167297,0.11682561039924622,0.28918570280075073,0.11393450200557709,0.16770830750465393,0.1239161342382431,0.33421292901039124,0.3120797574520111,-575.4873657226562,90.58688354492188,143.47085571289062,47.76253890991211,-15.915769577026367,22.876466751098633,13.30401611328125,12.551315307617188,15.79353141784668,12.746551513671875,-7.971776962280273,10.076262474060059,-11.212632179260254,9.278138160705566,-8.6461763381958,8.788291931152344,-8.153129577636719,9.524017333984375,-7.092404365539551,9.054457664489746,-9.38414478302002,7.34267520904541,-11.154150009155273,8.065410614013672,-6.637656211853027,10.268632888793945
Q4_vBHoSz8cJIE_2.wav,Calm,112.34714673913044,0.005987695883959532,0.004729412496089935,0.06856604702725334,1042.8350146493672,1925.798809688071,0.08714587986469269,0.16395814716815948,0.06285003572702408,0.12554505467414856,0.09287872165441513,0.08725608140230179,0.29404711723327637,0.1134454533457756,0.20148111879825592,0.09972190856933594,0.2457546442747116,0.25513237714767456,-582.2462158203125,115.43608856201172,125.67760467529297,61.88070297241211,-18.74873924255371,18.665130615234375,15.538355827331543,13.183176040649414,8.409692764282227,12.702913284301758,-10.028225898742676,11.880993843078613,-12.369039535522461,10.501104354858398,-15.048832893371582,10.934669494628906,-15.668696403503418,11.276358604431152,-7.303991794586182,11.60133171081543,-3.2721314430236816,10.971661567687988,-2.089167833328247,11.324130058288574,-0.030746255069971085,13.517823219299316
Q4_vBHoSz8cJIE_3.wav,Calm,135.99917763157896,0.009188801050186157,0.005362502299249172,0.06603474317041758,973.5177362775772,1749.625302395438,0.09442615509033203,0.14310790598392487,0.12091211974620819,0.3722129762172699,0.2017720341682434,0.1255587935447693,0.34768497943878174,0.11902670562267303,0.16740845143795013,0.08287453651428223,0.22194881737232208,0.29976198077201843,-513.7730102539062,97.89656066894531,153.65713500976562,45.7028694152832,-28.253219604492188,17.270219802856445,17.260183334350586,13.557319641113281,5.279329776763916,15.07211685180664,-9.534806251525879,10.041143417358398,-11.199986457824707,10.239848136901855,-10.195465087890625,13.090237617492676,-9.855154991149902,12.237768173217773,-11.280611991882324,12.135108947753906,-8.945159912109375,12.384716033935547,-7.384407997131348,10.794705390930176,-6.566742897033691,12.3367280960083
Q4_vBHoSz8cJIE_4.wav,Calm,95.703125,0.004235507920384407,0.004154263995587826,0.06471676754879879,923.1667664380036,1554.173485008446,0.10898183286190033,0.16123059391975403,0.13395869731903076,0.439464271068573,0.2389719933271408,0.07652705907821655,0.1517079472541809,0.0569576695561409,0.11427018791437149,0.08279278874397278,0.30969011783599854,0.3593991994857788,-621.654541015625,99.34272003173828,125.07877349853516,50.98735427856445,-6.931434631347656,25.065946578979492,6.453771114349365,14.303838729858398,2.6787126064300537,12.861146926879883,-11.235437393188477,9.142341613769531,-11.031682014465332,12.865018844604492,-9.712591171264648,14.179872512817383,-10.096402168273926,14.962267875671387,-5.735510349273682,13.29117202758789,-4.68043327331543,11.85002613067627,-4.612552165985107,13.625502586364746,-2.274473190307617,11.886754989624023
Q4_VCSDjQxAJzc_0.wav,Calm,99.38401442307692,0.0061436863616108894,0.003118263091892004,0.04851433722527473,773.2924001832854,1459.1608323317307,0.19385389983654022,0.16295382380485535,0.29281991720199585,0.18800091743469238,0.26773887872695923,0.1338316947221756,0.24400357902050018,0.4652958810329437,0.22129181027412415,0.3160640597343445,0.1412181258201599,0.2532159388065338,-529.226806640625,78.40092468261719,180.84132385253906,45.247596740722656,-24.465591430664062,14.454510688781738,15.81408977508545,10.676798820495605,19.69693946838379,10.397364616394043,-6.637073516845703,6.8688812255859375,-2.001967191696167,8.50364875793457,-4.651005268096924,8.161897659301758,-7.9322991371154785,7.234659194946289,-5.5896525382995605,7.285354137420654,-5.914060115814209,7.325414657592773,-11.205473899841309,7.46448278427124,-11.035027503967285,7.568798065185547
Q4_VCSDjQxAJzc_1.wav,Calm,99.38401442307692,0.007209763862192631,0.003533822949975729,0.054456826821074965,822.4537494773716,1549.1190391011758,0.1940167099237442,0.15111294388771057,0.31650176644325256,0.1910438984632492,0.3242441713809967,0.14944463968276978,0.2885421812534332,0.40965908765792847,0.14444337785243988,0.1427689492702484,0.10583152621984482,0.2735086679458618,-526.6776733398438,105.73281860351562,177.34457397460938,59.44610595703125,-32.10875701904297,15.953136444091797,22.96092414855957,12.892130851745605,13.063943862915039,11.660927772521973,-6.867154121398926,7.120915412902832,-4.560688495635986,8.607407569885254,-8.285269737243652,9.071003913879395,-7.377294063568115,8.45782470703125,-8.009016990661621,9.291657447814941,-4.135117053985596,9.177375793457031,-7.539252281188965,9.06258487701416,-10.241522789001465,9.055042266845703
Q4_VCSDjQxAJzc_2.wav,Calm,66.25600961538461,0.005459049250930548,0.003670067060738802,0.05009371961191655,750.4745054554969,1415.9756197787747,0.25356990098953247,0.15271444618701935,0.2879200577735901,0.1659288853406906,0.28800567984580994,0.11551078408956528,0.20374402403831482,0.36077752709388733,0.17683887481689453,0.30860042572021484,0.12032532691955566,0.17636221647262573,-560.7040405273438,108.54014587402344,173.56748962402344,64.22550201416016,-19.118667602539062,21.62643051147461,12.995967864990234,12.546849250793457,16.43341636657715,10.904850959777832,-7.781125545501709,8.182952880859375,-6.41538667678833,6.807732582092285,-6.471279621124268,6.434660911560059,-8.472606658935547,7.794230937957764,-7.242709636688232,7.901535511016846,-3.3880093097686768,6.229465961456299,-7.710208415985107,6.872077941894531,-9.322894096374512,8.349967956542969
Q4_vJ77eDxHezE_0.wav,Calm,99.38401442307692,0.009377134963870049,0.004619622137397528,0.0773527439241046,1022.2584568839446,1663.687836439383,0.22112075984477997,0.08256637305021286,0.17750757932662964,0.0854979008436203,0.26037099957466125,0.09467202425003052,0.07200362533330917,0.1598747968673706,0.14301139116287231,0.4829511046409607,0.125250443816185,0.15527954697608948,-515.4886474609375,108.29844665527344,161.9372100830078,56.43720245361328,-36.812644958496094,18.738000869750977,12.571053504943848,15.93368911743164,1.2091020345687866,14.43990707397461,-6.215826511383057,11.422452926635742,-1.796198844909668,9.067305564880371,-6.211698055267334,12.480316162109375,-7.051338195800781,14.923025131225586,-5.650248050689697,10.782010078430176,-6.420108318328857,15.46989917755127,-8.222672462463379,15.736780166625977,-4.401752948760986,12.483985900878906
Q4_vJ77eDxHezE_1.wav,Calm,151.99908088235293,0.010255750268697739,0.004366111010313034,0.06524539045553146,909.235864263903,1572.8638622093615,0.35962679982185364,0.12773741781711578,0.27574965357780457,0.3381129801273346,0.1456555724143982,0.1655198335647583,0.08244390040636063,0.1442108005285263,0.08196847885847092,0.10065624862909317,0.2920050024986267,0.12969718873500824,-493.3175048828125,89.87635040283203,175.5460968017578,48.93344497680664,-30.628854751586914,14.390400886535645,17.77513885498047,16.364810943603516,6.251169204711914,14.93676471710205,-9.230957984924316,8.629925727844238,-2.834460735321045,11.116414070129395,-6.82777214050293,12.93377685546875,-10.372891426086426,12.552765846252441,-7.755787372589111,8.961137771606445,-4.889554023742676,12.159768104553223,3.3726305961608887,10.495742797851562,0.9592927098274231,9.791961669921875
Q4_vpTguZtJAFA_0.wav,Calm,83.35433467741936,0.006418186705559492,0.0040282937698066235,0.051550743119577004,825.3859068146137,1537.2359865399608,0.06453782320022583,0.1332549750804901,0.14309199154376984,0.3627648949623108,0.13067325949668884,0.19481761753559113,0.3102028965950012,0.14835867285728455,0.313972145318985,0.17254582047462463,0.37146568298339844,0.1473013311624527,-547.444580078125,93.72853088378906,158.42855834960938,48.87398910522461,-19.942197799682617,25.167505264282227,20.38836669921875,11.018064498901367,15.876070022583008,12.308359146118164,-10.719430923461914,8.018976211547852,-13.589142799377441,9.023268699645996,-14.96969223022461,8.756048202514648,-13.756552696228027,11.308114051818848,-15.138195037841797,8.592601776123047,-9.122941970825195,8.71411418914795,-9.757023811340332,7.360042572021484,-10.922211647033691,9.369988441467285
Q4_vpTguZtJAFA_1.wav,Calm,83.35433467741936,0.006265365052968264,0.004547225311398506,0.05523411086589031,848.7930695917106,1564.2391763711496,0.06523430347442627,0.15563742816448212,0.105401411652565,0.22504886984825134,0.09685260057449341,0.20558199286460876,0.2516350746154785,0.15929992496967316,0.4831991493701935,0.19560334086418152,0.3169856369495392,0.12356827408075333,-564.5682983398438,113.48685455322266,145.83985900878906,60.14504623413086,-18.901609420776367,25.99746322631836,16.404598236083984,13.433971405029297,13.147834777832031,13.8410062789917,-9.550743103027344,7.885552406311035,-14.458502769470215,8.810357093811035,-16.463048934936523,8.282600402832031,-14.21276569366455,11.33112621307373,-16.200565338134766,9.077880859375,-10.163247108459473,9.474160194396973,-10.144943237304688,7.166525840759277,-10.63274097442627,8.984518051147461
Q4_vpTguZtJAFA_2.wav,Calm,129.19921875,0.00851919874548912,0.005580424796789885,0.06451138275180356,950.6806335603754,1695.1721394630965,0.11098162084817886,0.2578486502170563,0.12035978585481644,0.25517144799232483,0.08453560620546341,0.16526846587657928,0.36486896872520447,0.1287529319524765,0.19863104820251465,0.12972331047058105,0.3688831031322479,0.2833559215068817,-530.618408203125,111.65328216552734,143.72625732421875,53.642860412597656,-27.265850067138672,18.355792999267578,18.86212730407715,18.533065795898438,7.465734481811523,16.22563934326172,-10.976666450500488,9.776839256286621,-12.697019577026367,10.041044235229492,-15.308174133300781,11.0209379196167,-13.30105972290039,12.75690746307373,-6.76083517074585,12.055794715881348,-2.105931043624878,10.58627986907959,-3.7242345809936523,10.583551406860352,-6.1695637702941895,14.33640193939209
Q4_VXh4IaR5C6s_0.wav,Calm,117.45383522727273,0.004983259830623865,0.0033830602187663317,0.05634035885989011,857.7359541059739,1552.7758413461538,0.20474711060523987,0.06642066687345505,0.08135446906089783,0.08799256384372711,0.17073875665664673,0.11415386199951172,0.4366122782230377,0.6169409155845642,0.1738406866788864,0.08019176870584488,0.13212791085243225,0.5116448998451233,-574.3047485351562,101.20804595947266,152.4794464111328,51.15848159790039,-24.021547317504883,23.989959716796875,17.425586700439453,12.416679382324219,16.717124938964844,13.394792556762695,-5.852393627166748,7.84466552734375,-8.735626220703125,8.747991561889648,-15.213447570800781,10.541560173034668,-13.605567932128906,10.235630989074707,-4.493218898773193,10.564169883728027,1.3772540092468262,10.500457763671875,-6.34481143951416,7.968344688415527,-13.187849998474121,8.439234733581543
Q4_V_jbWvQNh5c_0.wav,Calm,123.046875,0.005612815264612436,0.004138017073273659,0.058977106795607165,916.17989074119,1731.5129395897454,0.07265616208314896,0.15871237218379974,0.08102888613939285,0.12869249284267426,0.07333255559206009,0.20211374759674072,0.34836339950561523,0.16165651381015778,0.31892305612564087,0.1578843742609024,0.33641165494918823,0.15237471461296082,-585.2850341796875,101.9622802734375,130.42556762695312,60.7115364074707,-12.712810516357422,16.74628448486328,18.807735443115234,14.6987886428833,18.212350845336914,13.919885635375977,-9.495043754577637,7.967116355895996,-11.686960220336914,9.054231643676758,-12.269898414611816,8.638321876525879,-13.274410247802734,10.704963684082031,-10.036516189575195,10.699193954467773,-5.6141676902771,7.454068660736084,-7.060676574707031,7.623757839202881,-8.98780345916748,9.963863372802734
Q4_V_jbWvQNh5c_1.wav,Calm,103.359375,0.00588185153901577,0.003680240595713258,0.051552347617574254,822.3495880041667,1569.4872563428219,0.09253859519958496,0.18262016773223877,0.10696225613355637,0.16753706336021423,0.08061821758747101,0.190852552652359,0.4218534529209137,0.17141349613666534,0.2678408622741699,0.14037542045116425,0.2796659767627716,0.1952010840177536,-562.8966674804688,85.20695495605469,141.51187133789062,50.38615798950195,-15.559965133666992,15.902750015258789,19.570005416870117,12.276403427124023,21.8006534576416,12.92833137512207,-8.1373929977417,9.348750114440918,-11.578434944152832,9.46397876739502,-10.744810104370117,8.481827735900879,-11.604711532592773,10.204445838928223,-10.71424388885498,9.7066068649292,-7.3163371086120605,8.139437675476074,-9.834639549255371,7.715548992156982,-12.142390251159668,9.665127754211426
Q4_wzSr6qR3Ra0_0.wav,Calm,123.046875,0.004927308764308691,0.003370624966919422,0.055414448832417584,843.8769587141605,1501.4037710336538,0.08445300161838531,0.23517170548439026,0.4106234610080719,0.14712780714035034,0.19142748415470123,0.0970931425690651,0.20126181840896606,0.23257605731487274,0.1984495371580124,0.35676488280296326,0.16653631627559662,0.2046605795621872,-580.405029296875,94.74998474121094,163.06988525390625,52.36069869995117,-19.404407501220703,20.16728973388672,11.775825500488281,14.547501564025879,11.85789966583252,14.306867599487305,-9.229853630065918,9.667016983032227,-7.098666667938232,9.8433198928833,-9.165879249572754,9.301363945007324,-13.233551025390625,10.555846214294434,-8.733028411865234,10.05405044555664,-1.8553582429885864,10.512616157531738,-1.4730957746505737,12.108850479125977,-3.6739842891693115,10.964791297912598
Q4_XC_SiJszQx0_0.wav,Calm,143.5546875,0.002373616909608245,0.002122964011505246,0.06044310157997763,947.3301243466876,1568.0258526898072,0.3193652629852295,0.1131458654999733,0.14896269142627716,0.09876172989606857,0.31259581446647644,0.2557186484336853,0.06710939854383469,0.09554222971200943,0.07270413637161255,0.25593507289886475,0.24979732930660248,0.10337753593921661,-665.9255981445312,86.9621810913086,120.6455307006836,43.05358123779297,-4.691919803619385,21.0755615234375,8.216089248657227,13.708338737487793,2.6962366104125977,11.46513843536377,-12.477197647094727,10.251823425292969,-14.264883995056152,9.487919807434082,-19.08619499206543,11.139269828796387,-18.811809539794922,13.394091606140137,-8.068160057067871,9.409144401550293,-3.1218881607055664,12.94653606414795,-2.193466901779175,14.990096092224121,-2.7568602561950684,12.455689430236816
Q4_XC_SiJszQx0_2.wav,Calm,73.828125,0.007015059236437082,0.005634015891700983,0.056493013280122656,879.7976256758536,1573.5939719460227,0.284343957901001,0.08126169443130493,0.060209110379219055,0.10658106952905655,0.39994633197784424,0.2866307199001312,0.11166968941688538,0.2380804419517517,0.1834481805562973,0.34880805015563965,0.3319496512413025,0.14214462041854858,-554.63818359375,121.52266693115234,142.95823669433594,52.74758529663086,-21.163665771484375,30.01127052307129,21.398868560791016,15.991029739379883,4.683133602142334,14.273993492126465,-8.046503067016602,7.667062282562256,-10.64914321899414,7.854320526123047,-13.655269622802734,9.3646879196167,-10.528694152832031,9.193024635314941,-6.934421062469482,9.391074180603027,-2.9465765953063965,10.663640022277832,-3.789879083633423,9.064024925231934,-6.055454254150391,8.183839797973633
Q4_Xf2fox7zhCQ_0.wav,Calm,103.359375,0.007424670737236738,0.004237270914018154,0.04501322913842191,740.2584607536353,1443.2209006617747,0.2363981008529663,0.31244683265686035,0.1905009001493454,0.2382819950580597,0.16780304908752441,0.4099513590335846,0.30289292335510254,0.28073006868362427,0.5828371047973633,0.24614523351192474,0.20561698079109192,0.11843246221542358,-511.2508850097656,86.5781021118164,188.95294189453125,48.81541442871094,-23.992937088012695,16.696014404296875,16.683908462524414,12.045869827270508,21.76518440246582,12.184268951416016,-6.06039571762085,7.549411296844482,-6.753113269805908,6.198629379272461,-9.42881965637207,7.155611515045166,-8.137984275817871,8.00698184967041,-4.639562129974365,8.05929946899414,-2.538529396057129,6.748020648956299,-4.863131523132324,6.337076187133789,-10.328822135925293,8.14578628540039
Q4_Xf2fox7zhCQ_1.wav,Calm,107.666015625,0.006186992861330509,0.004799899645149708,0.05942589521953661,890.4807549041839,1569.965144316719,0.22935540974140167,0.2442515641450882,0.16502691805362701,0.27619850635528564,0.11117101460695267,0.21022777259349823,0.14403001964092255,0.16798850893974304,0.45902717113494873,0.14384235441684723,0.19934716820716858,0.08581060916185379,-572.7142944335938,126.46746826171875,146.77613830566406,65.48592376708984,-23.99859046936035,21.901512145996094,17.37494468688965,15.34765911102295,8.787857055664062,16.54736328125,-12.877817153930664,9.519886016845703,-13.944437980651855,10.458441734313965,-15.786330223083496,10.850709915161133,-11.717870712280273,9.818021774291992,-5.455563068389893,11.488856315612793,-5.284679889678955,11.054434776306152,-7.281757354736328,7.575315952301025,-8.1444730758667,8.226890563964844
Q4_Xf2fox7zhCQ_2.wav,Calm,99.38401442307692,0.006825326941907406,0.004282726440578699,0.05562381372017353,843.1709581860985,1554.5594718089073,0.29269301891326904,0.28391823172569275,0.1853581964969635,0.22159548103809357,0.11775211989879608,0.27251237630844116,0.22876214981079102,0.19842714071273804,0.4100241959095001,0.17134054005146027,0.28074824810028076,0.12367033213376999,-533.2733154296875,95.91228485107422,167.08743286132812,50.06064987182617,-23.50372886657715,20.14643096923828,17.76654624938965,13.654772758483887,14.432336807250977,14.905919075012207,-10.227485656738281,9.432317733764648,-10.62786865234375,10.401376724243164,-12.982516288757324,10.606287956237793,-10.8107271194458,10.6587495803833,-6.896991729736328,9.541744232177734,-5.908021926879883,9.699999809265137,-4.785102367401123,10.609309196472168,-6.751486778259277,10.897634506225586
Q4_xgtwQGeB6_0_0.wav,Calm,135.99917763157896,0.0034006687346845865,0.003019648138433695,0.05386611927198817,798.0748266373568,1456.3798113567073,0.07470017671585083,0.22474417090415955,0.4693300724029541,0.2010401338338852,0.22148559987545013,0.1366267055273056,0.28652751445770264,0.31679415702819824,0.2250201553106308,0.3932627737522125,0.23460720479488373,0.15826590359210968,-600.8606567382812,91.52256774902344,152.02450561523438,50.06414794921875,-6.996769428253174,25.4473876953125,8.6634521484375,13.319598197937012,14.476175308227539,11.736369132995605,-6.845324993133545,8.298807144165039,-8.914203643798828,8.278653144836426,-5.728117942810059,8.886528015136719,-6.375692844390869,7.958747863769531,-8.12110424041748,7.780240058898926,-5.081663131713867,6.7750115394592285,-8.744196891784668,7.472311019897461,-11.25989818572998,7.808151721954346
Q4_Xlv4PPGrRRs_0.wav,Calm,135.99917763157896,0.005343747790902853,0.003417019499465823,0.052693210652195024,813.2845171222509,1472.9162683020104,0.10395548492670059,0.2185104787349701,0.08743966370820999,0.08790729194879532,0.09275437146425247,0.2514341473579407,0.4521174132823944,0.22191324830055237,0.2739015221595764,0.17490793764591217,0.402993381023407,0.22808893024921417,-557.4589233398438,83.13018035888672,155.35955810546875,44.106502532958984,-16.00678062438965,21.097749710083008,15.93564510345459,12.528840065002441,15.393036842346191,12.369461059570312,-10.438340187072754,7.337479591369629,-7.932648181915283,7.806751251220703,-10.574405670166016,7.6967926025390625,-15.353632926940918,9.115453720092773,-12.151792526245117,8.588475227355957,-8.336896896362305,9.307165145874023,-9.740116119384766,9.408616065979004,-10.867133140563965,9.738505363464355
Q4_Xlv4PPGrRRs_1.wav,Calm,69.83741554054055,0.005402497015893459,0.00317764887586236,0.056524444935524124,882.1771054693659,1645.5388987917274,0.11744865030050278,0.3804870545864105,0.1348128616809845,0.16138297319412231,0.06956485658884048,0.1881956160068512,0.48222750425338745,0.17042742669582367,0.1779845803976059,0.14720506966114044,0.3895273208618164,0.17752379179000854,-554.1876220703125,85.8746566772461,163.40451049804688,43.43843460083008,-24.39777374267578,18.373464584350586,21.50216293334961,13.604083061218262,13.870174407958984,13.249746322631836,-14.086454391479492,9.3248929977417,-13.180546760559082,9.339068412780762,-15.122042655944824,10.020617485046387,-14.03641414642334,10.78743839263916,-9.9100341796875,9.327942848205566,-6.677863597869873,9.715463638305664,-6.816916465759277,10.139104843139648,-10.719513893127441,9.156601905822754
Q4_XPLYvpyfKUM_0.wav,Calm,143.5546875,0.0045358845964074135,0.0031489648390561342,0.05388256110767327,802.95476372531,1468.7350131497524,0.13534598052501678,0.11231323331594467,0.31957024335861206,0.1986103355884552,0.252858430147171,0.20096056163311005,0.09854542464017868,0.22897261381149292,0.16312430799007416,0.36849915981292725,0.3580491542816162,0.11007875949144363,-583.8013305664062,99.93541717529297,156.558837890625,53.95070266723633,-16.850200653076172,23.126047134399414,15.130126953125,12.833434104919434,15.067556381225586,13.96711254119873,-8.866247177124023,9.7461576461792,-9.464157104492188,8.58273983001709,-7.898108005523682,6.926465034484863,-8.32437515258789,9.530816078186035,-7.4250078201293945,8.8696928024292,-5.736175537109375,8.810254096984863,-8.285593032836914,11.714499473571777,-11.035015106201172,11.430414199829102
Q4_XPLYvpyfKUM_1.wav,Calm,143.5546875,0.005959746893495321,0.0037653527688235044,0.05637093075937058,795.581391183228,1467.059870049505,0.24532295763492584,0.15429556369781494,0.3374595046043396,0.16917935013771057,0.13113033771514893,0.20399007201194763,0.14276540279388428,0.28421685099601746,0.18121401965618134,0.34037503600120544,0.35155847668647766,0.1419241577386856,-545.0260620117188,103.88666534423828,178.26625061035156,59.5346565246582,-27.312286376953125,14.56965446472168,15.149490356445312,13.14122486114502,12.66461181640625,13.400388717651367,-6.638210296630859,7.780582904815674,0.7933505177497864,6.977899551391602,-1.496804118156433,6.91639518737793,-5.849697113037109,6.592939853668213,-4.445535659790039,6.731247901916504,-5.222435474395752,9.399735450744629,-6.847634792327881,10.4027681350708,-6.066120147705078,8.595366477966309
Q4_xrhWli_R98g_0.wav,Calm,143.5546875,0.011023446917533875,0.006471637636423111,0.06577815719902386,932.4107331639891,1625.4006739552265,0.06311742961406708,0.16934584081172943,0.4753108024597168,0.18790090084075928,0.2373608499765396,0.10712836682796478,0.29052963852882385,0.14117883145809174,0.11794046312570572,0.31890690326690674,0.10895620286464691,0.17929814755916595,-503.5372009277344,107.00050354003906,154.14735412597656,52.52259063720703,-30.469886779785156,16.054758071899414,21.56826400756836,13.861015319824219,1.258259892463684,16.1734676361084,-12.720630645751953,8.989701271057129,-9.731119155883789,9.536688804626465,-11.858098030090332,10.21186351776123,-11.762798309326172,10.979538917541504,-8.833014488220215,10.606220245361328,0.11941690742969513,11.230694770812988,-0.8596910238265991,13.994460105895996,-5.116334915161133,12.880620956420898
Q4_xrhWli_R98g_2.wav,Calm,73.828125,0.011339662596583366,0.007687831297516823,0.06332496740187411,877.5592571561425,1546.248452970297,0.062303923070430756,0.16705259680747986,0.3909798264503479,0.1647600680589676,0.2575312554836273,0.10719884932041168,0.26637470722198486,0.21036455035209656,0.1707872599363327,0.45556777715682983,0.1539650410413742,0.15367627143859863,-493.89947509765625,121.04085540771484,162.1983642578125,57.490238189697266,-24.031965255737305,27.001163482666016,17.602752685546875,12.94786262512207,4.188902854919434,14.948236465454102,-8.629935264587402,7.900817394256592,-6.957600116729736,9.655184745788574,-9.180023193359375,10.131409645080566,-10.362696647644043,8.884139060974121,-6.069634437561035,9.358189582824707,-2.3889622688293457,9.618012428283691,-5.8566975593566895,10.746657371520996,-9.211352348327637,10.336809158325195
Q4_XWk5XUEBXmg_0.wav,Calm,161.4990234375,0.005321121774613857,0.0035047836136072874,0.06372242647058823,943.0026847057409,1714.6192985983455,0.18552860617637634,0.1423436403274536,0.3797423243522644,0.11080803722143173,0.1822674572467804,0.19605503976345062,0.06545571982860565,0.09572087973356247,0.1361819952726364,0.414071649312973,0.13611051440238953,0.06339294463396072,-601.7691040039062,110.87745666503906,144.76400756835938,55.22014617919922,-18.931013107299805,23.23841667175293,21.593454360961914,15.147940635681152,12.56828784942627,16.486120223999023,-7.587015151977539,8.837923049926758,-8.712204933166504,8.167532920837402,-13.54198169708252,9.291545867919922,-17.4422664642334,11.407991409301758,-13.283651351928711,12.037513732910156,-1.8995625972747803,10.24095344543457,2.0496628284454346,11.684137344360352,-3.6406567096710205,12.248286247253418
Q4_XWk5XUEBXmg_1.wav,Calm,92.28515625,0.005421415437012911,0.003857493633404374,0.06347398657312427,956.7352664228537,1734.5840793980803,0.23004686832427979,0.13364261388778687,0.3024616539478302,0.11960232257843018,0.21888922154903412,0.20676188170909882,0.08834530413150787,0.2024150788784027,0.11981000751256943,0.3098567724227905,0.108890101313591,0.07746691256761551,-582.978515625,106.74331665039062,139.5071563720703,54.66519546508789,-17.61992835998535,23.2653751373291,16.30864143371582,13.280583381652832,10.731300354003906,16.104183197021484,-6.533587455749512,8.162019729614258,-7.014191627502441,7.675496578216553,-9.757859230041504,9.21487045288086,-10.689672470092773,11.98025131225586,-7.843286514282227,13.339781761169434,-2.243867874145508,11.494185447692871,-2.3463590145111084,10.934980392456055,-7.335665225982666,10.883173942565918
Q4_Y1F0c3zgMJo_0.wav,Calm,117.45383522727273,0.005519661586731672,0.0038139268290251493,0.04563894871388129,747.0372393999868,1373.7359597691332,0.12808877229690552,0.31512290239334106,0.21685317158699036,0.1598617434501648,0.1423177272081375,0.1576191484928131,0.38294142484664917,0.3745633363723755,0.45964083075523376,0.32869651913642883,0.1138240247964859,0.07680884003639221,-553.3367919921875,91.76216125488281,170.84275817871094,52.41490173339844,-14.791874885559082,20.876317977905273,14.2905912399292,11.284831047058105,21.16588020324707,11.49493408203125,-5.43163537979126,6.597164630889893,-1.940207600593567,6.025309085845947,-2.800818681716919,7.328701019287109,-6.834537506103516,7.192813396453857,-4.340597152709961,7.575016021728516,-4.040559768676758,6.529165267944336,-6.9158148765563965,7.449587345123291,-7.71436882019043,6.012499809265137
Q4_Y1F0c3zgMJo_1.wav,Calm,123.046875,0.005719892680644989,0.004213693551719189,0.054044438604618016,810.6334049371727,1438.5198647511047,0.1070207804441452,0.17353957891464233,0.18724609911441803,0.14646857976913452,0.29239729046821594,0.1916934996843338,0.18717478215694427,0.23052895069122314,0.3183741867542267,0.3684295117855072,0.18870055675506592,0.257670134305954,-558.236083984375,105.30570983886719,165.54347229003906,56.21349334716797,-18.85524559020996,22.300085067749023,15.00013542175293,13.083970069885254,14.517346382141113,14.77674674987793,-6.860577583312988,7.241833209991455,-3.8326876163482666,6.933042049407959,-8.554397583007812,8.989994049072266,-10.437009811401367,8.15633773803711,-4.795725345611572,7.387592315673828,-3.188889980316162,8.754734992980957,-4.329514503479004,9.451027870178223,-6.7405571937561035,6.951785564422607
Q4_YAAxPW1GB7w_0.wav,Calm,78.30255681818181,0.003634446067735553,0.003107496304437518,0.056030803026708244,873.2662402504767,1600.0080762354257,0.18409709632396698,0.18805398046970367,0.18468713760375977,0.37385043501853943,0.2397027313709259,0.24662995338439941,0.16128510236740112,0.10872405022382736,0.20992639660835266,0.19782187044620514,0.2190026193857193,0.0783267542719841,-610.7824096679688,90.3327865600586,130.60256958007812,48.69172286987305,-9.925806999206543,23.378271102905273,12.598217964172363,12.094856262207031,13.566556930541992,12.973152160644531,-10.158773422241211,9.651336669921875,-14.081609725952148,10.141946792602539,-12.40444278717041,10.486865997314453,-11.529501914978027,11.421333312988281,-9.258557319641113,12.000920295715332,-5.037756443023682,10.741326332092285,-2.468583106994629,10.396061897277832,-5.495020389556885,12.99223804473877
Q4_YAAxPW1GB7w_1.wav,Calm,161.4990234375,0.004514745902270079,0.002959966193884611,0.056845840818194146,896.6790124017145,1633.7967547832498,0.16921500861644745,0.1291997730731964,0.1320643573999405,0.16916638612747192,0.3099280893802643,0.15020589530467987,0.13470306992530823,0.12237135320901871,0.2890585958957672,0.34490975737571716,0.15833750367164612,0.18813921511173248,-600.3283081054688,98.07099914550781,148.30284118652344,49.94699478149414,-19.651304244995117,21.244468688964844,17.512027740478516,13.179699897766113,13.388163566589355,15.185223579406738,-11.192411422729492,9.53041934967041,-13.874258995056152,8.871212005615234,-15.180567741394043,9.158499717712402,-15.200016975402832,9.668366432189941,-10.331781387329102,9.115274429321289,-6.955258369445801,11.59420108795166,-5.721133708953857,11.8715181350708,-5.364572525024414,12.095463752746582
Q4_yC0fAQxGgr0_0.wav,Calm,58.72691761363637,0.004945443943142891,0.003922130912542343,0.05104706398250352,821.9819130248394,1474.255732316375,0.1195254921913147,0.13229365646839142,0.3960896134376526,0.13803142309188843,0.07545208185911179,0.05635204538702965,0.2528635263442993,0.5600374341011047,0.18088653683662415,0.1422485113143921,0.09604206681251526,0.26830124855041504,-587.4767456054688,108.75198364257812,145.81661987304688,57.99982452392578,-16.73594856262207,23.15960693359375,15.301458358764648,13.139263153076172,15.902444839477539,13.056246757507324,-7.44636869430542,7.566837310791016,-8.80734634399414,8.583826065063477,-10.471283912658691,8.917452812194824,-13.60198974609375,8.5513334274292,-9.9341402053833,7.764543533325195,-3.070809841156006,8.088926315307617,-7.346559047698975,8.914240837097168,-10.900057792663574,9.46124267578125
Q4_yC0fAQxGgr0_1.wav,Calm,78.30255681818181,0.006341176573187113,0.0043783364817500114,0.05469243646978022,849.1071209814639,1537.0542367788462,0.22735008597373962,0.1883777678012848,0.485209584236145,0.14801941812038422,0.0743725448846817,0.04722251743078232,0.16218775510787964,0.3775767385959625,0.16971349716186523,0.2841753363609314,0.11271629482507706,0.20790156722068787,-557.33251953125,108.90138244628906,159.87794494628906,51.077484130859375,-23.669893264770508,23.659135818481445,19.24427032470703,14.814196586608887,10.92948055267334,12.36561107635498,-9.555449485778809,8.515246391296387,-9.03804874420166,10.182214736938477,-10.019962310791016,9.18854808807373,-13.792561531066895,9.61128044128418,-13.201231002807617,9.814709663391113,-8.382112503051758,9.604487419128418,-8.226814270019531,9.746390342712402,-7.880918502807617,9.765032768249512
Q4_YhXRyOl5pi0_0.wav,Calm,95.703125,0.00584618654102087,0.003824711311608553,0.06614752985884907,1014.138479823041,1916.8583873040513,0.43621814250946045,0.1506359577178955,0.20509006083011627,0.10581377148628235,0.22699497640132904,0.22472289204597473,0.17733041942119598,0.4542742371559143,0.1276051253080368,0.1042819544672966,0.12688294053077698,0.1509474664926529,-562.2947387695312,124.61422729492188,151.66790771484375,56.58567428588867,-30.164762496948242,22.263530731201172,24.29241371154785,15.833281517028809,2.401548385620117,10.281485557556152,-9.561652183532715,9.148256301879883,-10.987316131591797,8.641280174255371,-12.064847946166992,7.623021125793457,-13.138593673706055,7.928244113922119,-10.95280647277832,8.515989303588867,-6.878973484039307,10.962855339050293,-4.8988037109375,11.542778015136719,-7.977520942687988,9.300248146057129
Q4__BK2o77sTc0_2.wav,Calm,123.046875,0.006088260095566511,0.00447031669318676,0.09045276258283821,1138.9647791039251,1786.0059888097007,0.07012729346752167,0.25854039192199707,0.19304600358009338,0.07215997576713562,0.182052880525589,0.09359616041183472,0.3070993423461914,0.1430296152830124,0.18500041961669922,0.43962982296943665,0.10409509390592575,0.11752241104841232,-561.825927734375,110.17897033691406,138.69358825683594,53.4791145324707,-36.49620056152344,23.302080154418945,-0.09150051325559616,15.813996315002441,4.385959148406982,16.273277282714844,-2.5806186199188232,12.237836837768555,-3.115222215652466,11.602595329284668,-9.4412841796875,11.614847183227539,-9.533055305480957,11.786721229553223,-4.605405330657959,13.514385223388672,-7.558140277862549,12.090678215026855,-12.165237426757812,14.220242500305176,-12.270350456237793,13.920815467834473
Q1_0vLPYiPN7qY_0.wav,Happy,103.359375,0.01167802233248949,0.007367269601672888,0.060822060974059004,846.5376677283715,1543.577983929934,0.16227726638317108,0.13254277408123016,0.37670573592185974,0.23119349777698517,0.39730367064476013,0.15553858876228333,0.17211270332336426,0.6064873933792114,0.16471703350543976,0.06027903035283089,0.14331834018230438,0.11106337606906891,-486.3638610839844,127.4395523071289,166.46839904785156,65.09251403808594,-30.695873260498047,23.946044921875,21.1908016204834,16.111785888671875,5.272366523742676,14.010783195495605,-6.940781593322754,9.66240406036377,-9.335700035095215,9.876133918762207,-10.460305213928223,9.521707534790039,-7.23838472366333,6.762048244476318,-7.722737789154053,7.881471633911133,0.970148503780365,6.927122592926025,-7.808382034301758,6.501931667327881,-11.56716537475586,9.897854804992676
Q1_0vLPYiPN7qY_1.wav,Happy,151.99908088235293,0.010288137011229992,0.005383288022130728,0.054726160012201736,876.7931029218595,1646.3091339309924,0.27644479274749756,0.13659881055355072,0.25686612725257874,0.18227927386760712,0.24483974277973175,0.2677333354949951,0.12748689949512482,0.2161639928817749,0.13916145265102386,0.4033610224723816,0.4886062443256378,0.15295778214931488,-486.37567138671875,112.12509155273438,164.647705078125,54.61125946044922,-34.12491989135742,21.509790420532227,27.169221878051758,14.722169876098633,7.1998515129089355,12.255255699157715,-10.01736831665039,8.240466117858887,-11.761957168579102,9.1712007522583,-15.686225891113281,9.978239059448242,-18.448741912841797,11.860957145690918,-14.844069480895996,8.980520248413086,-9.486337661743164,10.052450180053711,-7.733653545379639,8.566140174865723,-5.6730828285217285,9.255845069885254
Q1_0vLPYiPN7qY_2.wav,Happy,103.359375,0.011963238939642906,0.006788221653550863,0.06159016574023861,894.8175100592,1613.5247153987596,0.31115490198135376,0.13475483655929565,0.24905578792095184,0.1310654878616333,0.18842661380767822,0.2005411684513092,0.13353276252746582,0.3481409549713135,0.1471741944551468,0.31421658396720886,0.306100457906723,0.14278216660022736,-470.0848693847656,110.61626434326172,171.23268127441406,54.05613327026367,-31.452014923095703,19.880434036254883,21.337005615234375,12.950236320495605,3.7378416061401367,14.747469902038574,-7.763917922973633,8.350756645202637,-5.504146575927734,9.532958030700684,-7.4970293045043945,9.793008804321289,-8.573578834533691,9.396885871887207,-6.397637844085693,10.20177173614502,-4.0897040367126465,9.641233444213867,-7.491629123687744,10.079183578491211,-7.061076641082764,8.86177921295166
Q1_1Qc15G0ZHIg_1.wav,Happy,73.828125,0.014714463613927364,0.008201784454286098,0.05264788572029148,808.9736231882522,1509.6235882540989,0.16557194292545319,0.22889316082000732,0.22060182690620422,0.2447357177734375,0.3565170168876648,0.1788586676120758,0.25270310044288635,0.1245868131518364,0.26386523246765137,0.5056995749473572,0.20757201313972473,0.24220925569534302,-457.0421142578125,115.77931213378906,183.8905487060547,56.395355224609375,-29.148923873901367,26.46112060546875,24.0611515045166,13.403674125671387,9.889692306518555,12.58475399017334,-4.431931495666504,8.810807228088379,-3.5516512393951416,7.454727649688721,-9.718586921691895,7.738715648651123,-9.069368362426758,7.861268043518066,-5.998970985412598,7.122287273406982,-1.0137218236923218,8.025771141052246,-3.7259745597839355,10.890532493591309,-7.441930294036865,7.501559734344482
Q1_1Qc15G0ZHIg_2.wav,Happy,73.828125,0.020089130848646164,0.009793015196919441,0.05193337132253254,832.7428973577263,1592.2192223935738,0.12011178582906723,0.278707891702652,0.3461310863494873,0.2512803375720978,0.4966420829296112,0.2234732061624527,0.20534877479076385,0.1309463381767273,0.25836873054504395,0.5035625696182251,0.2127717286348343,0.18256501853466034,-411.3556213378906,115.48137664794922,184.316162109375,60.559326171875,-34.46822738647461,16.29698371887207,26.718114852905273,13.149534225463867,8.722432136535645,12.222441673278809,-4.278780460357666,6.750119209289551,-2.9763288497924805,7.153288841247559,-10.243502616882324,7.786348342895508,-7.619927406311035,8.063733100891113,-4.692297458648682,6.303792476654053,-0.2911258935928345,6.781233310699463,-0.6476349234580994,9.373635292053223,-7.693533420562744,6.7040276527404785
Q1_1Qc15G0ZHIg_3.wav,Happy,99.38401442307692,0.020734209567308426,0.011610153131186962,0.05606774056311881,911.0921515368577,1723.1892500773515,0.22770676016807556,0.24039660394191742,0.2576872408390045,0.2215408980846405,0.26742181181907654,0.2121187001466751,0.27335625886917114,0.19841842353343964,0.21835118532180786,0.4542403519153595,0.24538886547088623,0.41055387258529663,-410.1460266113281,134.3610382080078,168.17652893066406,67.13656616210938,-34.044891357421875,18.155057907104492,26.293272018432617,14.586833953857422,4.158166408538818,11.123884201049805,-3.056467294692993,6.647210597991943,-2.9140565395355225,7.271309852600098,-7.828521251678467,8.337839126586914,-7.919932842254639,7.708188056945801,-3.5997350215911865,7.594576835632324,0.26181933283805847,7.197877407073975,-1.9394123554229736,7.628353595733643,-4.634575843811035,6.897144317626953
Q1_1vjy9oMFa8c_2.wav,Happy,135.99917763157896,0.015141261741518974,0.007388589903712273,0.04621267790841584,772.267437197928,1497.8444316599628,0.09810209274291992,0.08990833163261414,0.2585287392139435,0.41862624883651733,0.2174578607082367,0.2893819510936737,0.16306845843791962,0.33945202827453613,0.2173031121492386,0.22562895715236664,0.5443330407142639,0.20484331250190735,-442.934326171875,109.85833740234375,186.51971435546875,58.87821578979492,-33.770259857177734,17.85738182067871,24.24435806274414,12.720406532287598,10.52598762512207,11.93569278717041,-2.863725423812866,8.233454704284668,-4.830277919769287,7.996821880340576,-7.501316547393799,7.442406177520752,-4.121707439422607,7.239199161529541,-7.727275371551514,8.172713279724121,-3.5801942348480225,6.856094837188721,-9.129030227661133,8.978042602539062,-11.555846214294434,8.007078170776367
Q1_1vjy9oMFa8c_4.wav,Happy,143.5546875,0.019420232623815536,0.009145430289208889,0.04744325406917599,771.8180389548312,1502.7459487061292,0.15228970348834991,0.14953283965587616,0.38852396607398987,0.5095534324645996,0.21727773547172546,0.27024751901626587,0.21027356386184692,0.2931199371814728,0.1851431131362915,0.17336666584014893,0.35744398832321167,0.1624470055103302,-421.37322998046875,126.10526275634766,180.22805786132812,67.35508728027344,-34.723018646240234,17.43614387512207,26.99299430847168,12.710047721862793,7.239728927612305,10.239513397216797,-0.8166614174842834,7.1612420082092285,-4.492346286773682,7.07975435256958,-8.746684074401855,7.090738773345947,-3.3494789600372314,5.965025424957275,-8.098163604736328,6.5653977394104,-0.743713915348053,5.996150493621826,-3.807271957397461,7.700966835021973,-9.555564880371094,7.440644264221191
Q1_1vjy9oMFa8c_5.wav,Happy,143.5546875,0.020475855097174644,0.008419454097747803,0.050396002228843315,833.0409627753659,1569.4092338206763,0.11684249341487885,0.13794675469398499,0.31015118956565857,0.46791326999664307,0.21829569339752197,0.29164552688598633,0.2041003406047821,0.3609883487224579,0.27111950516700745,0.2419305443763733,0.49197980761528015,0.18067513406276703,-394.07330322265625,83.69403839111328,188.7329864501953,43.11835861206055,-33.5701904296875,13.680390357971191,25.192176818847656,11.887565612792969,9.652222633361816,12.791659355163574,-2.804619312286377,7.670221328735352,-4.423504829406738,10.359631538391113,-10.071495056152344,8.558454513549805,-6.496957778930664,7.733325481414795,-5.208315849304199,7.522336006164551,1.7733705043792725,7.6917829513549805,-3.568866491317749,10.172314643859863,-10.980924606323242,9.228418350219727
Q1_2Z9SjI131jA_0.wav,Happy,107.666015625,0.010190936736762524,0.006127594038844109,0.06298854604460412,931.8433845663232,1639.215087890625,0.2463078498840332,0.11467905342578888,0.23899199068546295,0.17731973528862,0.4075271785259247,0.16764993965625763,0.10637485980987549,0.21747785806655884,0.1405494660139084,0.2453974038362503,0.15088866651058197,0.18813636898994446,-515.9995727539062,115.29118347167969,148.9711151123047,51.553016662597656,-32.97188186645508,19.04109001159668,27.12119483947754,13.739947319030762,4.350193023681641,16.58247184753418,-12.043964385986328,9.922161102294922,-10.310945510864258,8.360862731933594,-15.6968355178833,9.580241203308105,-16.761079788208008,10.277242660522461,-6.390401363372803,8.95621109008789,-1.787882685661316,13.470324516296387,-0.3559930622577667,14.182962417602539,-1.5817927122116089,12.445241928100586
Q1_2Z9SjI131jA_1.wav,Happy,129.19921875,0.007154801394790411,0.006098400801420212,0.08225377250590318,1164.631379881222,2219.7185926200927,0.4687770903110504,0.13767266273498535,0.14880304038524628,0.06812504678964615,0.13284412026405334,0.1217406615614891,0.13509543240070343,0.32911884784698486,0.11348698288202286,0.13556018471717834,0.07831621170043945,0.25976571440696716,-578.6376342773438,146.7418975830078,117.40562438964844,68.50289154052734,-19.99694061279297,22.82326889038086,18.92337989807129,16.20363426208496,3.642209768295288,13.922867774963379,-4.053251266479492,7.768248558044434,-6.317622184753418,8.19202709197998,-7.248982906341553,6.7737932205200195,-11.79284381866455,9.754404067993164,-4.980205059051514,9.515481948852539,-2.1014978885650635,11.582320213317871,1.9639272689819336,9.948132514953613,2.816068649291992,12.124351501464844
Q1_2Z9SjI131jA_10.wav,Happy,95.703125,0.010390014387667179,0.004886579234153032,0.05800636215965346,849.0159945720089,1564.2410127243193,0.24460028111934662,0.19040460884571075,0.45971769094467163,0.2523845434188843,0.18892517685890198,0.1155116856098175,0.26857131719589233,0.3644440770149231,0.171045184135437,0.2518090307712555,0.15312813222408295,0.2655313313007355,-497.78924560546875,112.76913452148438,181.2091827392578,60.913692474365234,-38.05904006958008,16.934043884277344,19.522205352783203,14.051756858825684,9.803291320800781,14.396839141845703,-4.05361795425415,7.008848667144775,1.2480453252792358,8.75446605682373,-2.820422887802124,9.44869327545166,-3.435490846633911,8.52323055267334,-6.7421135902404785,8.57650089263916,-5.578887939453125,9.606241226196289,-6.22848653793335,9.649582862854004,-6.87749719619751,9.616463661193848
Q1_2Z9SjI131jA_11.wav,Happy,123.046875,0.009086568839848042,0.005903006065636873,0.07800413830445545,1035.9875014583965,1729.6994653078589,0.2725781500339508,0.1408219337463379,0.35858243703842163,0.09357118606567383,0.05605429410934448,0.031078869476914406,0.11232887953519821,0.29911893606185913,0.1320771723985672,0.22750872373580933,0.09612444788217545,0.21891316771507263,-533.9647216796875,115.00669860839844,141.28944396972656,51.837623596191406,-28.6252384185791,17.81422233581543,12.117541313171387,17.215456008911133,2.428213357925415,15.106300354003906,-1.917967677116394,8.154884338378906,-1.497787356376648,10.501700401306152,-0.6415112018585205,13.408506393432617,-1.5544575452804565,13.043844223022461,-1.8277488946914673,13.392457008361816,-6.841248989105225,14.678027153015137,-6.304711818695068,15.064480781555176,-3.071497678756714,16.09998321533203
Q1_2Z9SjI131jA_12.wav,Happy,107.666015625,0.008806695230305195,0.00618464220315218,0.07417247723656294,1054.647313398605,1881.7263159421411,0.43932634592056274,0.14112526178359985,0.15558670461177826,0.12595169246196747,0.39409521222114563,0.20193535089492798,0.13056793808937073,0.33798107504844666,0.14118461310863495,0.19436173141002655,0.10015702992677689,0.2615606486797333,-532.3099975585938,127.8830337524414,135.90956115722656,55.52507400512695,-28.548974990844727,22.53231430053711,25.07185935974121,16.126991271972656,0.1200239509344101,18.01796531677246,-9.29778003692627,9.229802131652832,-8.011574745178223,8.696954727172852,-13.422096252441406,10.153464317321777,-16.3448486328125,10.95481014251709,-4.192016124725342,12.123017311096191,-3.418133497238159,15.156255722045898,0.6974928379058838,15.204214096069336,1.00250244140625,13.72664737701416
Q1_2Z9SjI131jA_13.wav,Happy,123.046875,0.011853409931063652,0.007044814061373472,0.06979572636584669,958.6784663162334,1615.3597973576946,0.26049789786338806,0.13527143001556396,0.2623259425163269,0.16028834879398346,0.2849106192588806,0.10337676107883453,0.20978233218193054,0.23152533173561096,0.1359729915857315,0.3044010102748871,0.1303001493215561,0.25518378615379333,-493.9354248046875,122.44713592529297,154.2566375732422,52.02016830444336,-28.507299423217773,32.07840347290039,19.12599754333496,14.960465431213379,-0.4875551462173462,13.027908325195312,-6.467987537384033,9.68234634399414,-9.361763954162598,11.353507041931152,-10.024940490722656,12.128541946411133,-4.280508995056152,11.764679908752441,-0.4118507206439972,10.944428443908691,-3.6584255695343018,13.405207633972168,-6.76853084564209,13.434700012207031,-5.8958330154418945,12.090982437133789
Q1_2Z9SjI131jA_14.wav,Happy,117.45383522727273,0.014268869534134865,0.0070441365242004395,0.067626953125,968.2755851296708,1697.3082891785273,0.15319392085075378,0.0754651352763176,0.26171448826789856,0.5121496915817261,0.19170507788658142,0.2083393782377243,0.11011423915624619,0.2130623608827591,0.19318747520446777,0.11681566387414932,0.2794322371482849,0.09876590222120285,-475.1971435546875,118.38267517089844,161.18443298339844,58.27363204956055,-38.8564338684082,16.257408142089844,27.12607765197754,15.355525016784668,1.1999787092208862,15.58191204071045,-6.88728666305542,9.01827621459961,-5.0282697677612305,10.943100929260254,-12.132621765136719,11.869522094726562,-11.731630325317383,11.091667175292969,-7.693373680114746,11.3101224899292,3.4938125610351562,11.511906623840332,4.043625831604004,12.511492729187012,-3.2684013843536377,11.551217079162598
Q1_2Z9SjI131jA_15.wav,Happy,129.19921875,0.014075212180614471,0.007586063351482153,0.05871461169554455,888.927798829715,1660.858698174505,0.11980684101581573,0.15359145402908325,0.08570506423711777,0.24684356153011322,0.3269319534301758,0.139560267329216,0.23441581428050995,0.17704911530017853,0.4332147240638733,0.26873868703842163,0.14670221507549286,0.28479358553886414,-470.4819641113281,117.605712890625,159.77737426757812,60.061851501464844,-32.26910400390625,17.147918701171875,25.884723663330078,13.213254928588867,9.415545463562012,15.054287910461426,-6.241950511932373,7.8970417976379395,-6.5538649559021,9.571352005004883,-10.841370582580566,10.052573204040527,-13.39802074432373,10.995165824890137,-6.831841468811035,9.313843727111816,-0.9477423429489136,9.661898612976074,-0.9957396388053894,11.988347053527832,-2.207918405532837,10.191999435424805
Q1_2Z9SjI131jA_2.wav,Happy,80.74951171875,0.01308401394635439,0.008293185383081436,0.06580638557774914,940.6884903865052,1676.2106354703608,0.44900989532470703,0.15823473036289215,0.22082877159118652,0.10253734141588211,0.2780730724334717,0.3630113899707794,0.15508590638637543,0.3354453146457672,0.12526053190231323,0.18756495416164398,0.12455043196678162,0.14796878397464752,-481.47344970703125,131.53854370117188,155.7480010986328,56.600345611572266,-31.083986282348633,27.492578506469727,22.843700408935547,15.13860034942627,5.81085205078125,15.539011001586914,-2.9280765056610107,9.851228713989258,-7.291125297546387,9.027803421020508,-10.492549896240234,9.587357521057129,-11.203489303588867,11.15428638458252,-8.190741539001465,8.252801895141602,-7.229091644287109,9.838142395019531,-5.3148627281188965,10.8939208984375,-8.318360328674316,10.023258209228516
Q1_2Z9SjI131jA_3.wav,Happy,129.19921875,0.009663315489888191,0.005834503564983606,0.056671142578125,887.0005542621267,1606.9279796672317,0.2738325595855713,0.11765870451927185,0.14484836161136627,0.12600336968898773,0.33652859926223755,0.2212083786725998,0.10968504846096039,0.25616535544395447,0.12906403839588165,0.266717791557312,0.1918228566646576,0.11337355524301529,-516.10546875,120.5936279296875,150.3730926513672,57.33670425415039,-23.39012908935547,24.417097091674805,24.423616409301758,14.389957427978516,8.731982231140137,13.498832702636719,-7.2408576011657715,8.463788032531738,-8.895893096923828,9.350641250610352,-10.237968444824219,8.582982063293457,-10.476099967956543,9.168463706970215,-9.364816665649414,9.16877269744873,-6.850413799285889,9.687296867370605,-8.10561752319336,10.579026222229004,-7.83154821395874,9.730097770690918
Q1_2Z9SjI131jA_4.wav,Happy,123.046875,0.011844135820865631,0.005152713507413864,0.057840938940482645,901.3943192085679,1661.5773894005897,0.2936008870601654,0.1367175579071045,0.20443490147590637,0.10635469853878021,0.2054554969072342,0.24361509084701538,0.1372888684272766,0.3236556053161621,0.1539006382226944,0.28130826354026794,0.22169356048107147,0.1338496208190918,-468.24090576171875,91.1783676147461,166.975830078125,46.24771499633789,-30.82270622253418,13.478586196899414,25.092679977416992,12.530080795288086,7.917204856872559,14.873178482055664,-7.375959396362305,8.733475685119629,-6.341127395629883,9.805914878845215,-8.325226783752441,9.59235668182373,-8.202093124389648,9.918505668640137,-6.377594947814941,9.95047664642334,-4.515742778778076,11.427459716796875,-6.262487888336182,10.999004364013672,-6.687266826629639,11.046622276306152
Q1_2Z9SjI131jA_7.wav,Happy,107.666015625,0.009958956390619278,0.0063934652134776115,0.05881670705667028,934.6944798183463,1727.8702278716446,0.32180941104888916,0.1609305441379547,0.21233263611793518,0.16800589859485626,0.23707425594329834,0.206478089094162,0.16771754622459412,0.3473947048187256,0.15512727200984955,0.2827921509742737,0.12809321284294128,0.11576632410287857,-527.0968627929688,117.29407501220703,141.44215393066406,54.84431457519531,-28.166088104248047,19.542726516723633,23.533498764038086,14.604004859924316,9.604047775268555,14.717535018920898,-7.224527835845947,8.640337944030762,-8.860159873962402,10.023846626281738,-9.345524787902832,9.75586223602295,-11.194440841674805,11.87610149383545,-6.908864974975586,9.627216339111328,-3.70546293258667,11.989917755126953,-3.9576756954193115,11.240959167480469,-4.5649518966674805,11.740165710449219
Q1_2Z9SjI131jA_8.wav,Happy,123.046875,0.011084035038948059,0.00675021018832922,0.06478083628949678,918.1838768414392,1615.6580282694558,0.24807322025299072,0.09434821456670761,0.15411841869354248,0.09729814529418945,0.2682148218154907,0.28880977630615234,0.16549094021320343,0.39847680926322937,0.14507927000522614,0.2054801881313324,0.22003084421157837,0.12305494397878647,-506.6026306152344,131.83447265625,151.5414581298828,64.11326599121094,-27.593429565429688,24.8944091796875,22.028993606567383,14.97085189819336,5.236642837524414,15.082381248474121,-6.889582633972168,7.968269348144531,-7.442889213562012,8.802872657775879,-11.015671730041504,9.804852485656738,-8.796786308288574,8.257707595825195,-4.543398857116699,10.73399543762207,-1.8084830045700073,11.624844551086426,-4.990314483642578,10.726373672485352,-7.823066711425781,10.079426765441895
Q1_2Z9SjI131jA_9.wav,Happy,215.33203125,0.008509534411132336,0.005369314458221197,0.06336111205260303,964.1267130592777,1729.5342633625949,0.3281870186328888,0.15698963403701782,0.2211630791425705,0.10671048611402512,0.1909320056438446,0.25736793875694275,0.10130776464939117,0.1850530505180359,0.11745009571313858,0.3008459806442261,0.23251676559448242,0.1066124215722084,-535.8372192382812,101.830322265625,137.89108276367188,46.379356384277344,-23.424983978271484,20.430755615234375,22.24784278869629,14.389826774597168,5.901479244232178,17.740022659301758,-11.797468185424805,9.925644874572754,-12.448338508605957,9.283348083496094,-14.121350288391113,11.784974098205566,-13.978583335876465,11.621706008911133,-10.975658416748047,12.374399185180664,-8.899463653564453,13.35617733001709,-5.358331680297852,13.479930877685547,-4.46809720993042,13.19602108001709
Q1_3ahg_eQZhxs_0.wav,Happy,83.35433467741936,0.024147605523467064,0.012067056261003017,0.05783246551315076,928.7426666747493,1762.1727138693059,0.396564781665802,0.2016848474740982,0.2716318964958191,0.16882380843162537,0.26976969838142395,0.3279683291912079,0.1980879157781601,0.38687431812286377,0.23939909040927887,0.39316993951797485,0.41027429699897766,0.2253137230873108,-374.3525085449219,121.90814971923828,174.79959106445312,54.76902770996094,-36.288055419921875,17.591590881347656,28.81233024597168,14.28051471710205,0.7316065430641174,11.495749473571777,0.6907464861869812,7.937713623046875,-9.950389862060547,8.1390962600708,-9.077661514282227,8.825669288635254,-7.847071647644043,7.1571784019470215,-4.831704616546631,7.202166557312012,-1.6999696493148804,8.524749755859375,-4.741800308227539,9.60413646697998,-8.703656196594238,7.957583904266357
Q1_3ahg_eQZhxs_1.wav,Happy,80.74951171875,0.02381957322359085,0.012498043477535248,0.05859271404260962,926.7140737540504,1768.3419709158416,0.32310983538627625,0.20780512690544128,0.3905322849750519,0.18970438838005066,0.18911907076835632,0.24433152377605438,0.18583375215530396,0.3000659644603729,0.20722158253192902,0.40391805768013,0.3955186903476715,0.22953863441944122,-385.983642578125,136.91236877441406,168.36288452148438,62.802486419677734,-35.70682144165039,17.789505004882812,28.74391746520996,14.85148811340332,-1.0810036659240723,11.251263618469238,-0.5105768442153931,8.311647415161133,-7.062920093536377,10.385151863098145,-6.35567045211792,8.769265174865723,-7.335165977478027,8.06464958190918,-4.695182800292969,7.994559288024902,-3.0188558101654053,8.556071281433105,-5.4996256828308105,7.852948188781738,-7.915017604827881,7.485610485076904
Q1_3N2G21U7guk_3.wav,Happy,67.99958881578948,0.019290057942271233,0.008915076032280922,0.05454820570054945,879.092861331708,1654.0528846153845,0.19576495885849,0.19638337194919586,0.5483978986740112,0.2607855498790741,0.1197364330291748,0.10943585634231567,0.21007053554058075,0.43072259426116943,0.1719358265399933,0.2760402262210846,0.29153940081596375,0.21753506362438202,-412.8395080566406,106.33431243896484,186.6879425048828,50.50054931640625,-40.754634857177734,18.169021606445312,27.477401733398438,14.407975196838379,2.826683282852173,12.394024848937988,-7.832530975341797,8.986513137817383,-8.62789535522461,9.403067588806152,-10.30235767364502,7.5899481773376465,-10.987829208374023,7.870395183563232,-12.409480094909668,8.034014701843262,-4.618691444396973,7.169554233551025,-7.208991050720215,7.511239528656006,-7.714168071746826,7.557518482208252
Q1_3N2G21U7guk_5.wav,Happy,135.99917763157896,0.021019896492362022,0.012292897328734398,0.05334075539250353,856.8915189889683,1652.970297029703,0.18737618625164032,0.17418187856674194,0.20834214985370636,0.49014154076576233,0.15925173461437225,0.1670560985803604,0.11657799035310745,0.2675494849681854,0.596549391746521,0.24223822355270386,0.3535233438014984,0.12287058681249619,-412.20556640625,125.93770599365234,167.95281982421875,58.009124755859375,-32.66592025756836,20.338642120361328,28.716970443725586,16.28211784362793,8.554533004760742,12.510682106018066,-6.584665298461914,8.423774719238281,-10.547988891601562,9.04837703704834,-10.756199836730957,8.325740814208984,-12.952775955200195,9.541742324829102,-8.52552318572998,7.690216064453125,-6.363984107971191,7.904630184173584,-7.0835113525390625,8.04448413848877,-8.100794792175293,6.931036949157715
Q1_3N2G21U7guk_6.wav,Happy,67.99958881578948,0.02490222454071045,0.010933253914117813,0.0503570490441974,854.2547822006359,1642.3971908470037,0.23678278923034668,0.19535377621650696,0.21119588613510132,0.5120159387588501,0.16304334998130798,0.1517258882522583,0.14379489421844482,0.3192416727542877,0.6800371408462524,0.2559371888637543,0.19246108829975128,0.11275419592857361,-378.1573486328125,104.18089294433594,188.27928161621094,50.80581283569336,-38.392494201660156,14.556500434875488,32.335662841796875,12.609496116638184,6.877614498138428,11.40738582611084,-2.768859624862671,8.174570083618164,-7.913985252380371,7.881252765655518,-10.335265159606934,7.341928005218506,-8.615431785583496,7.998060703277588,-5.303634166717529,7.745938301086426,-1.949988603591919,7.633030414581299,-1.959486961364746,8.065203666687012,-6.305702209472656,7.195037841796875
Q1_4dXC1cC7crw_0.wav,Happy,129.19921875,0.01729764975607395,0.010090358555316925,0.057778367718446605,928.0284838303538,1682.092417614042,0.10459960252046585,0.195215106010437,0.16929243505001068,0.47154706716537476,0.19385464489459991,0.09016987681388855,0.16170309484004974,0.18431690335273743,0.46338194608688354,0.1589711308479309,0.20666135847568512,0.17711366713047028,-451.239501953125,125.30689239501953,140.5116729736328,59.40748596191406,-24.551176071166992,21.098939895629883,24.990816116333008,15.204320907592773,3.1180853843688965,13.141040802001953,-11.87564468383789,10.636516571044922,-13.882497787475586,9.351895332336426,-17.2520694732666,11.461841583251953,-17.084203720092773,12.43022632598877,-12.145913124084473,9.3504638671875,-6.71869421005249,7.977008819580078,-3.4243531227111816,10.098100662231445,-3.9358348846435547,9.827034950256348
Q1_4dXC1cC7crw_1.wav,Happy,129.19921875,0.025032125413417816,0.015865223482251167,0.055918375651041664,900.2531636019894,1688.4165171030406,0.14657768607139587,0.2295852154493332,0.17414680123329163,0.3711211681365967,0.22638189792633057,0.19070200622081757,0.4531116783618927,0.2209533452987671,0.3570079207420349,0.1574682593345642,0.2116515338420868,0.19246026873588562,-394.6855163574219,142.64207458496094,161.41123962402344,57.57595443725586,-30.011709213256836,29.088186264038086,27.220623016357422,17.44466781616211,-0.6093066930770874,11.852619171142578,-3.297107219696045,11.157133102416992,-10.0803861618042,11.560123443603516,-7.463903903961182,10.208792686462402,-8.501907348632812,8.352069854736328,-7.523693561553955,7.948668003082275,-3.2340972423553467,8.567035675048828,-6.73374605178833,11.080587387084961,-9.682388305664062,9.021354675292969
Q1_4ydjOX3pWds_0.wav,Happy,92.28515625,0.02615591138601303,0.01751762256026268,0.06962372231167056,1065.266852302442,2158.3295978483607,0.1847938746213913,0.14201074838638306,0.2629854381084442,0.25949570536613464,0.16998203098773956,0.36325350403785706,0.17291359603405,0.2832886278629303,0.1438685953617096,0.22960972785949707,0.48991599678993225,0.19302241504192352,-412.567626953125,175.5349884033203,152.4783935546875,81.86107635498047,-32.58146286010742,22.337770462036133,26.28701400756836,17.285499572753906,0.29956379532814026,11.755120277404785,0.14772559702396393,5.589141845703125,-4.562478065490723,7.914032459259033,-3.6673386096954346,7.950791358947754,-7.8251824378967285,7.392029762268066,-6.526334285736084,6.298702239990234,-2.7506492137908936,6.711489200592041,-6.580270290374756,8.05227279663086,-7.373997688293457,7.106265544891357
Q1_4ydjOX3pWds_1.wav,Happy,184.5703125,0.026741139590740204,0.015859587118029594,0.058461620994404884,907.1635336572492,1744.6604234883648,0.32995134592056274,0.211604043841362,0.3634141981601715,0.187852680683136,0.14194123446941376,0.23489423096179962,0.12372740358114243,0.1888665109872818,0.14699825644493103,0.33251214027404785,0.40878990292549133,0.19196413457393646,-386.8438415527344,156.54507446289062,164.11183166503906,68.2535400390625,-34.517547607421875,22.513761520385742,28.61792755126953,16.737468719482422,0.940228283405304,11.73618221282959,0.8325057029724121,5.9592437744140625,-5.670354843139648,8.269577026367188,-5.716088771820068,7.944662094116211,-10.91296672821045,7.937556266784668,-7.488638877868652,6.317348957061768,-4.267289638519287,6.913491249084473,-3.983891248703003,7.891040802001953,-5.190210819244385,6.361204147338867
Q1_5Ju9q1N2x0E_2.wav,Happy,129.19921875,0.018732869997620583,0.008697506040334702,0.05479991656273097,851.6079344989189,1577.1400197910893,0.0929071381688118,0.20217391848564148,0.4547329246997833,0.203575998544693,0.2740151584148407,0.12245456874370575,0.24607740342617035,0.17828120291233063,0.21078132092952728,0.5474485158920288,0.19628457725048065,0.22152121365070343,-411.90692138671875,98.40077209472656,183.22496032714844,49.904903411865234,-33.755977630615234,18.38478660583496,22.214799880981445,11.32662296295166,7.729999542236328,12.339371681213379,-7.657538890838623,9.071073532104492,-6.350606918334961,9.098980903625488,-10.4793062210083,8.750700950622559,-11.597308158874512,8.934226989746094,-11.348150253295898,8.129782676696777,-4.525235652923584,8.632073402404785,-5.8637495040893555,9.514647483825684,-8.214933395385742,8.602127075195312
Q1_5NW0zDu6IYM_2.wav,Happy,129.19921875,0.025128111243247986,0.013185368850827217,0.060384390916808146,970.3453187967333,1783.19050761354,0.1991463303565979,0.1404077708721161,0.2722374200820923,0.4553988575935364,0.17774440348148346,0.20755082368850708,0.2471226006746292,0.47884097695350647,0.3352696895599365,0.16539399325847626,0.26205021142959595,0.15227916836738586,-375.85296630859375,129.86216735839844,165.30538940429688,56.497344970703125,-34.83552551269531,19.333023071289062,26.903549194335938,14.054703712463379,0.11111506819725037,10.329895973205566,0.8952034115791321,8.031352996826172,-5.1591081619262695,9.181644439697266,-7.202566623687744,7.712370872497559,-9.692564010620117,8.253521919250488,-5.351135730743408,8.500157356262207,1.320626974105835,9.193933486938477,-2.3780620098114014,10.785323143005371,-8.630291938781738,7.896489143371582
Q1_60LLKmpgzRM_0.wav,Happy,58.72691761363637,0.002191859297454357,0.003540857695043087,0.05965098811778499,963.6945613347137,1647.9658647017045,0.38714903593063354,0.15707269310951233,0.2781239449977875,0.24649959802627563,0.10013596713542938,0.15611235797405243,0.14191552996635437,0.3787446916103363,0.21223773062229156,0.10571251809597015,0.10611959546804428,0.17929354310035706,-668.4937744140625,98.3707046508789,97.0931625366211,63.32202911376953,-4.774703502655029,23.915645599365234,0.25565460324287415,14.132912635803223,5.726979732513428,10.365657806396484,-5.357448101043701,7.839935779571533,-6.628866672515869,10.21238899230957,-4.754687786102295,8.438399314880371,-5.500327110290527,11.392132759094238,-5.870750427246094,10.705382347106934,-5.977410793304443,12.75986385345459,-5.116942405700684,13.519798278808594,-2.84368896484375,13.075492858886719
Q1_6kRPHamGDSo_0.wav,Happy,103.359375,0.014553919434547424,0.009357131086289883,0.05671555925123763,852.8273722009407,1575.0152285736385,0.12221948802471161,0.18357475101947784,0.5283275842666626,0.266483873128891,0.09892205148935318,0.0714135617017746,0.1470489650964737,0.20541954040527344,0.13396050035953522,0.31487134099006653,0.335347056388855,0.09503881633281708,-460.4149475097656,121.17483520507812,158.30160522460938,61.50261688232422,-23.961591720581055,21.985233306884766,17.059545516967773,16.874414443969727,6.022383689880371,13.554402351379395,-4.314759731292725,8.220145225524902,-1.3348822593688965,8.686574935913086,-5.283717155456543,7.555500030517578,-9.21719741821289,10.511301040649414,-7.406362056732178,7.66323184967041,-4.137906551361084,6.9108099937438965,-5.978010177612305,11.974905967712402,-5.446593761444092,8.727762222290039
Q1_6kRPHamGDSo_1.wav,Happy,107.666015625,0.024734465405344963,0.01403790432959795,0.05833545269582909,892.867921490064,1698.9653454428408,0.16805215179920197,0.1956881731748581,0.4982469975948334,0.28624457120895386,0.10456021130084991,0.10219068825244904,0.23339958488941193,0.230904221534729,0.16340313851833344,0.4022144675254822,0.30822810530662537,0.10883302241563797,-390.37225341796875,143.16305541992188,167.77508544921875,67.57527923583984,-31.889368057250977,18.99287223815918,25.23626708984375,15.143329620361328,2.1847007274627686,12.419703483581543,-1.6121928691864014,7.785243034362793,-5.309157848358154,10.194206237792969,-6.328205585479736,6.548273086547852,-10.930899620056152,8.393820762634277,-6.780295372009277,6.986100196838379,-2.459949016571045,7.789394378662109,-5.104742050170898,8.446417808532715,-7.19020414352417,7.593511581420898
Q1_6kRPHamGDSo_3.wav,Happy,107.666015625,0.02102752961218357,0.014757279306650162,0.06013469454608386,921.2770381835755,1705.6971489628659,0.20953045785427094,0.12610018253326416,0.20353083312511444,0.36004838347435,0.2695179581642151,0.11409071087837219,0.2782022953033447,0.1969943642616272,0.13529831171035767,0.36951878666877747,0.16430512070655823,0.26987162232398987,-424.97503662109375,166.8397674560547,151.49267578125,66.57776641845703,-24.337919235229492,29.916828155517578,24.15313720703125,18.531448364257812,-2.701692581176758,10.598956108093262,-2.106752872467041,10.412516593933105,-11.87462329864502,10.237663269042969,-9.36855411529541,10.103558540344238,-11.340802192687988,8.858989715576172,-6.292093276977539,8.215266227722168,-2.711311101913452,8.918309211730957,-6.734103679656982,7.287747383117676,-9.161444664001465,7.627629280090332
Q1_6Uf9XBUD3wE_0.wav,Happy,95.703125,0.014238439500331879,0.009531575255095959,0.05148431974893918,793.3251719405862,1452.0140392945545,0.08057404309511185,0.20143966376781464,0.13027960062026978,0.20706772804260254,0.6284046173095703,0.18824340403079987,0.14042943716049194,0.11979225277900696,0.2552626430988312,0.6909805536270142,0.2461269199848175,0.12148705869913101,-470.1065673828125,129.09815979003906,173.11463928222656,65.24922943115234,-23.683853149414062,22.23184585571289,24.930635452270508,16.25867462158203,10.437155723571777,14.340807914733887,-8.06134033203125,8.301488876342773,-6.3201799392700195,7.397802352905273,-10.20981216430664,7.644485950469971,-10.564265251159668,8.183319091796875,-4.121017932891846,6.739089012145996,-2.124143362045288,6.308162689208984,-3.6220619678497314,8.375598907470703,-6.4216485023498535,6.479226112365723
Q1_6Uf9XBUD3wE_1.wav,Happy,143.5546875,0.017449062317609787,0.007313260808587074,0.05816769548196855,818.6719382647212,1434.3577221520811,0.11478874087333679,0.2590380609035492,0.1676773726940155,0.18896907567977905,0.5480526685714722,0.18150721490383148,0.23284798860549927,0.16184793412685394,0.31350117921829224,0.6518979668617249,0.22700434923171997,0.15062303841114044,-424.4898376464844,95.81367492675781,200.312255859375,51.513301849365234,-36.60126495361328,14.435030937194824,20.004602432250977,13.123563766479492,3.215008497238159,13.422825813293457,-4.172287464141846,7.92295503616333,2.657057285308838,8.246150016784668,-4.2872467041015625,7.895043849945068,-2.2580366134643555,9.29828929901123,0.8947882056236267,9.047475814819336,1.127455711364746,7.1867170333862305,-5.400764465332031,7.906311511993408,-7.606157302856445,7.619624614715576
Q1_6wFJhmhNeeg_0.wav,Happy,99.38401442307692,0.0385909341275692,0.018316905945539474,0.058787361520235656,966.6896286148364,1844.9829351706583,0.0856425017118454,0.26337000727653503,0.6152429580688477,0.21190814673900604,0.2754620909690857,0.1617117077112198,0.3699372708797455,0.24899256229400635,0.2018030732870102,0.44995805621147156,0.1686038076877594,0.1652885526418686,-323.2491455078125,124.59651184082031,172.41567993164062,48.240299224853516,-39.63002014160156,16.988903045654297,36.196807861328125,15.048073768615723,-1.8354802131652832,11.126032829284668,2.3351380825042725,6.233458518981934,-10.04679012298584,8.420267105102539,-9.288460731506348,8.797956466674805,-14.146291732788086,8.458205223083496,-11.006912231445312,8.716147422790527,-1.1730045080184937,7.833354949951172,1.1841795444488525,8.618017196655273,-7.472942352294922,7.027919769287109
Q1_7yW9c7t8Hq0_1.wav,Happy,161.4990234375,0.025417489930987358,0.014030326157808304,0.059066694031981726,985.3385028331041,1873.0689327080954,0.18835796415805817,0.14677587151527405,0.28546878695487976,0.12166430056095123,0.1963382512331009,0.2684664726257324,0.17822934687137604,0.27664414048194885,0.1877823919057846,0.39245709776878357,0.395455539226532,0.1521328240633011,-388.0748291015625,137.36837768554688,163.3709716796875,58.17551040649414,-32.230308532714844,22.3414249420166,28.12757682800293,16.413557052612305,-0.15393386781215668,11.4293794631958,-1.2270212173461914,6.588929176330566,-9.808457374572754,8.107098579406738,-7.586607456207275,8.544330596923828,-8.647398948669434,9.342982292175293,-6.868204116821289,9.014496803283691,-1.6339585781097412,8.349282264709473,-4.798586845397949,10.428536415100098,-8.856553077697754,8.940255165100098
Q1_7yW9c7t8Hq0_2.wav,Happy,161.4990234375,0.02499205246567726,0.014482845552265644,0.05924148016276704,966.9338524986472,1842.9070318460706,0.21316535770893097,0.17391663789749146,0.35204604268074036,0.14752011001110077,0.16770976781845093,0.2027195692062378,0.15912535786628723,0.40045493841171265,0.20212040841579437,0.41073715686798096,0.3045365512371063,0.13106440007686615,-395.69378662109375,143.47207641601562,157.87637329101562,63.236202239990234,-36.17737579345703,19.380247116088867,29.67716407775879,15.81203842163086,-0.8189194202423096,11.354114532470703,-1.5456613302230835,6.801508903503418,-8.67651081085205,8.705280303955078,-7.317223072052002,7.517665863037109,-11.451606750488281,8.78972053527832,-8.662850379943848,9.709630012512207,-1.938328742980957,7.437317371368408,-4.4987287521362305,9.394464492797852,-7.461091041564941,8.067059516906738
Q1_7yW9c7t8Hq0_3.wav,Happy,161.4990234375,0.02716309018433094,0.014191442169249058,0.06004932593885575,986.6526544516128,1840.8202860205397,0.22982333600521088,0.1996799260377884,0.33574894070625305,0.16585499048233032,0.17237220704555511,0.2408185601234436,0.1743454933166504,0.3080521821975708,0.2010500431060791,0.35391440987586975,0.34530800580978394,0.13470058143138885,-369.070556640625,118.6862564086914,167.08982849121094,47.988067626953125,-35.04482650756836,18.43840980529785,28.321943283081055,16.17952537536621,-1.4713717699050903,12.158848762512207,-1.674512505531311,8.266008377075195,-8.826811790466309,8.879988670349121,-6.28933048248291,8.819276809692383,-10.132428169250488,9.346807479858398,-8.603658676147461,9.170051574707031,-4.63508939743042,9.337250709533691,-5.556093215942383,10.507579803466797,-7.500852584838867,9.493788719177246
Q1_8izVTDgBQPc_0.wav,Happy,135.99917763157896,0.01741856522858143,0.00899801217019558,0.054904101986171364,837.8482874432776,1485.0027882871814,0.05703442171216011,0.22290989756584167,0.6161367893218994,0.21012341976165771,0.16268818080425262,0.0666775107383728,0.1314673274755478,0.11500963568687439,0.19293847680091858,0.6804792284965515,0.18287065625190735,0.0648331567645073,-444.0097351074219,119.82765197753906,180.5976104736328,56.026798248291016,-33.54492950439453,25.965045928955078,23.786422729492188,14.107916831970215,2.479619264602661,13.101344108581543,-7.221161842346191,7.49654483795166,-6.585826396942139,9.108529090881348,-9.679610252380371,8.697303771972656,-10.367751121520996,10.14537239074707,-11.06846809387207,8.024676322937012,0.14854884147644043,10.069413185119629,-1.1718699932098389,10.590173721313477,-6.052573204040527,7.333038806915283
Q1_8izVTDgBQPc_1.wav,Happy,135.99917763157896,0.019071318209171295,0.010284287855029106,0.05069353894094766,812.3945327393974,1510.7354192450496,0.09127677232027054,0.23096920549869537,0.5107011198997498,0.19895116984844208,0.18080735206604004,0.09793704003095627,0.19412635266780853,0.21971386671066284,0.2652606964111328,0.7285953164100647,0.25855356454849243,0.1284753382205963,-435.55047607421875,132.59329223632812,182.1034698486328,68.88416290283203,-35.92620849609375,20.185834884643555,24.18821907043457,13.701075553894043,4.238255500793457,11.463756561279297,-4.247068881988525,6.877319812774658,-4.510484218597412,8.218688011169434,-10.440305709838867,8.439760208129883,-8.2030029296875,8.30205249786377,-8.358141899108887,7.775505065917969,2.3280985355377197,6.972517967224121,-0.0957319587469101,8.450262069702148,-4.826053619384766,6.799858093261719
Q1_8rupdevqfuI_0.wav,Happy,99.38401442307692,0.017530532553792,0.008607459254562855,0.06006865594495662,921.6148755733852,1691.267285791757,0.24635601043701172,0.4272748529911041,0.1584918349981308,0.21215668320655823,0.12376286089420319,0.22959214448928833,0.22033490240573883,0.2035880982875824,0.5139767527580261,0.2464553564786911,0.2769227921962738,0.11684738844633102,-419.775634765625,111.52587890625,171.3285369873047,51.54198455810547,-35.691261291503906,17.639034271240234,26.82288932800293,14.160406112670898,2.7903387546539307,12.886951446533203,-6.723196506500244,9.313478469848633,-9.979534149169922,10.377310752868652,-10.910730361938477,9.811958312988281,-7.3821587562561035,8.727235794067383,-3.0676398277282715,7.385717868804932,-3.446991443634033,8.137006759643555,-4.094769477844238,8.760945320129395,-7.587471008300781,8.76478385925293
Q1_8rupdevqfuI_1.wav,Happy,184.5703125,0.017664292827248573,0.010972382500767708,0.06261751545009328,974.5783468882287,1855.541422829699,0.20636504888534546,0.2484407275915146,0.16274666786193848,0.3268736004829407,0.17172488570213318,0.2594633996486664,0.2959224581718445,0.16024789214134216,0.2960946559906006,0.20543158054351807,0.3476824462413788,0.11286180466413498,-438.4551696777344,140.3489990234375,165.1214141845703,71.00833892822266,-30.64126968383789,20.25885772705078,21.720989227294922,16.404932022094727,2.812711238861084,10.451334953308105,-3.6627185344696045,8.524543762207031,-4.600636005401611,7.613392353057861,-6.24527645111084,8.906160354614258,-6.755304336547852,7.014596939086914,-5.37784481048584,9.194765090942383,-3.024001121520996,9.414097785949707,-1.6771847009658813,7.950026512145996,-5.180767059326172,7.723368167877197
Q1_8rupdevqfuI_2.wav,Happy,92.28515625,0.014130552299320698,0.009017654694616795,0.05905751359176096,899.388575464326,1646.0336817373143,0.3442405164241791,0.30570024251937866,0.17419490218162537,0.35687997937202454,0.1320675015449524,0.21130099892616272,0.24478870630264282,0.21311898529529572,0.38432422280311584,0.1965074986219406,0.35669881105422974,0.1955687701702118,-458.5893249511719,130.5559844970703,169.7082061767578,62.04435729980469,-33.414974212646484,24.403913497924805,21.00074005126953,15.494644165039062,0.7806209921836853,12.695098876953125,-9.691617965698242,9.487524032592773,-10.470113754272461,8.541837692260742,-14.494538307189941,9.191998481750488,-13.746549606323242,10.61292552947998,-9.213226318359375,9.439714431762695,-7.545907974243164,7.928786277770996,-3.7836780548095703,9.658912658691406,-5.932135581970215,9.86807632446289
Q1_94ROf10d1iA_0.wav,Happy,184.5703125,0.007693257182836533,0.006346949376165867,0.07423111835765418,1040.1839090373376,1707.6802392363022,0.06947508454322815,0.24201828241348267,0.08908601105213165,0.15657250583171844,0.08074425160884857,0.29170167446136475,0.35222914814949036,0.13602390885353088,0.3125828802585602,0.12470705807209015,0.24892693758010864,0.06077152118086815,-563.0244750976562,129.013671875,127.82450866699219,68.55372619628906,-21.514089584350586,19.838104248046875,11.484628677368164,18.15767478942871,5.223316669464111,15.658390045166016,-8.251293182373047,9.405777931213379,-8.953511238098145,13.389286041259766,-6.381130218505859,14.10293197631836,-1.740723967552185,16.81866455078125,0.6302447319030762,15.391366004943848,1.071909785270691,16.81195831298828,-4.48421049118042,18.455650329589844,-11.046343803405762,13.300766944885254
Q1_94ROf10d1iA_1.wav,Happy,184.5703125,0.009532112628221512,0.006829090882092714,0.07524751183184855,1036.053449507906,1967.88418436369,0.08439584076404572,0.23336449265480042,0.10114940255880356,0.17955198884010315,0.08167250454425812,0.2283076047897339,0.4244534969329834,0.1491871476173401,0.2532750964164734,0.11151207983493805,0.22855721414089203,0.13966214656829834,-523.8746337890625,133.98399353027344,135.74664306640625,70.36176300048828,-25.22804069519043,18.921072006225586,17.57350730895996,17.15252113342285,7.605785369873047,13.892862319946289,-6.877435207366943,9.434168815612793,-7.41876745223999,8.780207633972168,-9.32670783996582,10.187796592712402,-9.932158470153809,10.729348182678223,-6.810780048370361,9.902322769165039,-4.799403190612793,12.00749683380127,-4.951283931732178,12.244100570678711,-8.238859176635742,11.79004955291748
Q1_94ROf10d1iA_2.wav,Happy,184.5703125,0.008879652246832848,0.006631266791373491,0.055126108691505596,789.7095155002178,1489.131619365145,0.09858012944459915,0.28694435954093933,0.1455264389514923,0.231858491897583,0.10668021440505981,0.22400052845478058,0.3133366107940674,0.179357647895813,0.3974543511867523,0.2021312564611435,0.3531237840652466,0.09973948448896408,-517.3677978515625,110.0383529663086,150.79576110839844,56.74494552612305,-22.47217559814453,22.71027183532715,16.57293128967285,18.483108520507812,14.91454029083252,13.22061538696289,-9.763527870178223,8.788610458374023,-15.742511749267578,10.893589973449707,-13.436332702636719,9.515240669250488,-12.149147033691406,10.49064826965332,-14.406116485595703,8.66784954071045,-9.887480735778809,10.412432670593262,-10.814781188964844,8.939306259155273,-12.47148609161377,9.256675720214844
Q1_94ROf10d1iA_3.wav,Happy,184.5703125,0.01536115724593401,0.00924074836075306,0.0696436914155197,1014.8217713785507,1821.5791924055231,0.1377791464328766,0.35660260915756226,0.14622153341770172,0.1934693306684494,0.10863127559423447,0.23732823133468628,0.35325196385383606,0.14458851516246796,0.2531169652938843,0.11741393059492111,0.2646360695362091,0.1936577558517456,-457.7584228515625,134.36407470703125,149.84373474121094,59.486602783203125,-35.336116790771484,21.491947174072266,24.667102813720703,16.849292755126953,4.506767749786377,14.031546592712402,-3.6690948009490967,9.023204803466797,-8.269510269165039,9.537078857421875,-10.695229530334473,11.652029037475586,-11.194234848022461,10.380645751953125,-8.131382942199707,10.211400985717773,-5.5580735206604,11.03118896484375,-5.74690580368042,10.263239860534668,-8.883439064025879,11.198969841003418
Q1_9v2WSpn4FCw_0.wav,Happy,92.28515625,0.01854296401143074,0.013179988600313663,0.05427040407509157,874.1605332998136,1690.9874549278845,0.3265843093395233,0.19059956073760986,0.34701937437057495,0.22553321719169617,0.16954511404037476,0.2938673198223114,0.21209247410297394,0.36974623799324036,0.20336392521858215,0.34118562936782837,0.32000309228897095,0.2693794369697571,-430.6042175292969,145.4556884765625,156.95021057128906,67.4744873046875,-25.197250366210938,26.719205856323242,24.002899169921875,17.04437255859375,5.344226837158203,10.766084671020508,0.7688606977462769,6.920876979827881,-2.451688766479492,8.716367721557617,-3.936338186264038,6.929006576538086,-5.919548988342285,7.252889633178711,-8.946008682250977,6.6222004890441895,-5.235841274261475,5.8937835693359375,-5.672504425048828,7.3257598876953125,-5.677428245544434,7.054279327392578
Q1_9v2WSpn4FCw_1.wav,Happy,123.046875,0.016220305114984512,0.012552442029118538,0.06433887811546286,972.7139678579852,1815.0321580143693,0.21657772362232208,0.2103872448205948,0.48113590478897095,0.1807316541671753,0.216742143034935,0.2605989873409271,0.19993393123149872,0.34989309310913086,0.16735586524009705,0.13410839438438416,0.18379946053028107,0.2105802595615387,-460.86859130859375,164.1944122314453,137.77984619140625,68.312744140625,-26.80817413330078,26.85369300842285,23.65485191345215,17.014673233032227,-4.217911720275879,14.165571212768555,-1.7774239778518677,8.067440032958984,-7.181175231933594,10.933602333068848,-6.825469970703125,10.706320762634277,-7.67120361328125,10.947831153869629,-3.1535463333129883,11.69318675994873,0.9497760534286499,10.511499404907227,-0.8177233338356018,12.278069496154785,-4.383297443389893,9.602057456970215
Q1_9v2WSpn4FCw_10.wav,Happy,92.28515625,0.023628627881407738,0.013822037726640701,0.06137909410360679,945.662852680545,1757.2479550201115,0.3590577244758606,0.2690541446208954,0.2720497250556946,0.3008219003677368,0.1904517412185669,0.1965639740228653,0.21840645372867584,0.3144119381904602,0.4458126425743103,0.2407526969909668,0.2689441740512848,0.18917010724544525,-388.2459411621094,138.4517059326172,168.15354919433594,61.44096374511719,-34.659950256347656,19.40172576904297,25.79317283630371,15.860424041748047,-1.7024296522140503,11.76673412322998,1.2406795024871826,7.882760524749756,-3.1546266078948975,9.256948471069336,-6.039724826812744,9.485475540161133,-7.7892842292785645,10.166597366333008,-3.175062894821167,7.871225833892822,-0.12021422386169434,7.229215621948242,1.6747362613677979,8.651886940002441,-3.685215950012207,8.377142906188965
Q1_9v2WSpn4FCw_2.wav,Happy,117.45383522727273,0.01862669363617897,0.01415396947413683,0.05319590599890431,886.9050501804834,1713.9344376312545,0.2329978346824646,0.20442934334278107,0.43895620107650757,0.23642762005329132,0.15102946758270264,0.19802293181419373,0.2397083342075348,0.5121164321899414,0.22986748814582825,0.27464550733566284,0.26334524154663086,0.15608461201190948,-441.77197265625,143.1071014404297,154.79910278320312,58.82685470581055,-23.594797134399414,30.443561553955078,26.767913818359375,16.482744216918945,4.247828483581543,11.083419799804688,-0.023967109620571136,8.707292556762695,-5.959771633148193,11.448542594909668,-3.8076610565185547,8.738199234008789,-7.142518997192383,9.090411186218262,-9.021230697631836,8.313989639282227,-2.6321861743927,7.001277923583984,-4.646389484405518,9.456686019897461,-7.176682949066162,8.671935081481934
Q1_9Yb9OEVwups_0.wav,Happy,161.4990234375,0.01487573329359293,0.007936963811516762,0.04990103153730552,789.5551441761723,1531.3472936649134,0.287653386592865,0.1645294576883316,0.2612672448158264,0.19528332352638245,0.3847622871398926,0.2539151906967163,0.23929916322231293,0.5264701843261719,0.2312561571598053,0.18720290064811707,0.11834259331226349,0.22280733287334442,-449.8199157714844,107.14234924316406,181.97994995117188,58.78366470336914,-34.793983459472656,16.384645462036133,22.028894424438477,12.61017894744873,14.395040512084961,10.880404472351074,-5.886102676391602,7.887740612030029,-4.583342552185059,6.914350986480713,-9.767083168029785,7.816514015197754,-4.592750549316406,6.0605363845825195,-5.952986717224121,7.445789337158203,-1.9762455224990845,6.451216697692871,-5.9817070960998535,6.211084365844727,-12.321014404296875,8.98024845123291
Q1_ANZf1QXsNrY_0.wav,Happy,89.10290948275862,0.017182227224111557,0.011845638044178486,0.07799011567679558,1041.208431054043,1802.3826371503799,0.12482272833585739,0.18867437541484833,0.25600963830947876,0.45256707072257996,0.2198638617992401,0.21062228083610535,0.11858699470758438,0.1946846842765808,0.3506859540939331,0.14506879448890686,0.15474185347557068,0.08730801939964294,-448.7765197753906,151.46395874023438,149.48789978027344,74.9654312133789,-35.34718704223633,21.83622169494629,20.296844482421875,17.988693237304688,0.3079167604446411,11.998775482177734,-4.193037033081055,9.348909378051758,-4.336392879486084,8.61605167388916,-6.5015177726745605,10.626651763916016,-13.038071632385254,10.322549819946289,-8.162338256835938,9.810441970825195,1.878697395324707,11.131324768066406,0.0568503700196743,11.6947660446167,-5.799890995025635,8.727043151855469
Q1_ANZf1QXsNrY_1.wav,Happy,107.666015625,0.022309748455882072,0.013516491279006004,0.05996159612584304,930.9012019628007,1730.254262506706,0.15322694182395935,0.22636136412620544,0.24758213758468628,0.4423060119152069,0.1446414738893509,0.17205852270126343,0.08984328806400299,0.2260156124830246,0.44475677609443665,0.18712978065013885,0.3075491189956665,0.09901414066553116,-406.28564453125,122.13500213623047,164.83541870117188,53.00092697143555,-29.7268123626709,21.4758243560791,27.27167510986328,15.61775016784668,3.6797730922698975,13.468034744262695,-5.163272857666016,10.870878219604492,-9.488748550415039,9.192052841186523,-10.763110160827637,9.247556686401367,-13.539098739624023,11.11547565460205,-8.87367057800293,9.867162704467773,-4.710973262786865,8.816841125488281,-4.5216779708862305,10.044013023376465,-5.374709129333496,7.919695854187012
Q1_ANZf1QXsNrY_2.wav,Happy,69.83741554054055,0.02704584039747715,0.016989339143037796,0.05691118452609363,934.2914135968995,1768.044540393563,0.2896619737148285,0.18673820793628693,0.24730552732944489,0.3469978868961334,0.15377715229988098,0.16967077553272247,0.15071170032024384,0.3498677909374237,0.6097525954246521,0.29208651185035706,0.3144250512123108,0.1991790235042572,-376.136474609375,148.48753356933594,162.15538024902344,61.824127197265625,-31.412342071533203,20.631404876708984,25.894750595092773,16.616905212402344,-1.5296412706375122,13.519696235656738,1.533596396446228,9.083244323730469,-5.778583526611328,8.789895057678223,-3.109699249267578,8.353877067565918,-7.282366752624512,9.794708251953125,-2.6949195861816406,8.323753356933594,-1.1914267539978027,8.526350975036621,-2.267388105392456,10.018630981445312,-6.54733943939209,9.319091796875
Q1_ANZf1QXsNrY_3.wav,Happy,89.10290948275862,0.0219805259257555,0.011272693984210491,0.0622439205350815,941.224724880121,1759.0536202715273,0.22441937029361725,0.22177675366401672,0.3926367461681366,0.22238533198833466,0.16420502960681915,0.2596711814403534,0.14635628461837769,0.2623758018016815,0.15541484951972961,0.25290992856025696,0.3604501783847809,0.14983581006526947,-394.4653625488281,120.042724609375,172.56729125976562,58.5681037902832,-35.91867446899414,15.757676124572754,25.903133392333984,13.62395191192627,2.4576053619384766,13.528519630432129,-4.679713249206543,8.828694343566895,-8.831096649169922,8.18753433227539,-13.31839370727539,9.247454643249512,-11.226210594177246,8.377639770507812,-5.364392280578613,7.472487449645996,0.6275241374969482,8.816568374633789,-1.619784951210022,9.277226448059082,-7.435498237609863,10.27099895477295
Q1_ANZf1QXsNrY_4.wav,Happy,112.34714673913044,0.019782109186053276,0.011770645156502724,0.060392500365925056,935.8216927196581,1739.7315253586066,0.12829892337322235,0.30306532979011536,0.5114750266075134,0.24886594712734222,0.35072097182273865,0.1368013173341751,0.18794003129005432,0.17182426154613495,0.24093712866306305,0.6495368480682373,0.22745856642723083,0.2134367674589157,-411.3541259765625,119.75234985351562,165.84751892089844,51.37931442260742,-29.687320709228516,23.830289840698242,24.270280838012695,14.504873275756836,3.296121597290039,13.910514831542969,-4.460634708404541,9.656087875366211,-6.103047847747803,8.058463096618652,-7.3394341468811035,8.939118385314941,-9.417289733886719,10.484795570373535,-6.899998188018799,8.422795295715332,-0.04309110715985298,7.75976037979126,2.9206626415252686,8.967219352722168,-2.4829800128936768,7.317483901977539
Q1_ANZf1QXsNrY_5.wav,Happy,151.99908088235293,0.02510976418852806,0.015217932872474194,0.06293116578268348,1000.6460489279752,1877.9323752866972,0.2638517916202545,0.17077630758285522,0.33597075939178467,0.1751682460308075,0.21537238359451294,0.2426459640264511,0.1510712206363678,0.2760941684246063,0.19993017613887787,0.3725194036960602,0.4031888544559479,0.17657743394374847,-383.1739196777344,143.4908447265625,158.0062713623047,54.900184631347656,-29.73238182067871,25.48108673095703,26.777772903442383,18.69920539855957,-2.609398603439331,12.182938575744629,0.61800616979599,7.978722095489502,-10.230061531066895,9.022870063781738,-5.7926130294799805,9.020325660705566,-9.212888717651367,10.145760536193848,-7.426665306091309,9.150799751281738,-3.0028955936431885,10.141767501831055,-2.182230234146118,8.066889762878418,-6.580681800842285,8.562298774719238
Q1_aYe-2Glruu4_0.wav,Happy,172.265625,0.023171428591012955,0.011859821155667305,0.05948992687365205,921.7311988912833,1733.3531898701474,0.17761464416980743,0.15516191720962524,0.4099884629249573,0.42256802320480347,0.17583446204662323,0.2304600030183792,0.17373616993427277,0.335990846157074,0.2650235891342163,0.20771165192127228,0.28552135825157166,0.1496727466583252,-391.358642578125,125.69251251220703,171.1466522216797,57.927799224853516,-38.66410827636719,16.7733211517334,30.08265495300293,13.416705131530762,-0.10729019343852997,11.947793006896973,-1.5898600816726685,7.6749677658081055,-7.13833475112915,9.51714038848877,-9.232902526855469,9.911761283874512,-7.322155952453613,8.116280555725098,-5.122567653656006,8.441810607910156,1.5654228925704956,7.5738139152526855,-1.1533946990966797,9.4971342086792,-8.29627513885498,8.253518104553223
Q1_aYe-2Glruu4_1.wav,Happy,129.19921875,0.026256131008267403,0.017105253413319588,0.06578266189759036,994.1838811975144,1805.1264340450036,0.3715493381023407,0.20762431621551514,0.337004691362381,0.3437209129333496,0.25971850752830505,0.2704840302467346,0.15680314600467682,0.3116765320301056,0.23444244265556335,0.20652514696121216,0.34359776973724365,0.22797295451164246,-383.4364929199219,157.51524353027344,159.49066162109375,56.52824783325195,-30.82522964477539,29.474891662597656,23.56346321105957,16.0117130279541,-3.6000585556030273,12.235570907592773,1.4050798416137695,9.388816833496094,-8.087092399597168,8.615788459777832,-5.502095699310303,8.293086051940918,-9.913352012634277,9.16357135772705,-4.127695560455322,9.010126113891602,-1.9668939113616943,8.1889009475708,-1.9806073904037476,8.500046730041504,-7.925083637237549,8.102575302124023
Q1_aYe-2Glruu4_3.wav,Happy,123.046875,0.01725054532289505,0.007835406810045242,0.06145368303571429,939.7320374520428,1681.9883440980816,0.1838834583759308,0.11083885282278061,0.31693726778030396,0.38632336258888245,0.15404485166072845,0.20556282997131348,0.1118791475892067,0.2797325849533081,0.21678601205348969,0.1406150758266449,0.26761430501937866,0.11654947698116302,-434.6811218261719,103.94233703613281,162.08763122558594,52.64918518066406,-38.25066375732422,16.309677124023438,21.955175399780273,13.406147003173828,1.4786808490753174,14.864798545837402,-8.212698936462402,9.439717292785645,-9.505003929138184,10.301534652709961,-12.337520599365234,11.4326753616333,-10.12427043914795,12.185192108154297,-8.748151779174805,10.683747291564941,-2.6765129566192627,9.2168550491333,-4.5690107345581055,10.997682571411133,-9.75588321685791,10.333589553833008
Q1_aYe-2Glruu4_4.wav,Happy,129.19921875,0.025037948042154312,0.015020708553493023,0.06309755502797408,987.6347931008473,1820.7984519931538,0.39572328329086304,0.1905365139245987,0.29919177293777466,0.36493027210235596,0.16979926824569702,0.20228585600852966,0.1425599753856659,0.318272203207016,0.26745593547821045,0.18354997038841248,0.3132440745830536,0.21047773957252502,-382.18798828125,135.9962921142578,164.4274139404297,49.340885162353516,-34.901092529296875,27.124277114868164,25.29151725769043,15.494512557983398,-4.905078411102295,13.594508171081543,-2.2562077045440674,9.508330345153809,-8.965408325195312,9.318490982055664,-6.582857131958008,8.906916618347168,-13.173402786254883,10.877062797546387,-8.468851089477539,9.786775588989258,-2.4001851081848145,8.205753326416016,-0.858346164226532,10.436330795288086,-6.1017889976501465,10.066666603088379
Q1_BGf5nCdzPOc_0.wav,Happy,95.703125,0.023284155875444412,0.011374072171747684,0.055791163909978306,906.3067966839982,1687.2035359612255,0.11618785560131073,0.2072734832763672,0.09428051114082336,0.0982518419623375,0.28234514594078064,0.13485820591449738,0.2094508409500122,0.10788099467754364,0.2722316384315491,0.7545744776725769,0.24548405408859253,0.2634951174259186,-398.14605712890625,116.41847229003906,168.46485900878906,52.81963348388672,-34.868064880371094,20.074905395507812,27.69420623779297,13.520883560180664,1.2325258255004883,12.864401817321777,-6.858871936798096,6.862005233764648,-6.577877044677734,7.4616217613220215,-7.321108818054199,7.47479772567749,-11.77710247039795,8.696915626525879,-3.708346128463745,7.9640045166015625,-2.245968818664551,8.07681655883789,-6.477740287780762,8.891691207885742,-4.143956184387207,7.232980728149414
Q1_BGf5nCdzPOc_1.wav,Happy,95.703125,0.02185913920402527,0.012520648539066315,0.05570053998161765,901.2015686388163,1673.4655474494484,0.1142011284828186,0.23448863625526428,0.2096286565065384,0.12301424890756607,0.21659471094608307,0.12733973562717438,0.23871751129627228,0.10354208201169968,0.2463407665491104,0.7541044354438782,0.23935776948928833,0.2392507940530777,-409.5041198730469,122.95938110351562,166.62586975097656,49.849884033203125,-31.481704711914062,25.387035369873047,25.559242248535156,19.97246742248535,-1.1409075260162354,12.6152925491333,-6.098031997680664,7.0576581954956055,-5.834055423736572,7.742693901062012,-5.379578590393066,8.299593925476074,-11.656058311462402,9.287657737731934,-3.3044886589050293,7.574002265930176,-5.2372727394104,8.186614036560059,-8.08616828918457,9.200678825378418,-5.097875595092773,8.725892066955566
Q1_biROWEwkDQQ_3.wav,Happy,129.19921875,0.02010011114180088,0.008830242790281773,0.05593617397454031,877.9426751846712,1652.2469397818688,0.13492022454738617,0.23724977672100067,0.15278831124305725,0.31765779852867126,0.40042173862457275,0.19229526817798615,0.3015666902065277,0.25302088260650635,0.540794312953949,0.37439337372779846,0.18901795148849487,0.2560461163520813,-399.765380859375,111.65418243408203,181.59185791015625,55.746673583984375,-37.89643096923828,16.172138214111328,28.46694564819336,13.608195304870605,2.0347089767456055,11.757980346679688,-2.032954454421997,8.714556694030762,-7.294182777404785,9.824384689331055,-9.952909469604492,8.163822174072266,-8.002617835998535,8.457843780517578,-4.841023921966553,9.253557205200195,-0.5800718069076538,8.003265380859375,-4.024006366729736,8.922106742858887,-7.071635723114014,7.9806742668151855
Q1_bIx4DwkZxFY_0.wav,Happy,184.5703125,0.009831199422478676,0.00571140181273222,0.06020604501856436,914.6868211900436,1701.0925897277227,0.1139163002371788,0.1214740201830864,0.05913064628839493,0.1866104155778885,0.36276525259017944,0.1380922496318817,0.2800871729850769,0.12723354995250702,0.2755100727081299,0.21531528234481812,0.10991305112838745,0.2937040328979492,-517.3014526367188,113.72579193115234,149.44052124023438,59.820194244384766,-29.240467071533203,17.362628936767578,20.326812744140625,15.110595703125,8.205094337463379,16.43145751953125,-11.073046684265137,9.67994499206543,-13.274518013000488,11.292790412902832,-13.791176795959473,12.56933879852295,-11.831456184387207,11.889209747314453,-6.544397830963135,10.547636032104492,-3.7497498989105225,11.478209495544434,-5.968635559082031,9.521500587463379,-6.70113468170166,12.608086585998535
Q1_bIx4DwkZxFY_1.wav,Happy,80.74951171875,0.00964925717562437,0.006813588552176952,0.055358956633018326,916.4640719993848,1667.8982764175257,0.0528772808611393,0.10071421414613724,0.30692243576049805,0.13683608174324036,0.2057413011789322,0.1234692633152008,0.3011924922466278,0.3577398359775543,0.11640506982803345,0.12106258422136307,0.06457296758890152,0.10084135085344315,-540.43994140625,132.8572235107422,139.32566833496094,63.0125617980957,-22.689626693725586,25.765033721923828,21.899282455444336,17.668622970581055,4.407721996307373,15.693235397338867,-3.6530399322509766,8.832565307617188,-12.723199844360352,10.375946998596191,-10.795866012573242,9.233244895935059,-6.130762100219727,9.604874610900879,-9.48463249206543,7.90826416015625,-0.5922929644584656,9.889412879943848,-9.127815246582031,9.7033052444458,-15.64505672454834,9.846856117248535
Q1_bIx4DwkZxFY_2.wav,Happy,78.30255681818181,0.009631595574319363,0.005728784948587418,0.04600673228002793,733.4860269736371,1361.9991571010823,0.05245448276400566,0.17624157667160034,0.4368385672569275,0.2199450433254242,0.36395907402038574,0.1481771320104599,0.2736443281173706,0.2244957834482193,0.15492355823516846,0.3577035367488861,0.13758620619773865,0.07831814885139465,-524.189453125,120.4024658203125,171.1343231201172,63.358272552490234,-22.99237823486328,27.96371078491211,22.071718215942383,11.596148490905762,15.693377494812012,14.076354026794434,-8.978392601013184,7.087247371673584,-10.145442962646484,10.756646156311035,-12.939906120300293,10.540999412536621,-9.472824096679688,9.18974494934082,-11.439791679382324,7.859034061431885,-6.548407077789307,7.442776679992676,-8.861908912658691,7.888546943664551,-13.826108932495117,8.00622272491455
Q1_bQS8eAXAhyE_0.wav,Happy,99.38401442307692,0.012066408060491085,0.00596235878765583,0.05896525682958243,903.1902530574607,1681.1079112154284,0.1540965437889099,0.1428496241569519,0.36430323123931885,0.14719241857528687,0.16213038563728333,0.07340481877326965,0.1991409957408905,0.38878917694091797,0.15339843928813934,0.2780163884162903,0.10845627635717392,0.22172659635543823,-487.0638427734375,100.42265319824219,159.66390991210938,51.91442108154297,-33.64128112792969,13.970425605773926,20.76280975341797,12.979883193969727,9.988052368164062,15.693757057189941,-10.542363166809082,7.890729904174805,-11.813968658447266,9.746816635131836,-8.475699424743652,10.839554786682129,-7.179082870483398,11.598370552062988,-10.300617218017578,10.821249961853027,-9.019224166870117,9.437227249145508,-14.159285545349121,10.08413028717041,-15.575302124023438,11.887832641601562
Q1_bQS8eAXAhyE_1.wav,Happy,103.359375,0.014199885539710522,0.008471080102026463,0.07428957322522983,1019.0022327327641,1833.6325282095888,0.1754482388496399,0.11372698098421097,0.2902802526950836,0.1222056970000267,0.21096013486385345,0.08825181424617767,0.22909674048423767,0.41847527027130127,0.1349218636751175,0.16521848738193512,0.08690322935581207,0.2849636375904083,-470.85723876953125,133.83094787597656,141.64332580566406,61.97417449951172,-33.72248077392578,17.79063606262207,19.822179794311523,13.722492218017578,3.7170522212982178,14.081500053405762,-2.6157283782958984,7.969266891479492,-4.546246528625488,8.949458122253418,-4.988511562347412,10.209856986999512,-7.784108638763428,11.798676490783691,-6.9905009269714355,11.342514991760254,-3.7459022998809814,11.383149147033691,-8.478885650634766,11.111957550048828,-10.566411018371582,10.271930694580078
Q1_bQS8eAXAhyE_2.wav,Happy,103.359375,0.015115706250071526,0.007893708534538746,0.06427015192855207,941.3494562121376,1672.2680875898184,0.17521896958351135,0.15161238610744476,0.4127257466316223,0.13500596582889557,0.07984998822212219,0.06517772376537323,0.2612571716308594,0.4404177665710449,0.1566256731748581,0.2827755808830261,0.11537741869688034,0.30123358964920044,-461.6261291503906,116.68717193603516,156.80740356445312,52.52088928222656,-34.943092346191406,19.12006378173828,20.935504913330078,15.732813835144043,0.3458174765110016,14.784536361694336,-7.120321273803711,8.510537147521973,-7.944058418273926,10.194018363952637,-4.977817535400391,11.914201736450195,-3.7899045944213867,12.237420082092285,-9.124567031860352,11.483061790466309,-10.498682975769043,10.627823829650879,-15.65344524383545,10.918896675109863,-13.366433143615723,10.277695655822754
Q1_cB-Xh8H_7-Q_0.wav,Happy,135.99917763157896,0.01590932160615921,0.0065970104187726974,0.050646462912087915,812.0961388680676,1514.3426231971155,0.11839883774518967,0.18871614336967468,0.4155527353286743,0.19759896397590637,0.24578891694545746,0.1267348676919937,0.28177085518836975,0.2548259496688843,0.23185120522975922,0.5583328604698181,0.2350463569164276,0.2562881112098694,-434.5212707519531,93.77765655517578,194.63987731933594,49.40115737915039,-34.14786911010742,17.481365203857422,24.005409240722656,11.112993240356445,9.15585994720459,12.01882553100586,-6.589344024658203,7.411768913269043,-4.995662212371826,8.002528190612793,-9.521066665649414,8.632135391235352,-8.254955291748047,7.9406633377075195,-6.948235034942627,7.877566337585449,1.3430469036102295,6.912334442138672,-1.6379414796829224,8.259854316711426,-7.643082141876221,6.922152042388916
Q1_Cg2u_Ldjv8g_0.wav,Happy,123.046875,0.007317756302654743,0.004826794844120741,0.0549910355153819,813.3587279205182,1496.283502862005,0.26421433687210083,0.17899833619594574,0.3020762503147125,0.15668216347694397,0.2956638038158417,0.41354531049728394,0.19295890629291534,0.23831027746200562,0.15361431241035461,0.3295508325099945,0.25422924757003784,0.14775408804416656,-528.8034057617188,119.65353393554688,174.77706909179688,63.61210632324219,-33.21052932739258,19.934511184692383,17.206668853759766,12.933245658874512,10.785116195678711,14.222256660461426,-5.713099956512451,7.940645217895508,-2.8180441856384277,8.165567398071289,-5.963141918182373,9.458127975463867,-7.762088775634766,9.791948318481445,-12.54592514038086,10.107693672180176,-12.179564476013184,10.4553861618042,-10.858043670654297,9.930340766906738,-8.344773292541504,7.981363296508789
Q1_Cg2u_Ldjv8g_1.wav,Happy,123.046875,0.00819978304207325,0.005749532021582127,0.0670072295615403,971.026526026775,1892.4575424926525,0.23867130279541016,0.12909935414791107,0.2632623016834259,0.18219968676567078,0.24615712463855743,0.3728471100330353,0.165337473154068,0.23053929209709167,0.16781502962112427,0.2976900637149811,0.28916361927986145,0.14031584560871124,-518.4196166992188,115.8422622680664,159.2035369873047,62.641685485839844,-23.77177619934082,18.45182991027832,16.886531829833984,12.348642349243164,12.0620756149292,16.215139389038086,-7.273710250854492,8.473848342895508,-5.956753730773926,8.20486831665039,-7.898683071136475,9.756223678588867,-9.35146713256836,10.609553337097168,-6.722109317779541,9.101764678955078,-5.446764945983887,11.264891624450684,-6.139996528625488,11.587979316711426,-6.580758094787598,9.625921249389648
Q1_dfNdpy8TUzA_0.wav,Happy,112.34714673913044,0.00890757143497467,0.005917232483625412,0.07345283216937765,1040.92130944101,1868.1728854037747,0.13890980184078217,0.32604604959487915,0.09364699572324753,0.13863234221935272,0.2738410532474518,0.1809423863887787,0.28823649883270264,0.15864230692386627,0.35407140851020813,0.11181438714265823,0.06835146248340607,0.2051575481891632,-534.359619140625,131.38299560546875,148.2421112060547,60.414493560791016,-26.78968048095703,21.43334197998047,17.79136085510254,14.792654037475586,-0.9004555344581604,15.310474395751953,-8.035880088806152,8.591033935546875,-9.600502014160156,8.538703918457031,-12.101408958435059,11.093655586242676,-8.81833267211914,13.898991584777832,-1.5473270416259766,13.457674026489258,2.3558509349823,14.400009155273438,5.219438552856445,13.82345962524414,-3.7571680545806885,12.62801742553711
Q1_dfNdpy8TUzA_1.wav,Happy,215.33203125,0.015439256094396114,0.010213308967649937,0.058856377463895396,857.6254489745877,1557.7532658811476,0.15624581277370453,0.3089313209056854,0.14821968972682953,0.3245340585708618,0.35279062390327454,0.17426525056362152,0.3353365361690521,0.21719564497470856,0.45276206731796265,0.173238143324852,0.08205266296863556,0.15824127197265625,-464.8329772949219,150.88587951660156,157.4088134765625,70.07444763183594,-28.961442947387695,28.12837791442871,19.743574142456055,18.764928817749023,1.4076693058013916,11.046560287475586,-6.90587043762207,9.172529220581055,-14.208888053894043,11.46215534210205,-14.180071830749512,10.178689956665039,-6.975729942321777,6.626718997955322,-6.315848350524902,8.731911659240723,-1.7837005853652954,6.837427139282227,-5.071575164794922,6.934566497802734,-8.88464641571045,7.3327460289001465
Q1_dfNdpy8TUzA_2.wav,Happy,112.34714673913044,0.011294592171907425,0.006746583618223667,0.059951122525968556,888.9294288097433,1559.2106540172306,0.16472487151622772,0.3364197611808777,0.164711132645607,0.35319507122039795,0.32220223546028137,0.16044609248638153,0.2678232491016388,0.16975216567516327,0.3795810341835022,0.1441599726676941,0.05764850229024887,0.11553239822387695,-485.8467712402344,112.4759750366211,167.2633056640625,49.32445526123047,-26.019367218017578,25.461711883544922,19.54776954650879,14.978524208068848,2.4467504024505615,15.593750953674316,-9.813814163208008,9.723407745361328,-12.95360279083252,10.86458683013916,-15.238448143005371,10.861717224121094,-10.806869506835938,9.724720001220703,-1.758002519607544,10.101706504821777,2.1026298999786377,11.274194717407227,-0.7214291095733643,12.217246055603027,-10.430352210998535,10.982433319091797
Q1_doM_LWo-74A_0.wav,Happy,99.38401442307692,0.02277294173836708,0.014681757427752018,0.05984221673239178,938.3512884910884,1768.827039532511,0.15638847649097443,0.3889543414115906,0.2528155446052551,0.15041573345661163,0.34773918986320496,0.29840758442878723,0.2142319679260254,0.14740879833698273,0.34680575132369995,0.4875127375125885,0.18736767768859863,0.19457080960273743,-398.60693359375,146.10862731933594,159.78785705566406,57.984134674072266,-26.659379959106445,28.513811111450195,25.676105499267578,18.23008918762207,1.3576995134353638,11.87377643585205,1.7714965343475342,8.61050796508789,-6.900959491729736,8.531881332397461,-6.539106369018555,9.346567153930664,-10.053522109985352,10.436691284179688,-4.35276985168457,8.349164962768555,-3.73858904838562,9.331624031066895,-5.328073978424072,10.527451515197754,-7.436305522918701,10.031686782836914
Q1_doM_LWo-74A_1.wav,Happy,135.99917763157896,0.0231378972530365,0.012656617909669876,0.06566429551925163,1015.5842715044503,1869.0505021564873,0.10712402313947678,0.2496439516544342,0.10898537188768387,0.14833036065101624,0.43522027134895325,0.17882102727890015,0.25037291646003723,0.16115829348564148,0.40751829743385315,0.44986483454704285,0.1526802033185959,0.17054109275341034,-394.229736328125,132.75216674804688,158.53216552734375,54.60166549682617,-35.68589401245117,21.805055618286133,26.902956008911133,16.074668884277344,-0.9428080916404724,12.637938499450684,-1.5216883420944214,8.115802764892578,-7.870974063873291,8.938587188720703,-7.76676082611084,9.798942565917969,-10.981532096862793,11.193568229675293,-5.394303321838379,10.31861686706543,-2.6357686519622803,8.948320388793945,-5.9736552238464355,9.827210426330566,-6.488813877105713,8.297503471374512
Q1_doM_LWo-74A_2.wav,Happy,143.5546875,0.026680871844291687,0.01683010905981064,0.062158272581792316,974.4921211053388,1792.2945676453592,0.12426380068063736,0.31665241718292236,0.25449132919311523,0.17614930868148804,0.4033077359199524,0.1654580980539322,0.2161668986082077,0.1496107280254364,0.39003974199295044,0.4842285215854645,0.1772291362285614,0.18303051590919495,-379.634765625,145.6534881591797,155.00253295898438,53.72919845581055,-29.37398910522461,23.315593719482422,23.488361358642578,20.130355834960938,-2.9667816162109375,12.109593391418457,0.9753657579421997,7.782862186431885,-8.474685668945312,9.59082317352295,-6.5213494300842285,8.389503479003906,-10.620872497558594,8.196033477783203,-5.287011623382568,9.017499923706055,-3.3438632488250732,10.663416862487793,-3.8058290481567383,12.165650367736816,-8.0236177444458,8.988816261291504
Q1_doM_LWo-74A_3.wav,Happy,143.5546875,0.021619409322738647,0.013502843677997589,0.07645897132516703,1098.2270943773417,1908.1942891755984,0.09486859291791916,0.19444237649440765,0.38025596737861633,0.15614183247089386,0.23991155624389648,0.12226243317127228,0.25396454334259033,0.1483270227909088,0.17585177719593048,0.4115457534790039,0.16671538352966309,0.22692297399044037,-425.86968994140625,145.98394775390625,139.00621032714844,63.25354766845703,-36.44325256347656,23.794281005859375,21.848350524902344,16.7982120513916,-2.961731433868408,14.631545066833496,-0.7131975293159485,11.66067123413086,-7.132448196411133,10.3173828125,-6.7506513595581055,11.033387184143066,-9.294490814208984,11.895404815673828,-7.740631103515625,11.681977272033691,-1.1366560459136963,10.327472686767578,2.8764142990112305,12.32269287109375,-2.341337203979492,13.319815635681152
Q1_doM_LWo-74A_4.wav,Happy,107.666015625,0.03151034936308861,0.01542470883578062,0.0689498669671909,1049.887740391685,1954.3425388294806,0.10715388506650925,0.346713125705719,0.560914158821106,0.2010166049003601,0.23643407225608826,0.14399020373821259,0.32051050662994385,0.25430828332901,0.2345924973487854,0.3756444454193115,0.16626226902008057,0.13778159022331238,-344.2349548339844,128.35202026367188,166.15261840820312,53.397064208984375,-39.621543884277344,17.72626495361328,28.351274490356445,16.110153198242188,-1.0982555150985718,10.801407814025879,3.9677000045776367,7.480953216552734,-5.350016117095947,9.970413208007812,-4.363558769226074,8.72700023651123,-11.04136848449707,9.386456489562988,-6.906332492828369,9.01688289642334,-0.34936344623565674,8.674406051635742,-0.6782795786857605,10.285317420959473,-7.488083362579346,9.045196533203125
Q1_DX1IK3z1w10_1.wav,Happy,103.359375,0.02255314588546753,0.014818198047578335,0.06517179247359155,975.7576834999909,1765.1855898575045,0.18622225522994995,0.4531991481781006,0.15453127026557922,0.21872808039188385,0.13266508281230927,0.32410484552383423,0.332963764667511,0.1981903612613678,0.31926429271698,0.18139033019542694,0.31829869747161865,0.1025833785533905,-399.2850036621094,149.80335998535156,157.6305389404297,57.20783615112305,-26.922466278076172,28.48649024963379,25.337757110595703,14.097837448120117,-0.09146999567747116,10.205911636352539,0.20887720584869385,7.394972801208496,-5.673221588134766,8.230964660644531,-5.406455039978027,7.617384910583496,-6.536856174468994,8.32168960571289,-0.5490856766700745,7.132171154022217,-2.2222166061401367,7.985457420349121,1.3754124641418457,8.626879692077637,-5.530411720275879,8.191374778747559
Q1_e838BE_MH6s_1.wav,Happy,143.5546875,0.0237246286123991,0.015862194821238518,0.06168040278484232,928.6151202499136,1725.9639953427009,0.2661032974720001,0.14899885654449463,0.31778666377067566,0.3099291920661926,0.1285078376531601,0.15904991328716278,0.15132704377174377,0.4000280797481537,0.22708620131015778,0.14984962344169617,0.3118479251861572,0.14879290759563446,-409.3470764160156,150.16354370117188,156.26402282714844,68.81879425048828,-33.0716552734375,17.422744750976562,22.497297286987305,17.468700408935547,2.455470561981201,11.553482055664062,-1.3235968351364136,6.308479309082031,-6.222510814666748,9.99573802947998,-7.6394476890563965,7.982924461364746,-12.060620307922363,7.981949329376221,-8.951165199279785,8.667996406555176,-1.9555226564407349,7.377120018005371,-3.354959011077881,11.112576484680176,-5.446158409118652,10.384469032287598
Q1_e838BE_MH6s_2.wav,Happy,143.5546875,0.030994338914752007,0.012789382599294186,0.06248825914957567,986.1420835732529,1843.1904103496288,0.2832038104534149,0.25107717514038086,0.4086923599243164,0.35224205255508423,0.17574846744537354,0.26221394538879395,0.17433372139930725,0.27849534153938293,0.33280453085899353,0.24035534262657166,0.36591431498527527,0.20105037093162537,-334.4888916015625,121.88648223876953,175.7073516845703,54.972625732421875,-40.600669860839844,15.939858436584473,29.1568603515625,12.735878944396973,-2.705474615097046,9.283334732055664,2.076972246170044,6.963491916656494,-6.999544143676758,9.548540115356445,-5.9221720695495605,8.064146041870117,-11.638858795166016,9.275670051574707,-4.944454669952393,8.260954856872559,-1.3147214651107788,7.6394219398498535,-3.5086910724639893,11.632955551147461,-8.675597190856934,7.339590549468994
Q1_e838BE_MH6s_3.wav,Happy,143.5546875,0.021736990660429,0.019036855548620224,0.07630940927990092,1129.6819615434429,1983.965403562898,0.14875006675720215,0.148281991481781,0.17100182175636292,0.2804751992225647,0.36343300342559814,0.14144295454025269,0.09554202854633331,0.14336685836315155,0.22604095935821533,0.3784960210323334,0.30373600125312805,0.1428435891866684,-431.3681945800781,159.64598083496094,130.94338989257812,57.96120071411133,-25.52924346923828,24.706993103027344,19.8337345123291,18.154296875,-1.7247681617736816,12.544504165649414,-1.8876065015792847,9.891382217407227,-7.327909469604492,10.045554161071777,-4.163059711456299,10.771059036254883,-9.07483959197998,10.600671768188477,-6.636480808258057,10.262380599975586,-4.506472587585449,12.454121589660645,-4.879838466644287,13.031050682067871,-6.403652667999268,10.090636253356934
Q1_e838BE_MH6s_4.wav,Happy,143.5546875,0.03240031749010086,0.018465297296643257,0.059702079986857476,963.5414707197203,1798.7645514657563,0.1394551396369934,0.11134995520114899,0.3111824095249176,0.3925779461860657,0.14902500808238983,0.21467605233192444,0.12338513880968094,0.29250475764274597,0.3836960196495056,0.23468519747257233,0.45225274562835693,0.15000098943710327,-350.9688720703125,140.18789672851562,156.48828125,54.38063049316406,-26.136919021606445,25.774568557739258,27.467491149902344,15.684152603149414,-1.884257197380066,10.984018325805664,-1.7763112783432007,7.85089111328125,-11.201537132263184,9.619635581970215,-9.020261764526367,8.62275505065918,-14.10354995727539,9.07665729522705,-7.990871429443359,9.085137367248535,-3.5648677349090576,9.523017883300781,-5.545909881591797,9.650812149047852,-8.809342384338379,8.454893112182617
Q1_e8NQ2NH0nc8_0.wav,Happy,143.5546875,0.011725167743861675,0.007145721465349197,0.0497149045261669,802.5684465847606,1523.4588925201115,0.27855560183525085,0.16080695390701294,0.39289599657058716,0.4716411828994751,0.2086080014705658,0.28764012455940247,0.14899544417858124,0.24672430753707886,0.13016103208065033,0.2366660237312317,0.4387449324131012,0.19138602912425995,-476.9788818359375,108.88985443115234,179.47491455078125,57.627113342285156,-29.87430191040039,18.39453125,21.44422149658203,13.630023956298828,11.492399215698242,13.598071098327637,-10.288805961608887,8.60312557220459,-7.33250093460083,9.30063247680664,-9.94018840789795,8.661155700683594,-9.964190483093262,7.873364448547363,-9.877121925354004,8.526408195495605,-6.815685272216797,6.95527982711792,-4.321099281311035,7.8498711585998535,-8.738187789916992,8.48360824584961
Q1_e8NQ2NH0nc8_1.wav,Happy,71.77734375,0.013447604142129421,0.008237093687057495,0.050724272343529,791.7008583145389,1475.2376140934407,0.30059903860092163,0.1714780628681183,0.34054192900657654,0.36362341046333313,0.19381527602672577,0.30655017495155334,0.14943136274814606,0.20848368108272552,0.13843077421188354,0.29051369428634644,0.5270679593086243,0.23552903532981873,-465.25274658203125,113.75337219238281,182.83494567871094,58.756954193115234,-27.89846420288086,25.126632690429688,21.732898712158203,12.435066223144531,8.198723793029785,12.416228294372559,-8.769883155822754,8.188028335571289,-4.910590648651123,7.809881210327148,-9.890271186828613,9.038579940795898,-8.987536430358887,8.609002113342285,-7.4348626136779785,7.854706764221191,-6.331584930419922,7.369158744812012,-4.930516719818115,7.8989458084106445,-7.335783004760742,8.60660171508789
Q1_eVMSeElk81Q_0.wav,Happy,117.45383522727273,0.02362542413175106,0.01591392792761326,0.06502541710114702,971.7948825027573,1812.460260321624,0.1847531646490097,0.07508701086044312,0.0937998816370964,0.22751189768314362,0.5306643843650818,0.23244144022464752,0.1135750487446785,0.15911786258220673,0.3652530610561371,0.3286762535572052,0.14222967624664307,0.2482902854681015,-406.2081298828125,163.3335418701172,151.939453125,65.85017395019531,-33.393211364746094,22.01946449279785,21.66893768310547,20.542236328125,-3.4228546619415283,14.103514671325684,1.0643565654754639,7.492188930511475,-6.826528072357178,8.787908554077148,-4.599089622497559,8.661906242370605,-6.815333843231201,7.46828556060791,-4.283308029174805,8.081369400024414,-5.376330852508545,10.420806884765625,-7.676192760467529,11.268431663513184,-6.690472602844238,8.088600158691406
Q1_eVMSeElk81Q_1.wav,Happy,123.046875,0.02544405683875084,0.013308364897966385,0.06243566125499113,993.1882335822567,1820.1145337975543,0.28321292996406555,0.1599026322364807,0.29796773195266724,0.239556685090065,0.4448552131652832,0.21105942130088806,0.1447119414806366,0.22832605242729187,0.3583362102508545,0.33561840653419495,0.14409437775611877,0.23418393731117249,-369.3548278808594,124.63197326660156,163.72389221191406,49.061100006103516,-33.90212631225586,22.91216278076172,25.045534133911133,16.69642448425293,-3.76115083694458,12.025224685668945,-0.7507501244544983,8.51510238647461,-7.636047840118408,10.016217231750488,-6.751282215118408,10.269454956054688,-9.020031929016113,10.750507354736328,-5.235074520111084,8.795198440551758,-5.329334735870361,8.669224739074707,-5.962057113647461,10.927105903625488,-4.830739974975586,9.099443435668945
Q1_eVMSeElk81Q_2.wav,Happy,123.046875,0.0205682385712862,0.012637898325920105,0.0675169284079349,1000.2248932361204,1829.1612689153103,0.22858701646327972,0.13909804821014404,0.23709426820278168,0.18521365523338318,0.30758363008499146,0.1841222643852234,0.19268862903118134,0.22604624927043915,0.354438841342926,0.3148682117462158,0.12859635055065155,0.22794632613658905,-428.6285705566406,166.41299438476562,145.1480712890625,71.83626556396484,-37.27989959716797,23.766719818115234,23.07044792175293,16.965578079223633,-1.8851358890533447,12.66995620727539,2.3919637203216553,7.306220054626465,-3.907649040222168,8.797513008117676,-4.215008735656738,8.755343437194824,-6.104091644287109,11.416037559509277,-5.0073723793029785,11.79450511932373,-4.161265850067139,8.139265060424805,-5.363620281219482,9.262724876403809,-4.67036771774292,7.073914527893066
Q1_Fc1qk52SaKY_0.wav,Happy,73.828125,0.01435540895909071,0.006730713415890932,0.04918944882864056,789.1013644762426,1507.71263112489,0.2379256784915924,0.1484179049730301,0.1807357519865036,0.3568600118160248,0.16680583357810974,0.18728488683700562,0.12327592819929123,0.33394506573677063,0.5163449048995972,0.22912141680717468,0.3334788680076599,0.16991136968135834,-445.8086853027344,95.46673583984375,190.6639404296875,53.53538513183594,-33.29671859741211,14.726691246032715,20.496036529541016,11.77391529083252,12.742124557495117,11.748120307922363,-7.117900848388672,8.118636131286621,-6.6646552085876465,8.026902198791504,-10.422479629516602,8.933115005493164,-8.392631530761719,7.586992263793945,-8.344308853149414,7.19390344619751,-3.655658483505249,6.564189434051514,-8.34091854095459,7.740289211273193,-9.506023406982422,6.970879554748535
Q1_Fc1qk52SaKY_1.wav,Happy,151.99908088235293,0.0164326261729002,0.008113609626889229,0.05430022412561241,851.3704725184479,1587.3967884543413,0.23939576745033264,0.26652833819389343,0.19624105095863342,0.33256930112838745,0.13330087065696716,0.17403028905391693,0.1317244917154312,0.275743305683136,0.47688624262809753,0.20368164777755737,0.25848814845085144,0.13718891143798828,-438.32196044921875,114.13483428955078,186.117919921875,58.66964340209961,-34.166236877441406,17.650056838989258,25.6436824798584,12.293306350708008,5.75627326965332,12.646357536315918,-5.791259288787842,9.130487442016602,-4.910820007324219,8.132661819458008,-9.783099174499512,8.425192832946777,-9.899359703063965,8.094698905944824,-4.843661785125732,7.01045036315918,-2.639211893081665,8.052987098693848,-2.1286914348602295,8.876032829284668,-5.719729423522949,8.13459300994873
Q1_fey-8bOR95E_0.wav,Happy,151.99908088235293,0.021291354671120644,0.015720073133707047,0.05750910261227016,916.0459965024652,1763.438370204208,0.23185186088085175,0.256608784198761,0.5064046382904053,0.26694825291633606,0.2837238311767578,0.1865052580833435,0.3427576422691345,0.3311539590358734,0.2467058300971985,0.40070703625679016,0.2242143303155899,0.2714211642742157,-411.63623046875,149.97576904296875,165.58663940429688,61.666648864746094,-31.325092315673828,28.694917678833008,22.90073585510254,19.919702529907227,1.5542303323745728,11.422779083251953,0.556185245513916,8.315195083618164,-6.7722673416137695,8.419178009033203,-5.989297866821289,7.894245147705078,-7.66529655456543,7.453932285308838,-5.42071533203125,8.118968963623047,-1.8461633920669556,7.323938846588135,-6.931055068969727,7.231571674346924,-9.65992259979248,7.3217949867248535
Q1_fey-8bOR95E_1.wav,Happy,103.359375,0.027311457321047783,0.01605144888162613,0.058052634923090526,906.1265336026538,1695.1001460009281,0.20077075064182281,0.2839134931564331,0.7021984457969666,0.28424498438835144,0.3796098828315735,0.1579381674528122,0.28437867760658264,0.2983603775501251,0.160858154296875,0.2780935764312744,0.13393525779247284,0.26545238494873047,-376.3747253417969,146.64608764648438,170.667236328125,56.79478454589844,-33.69465637207031,29.64740562438965,27.376930236816406,21.163421630859375,-4.13311767578125,10.334070205688477,-0.5257816910743713,9.121491432189941,-9.883113861083984,10.336833000183105,-8.720247268676758,9.11005973815918,-12.835580825805664,9.320624351501465,-11.081378936767578,9.583301544189453,-5.2577409744262695,8.529572486877441,-2.6651651859283447,8.485296249389648,-5.133017539978027,7.308012962341309
Q1_fey-8bOR95E_2.wav,Happy,103.359375,0.02440621331334114,0.015164544805884361,0.06174119405169309,926.6591826423054,1692.8386589292147,0.17858654260635376,0.22404788434505463,0.40518176555633545,0.25646623969078064,0.5043827295303345,0.1898888647556305,0.21545973420143127,0.3843304216861725,0.26059848070144653,0.44323861598968506,0.21449775993824005,0.1941666156053543,-391.60784912109375,141.4047393798828,161.16726684570312,57.30295181274414,-29.424652099609375,32.54878616333008,24.908985137939453,15.348502159118652,-2.219780683517456,12.73426628112793,-2.847573757171631,9.984269142150879,-8.653892517089844,10.891623497009277,-8.78943920135498,11.05654525756836,-9.969095230102539,10.512977600097656,-7.240137100219727,9.855005264282227,-2.338277578353882,9.57644271850586,-6.680801868438721,8.934823036193848,-7.510659694671631,8.195029258728027
Q1_fey-8bOR95E_3.wav,Happy,151.99908088235293,0.027625327929854393,0.01589159294962883,0.06057578180723966,940.6615516582602,1747.207480524474,0.19864732027053833,0.257087379693985,0.708547830581665,0.2671784460544586,0.31000757217407227,0.1529805064201355,0.2791997790336609,0.24314668774604797,0.14537519216537476,0.23394440114498138,0.1354750394821167,0.2557740807533264,-372.6217346191406,143.48828125,170.8057098388672,55.4278678894043,-35.832462310791016,25.176063537597656,24.387781143188477,22.757640838623047,-5.3363037109375,9.879287719726562,1.6643606424331665,6.3962721824646,-5.248548984527588,9.684380531311035,-5.41801643371582,8.720806121826172,-10.827898025512695,9.23666000366211,-8.395339012145996,8.553555488586426,-2.504638671875,8.982004165649414,-1.8950668573379517,9.074845314025879,-5.82888650894165,8.151494979858398
Q1_FfwKrQyQ7WU_0.wav,Happy,151.99908088235293,0.011824104934930801,0.00536827789619565,0.04769692245119306,761.5836338984102,1451.4126262540672,0.0934649184346199,0.20016339421272278,0.4320478141307831,0.19988340139389038,0.2390298694372177,0.14109425246715546,0.3186994791030884,0.2567836344242096,0.23197470605373383,0.516999363899231,0.21201100945472717,0.21245962381362915,-469.0278625488281,95.029052734375,193.34629821777344,54.227516174316406,-33.805538177490234,15.38573169708252,21.579971313476562,11.78139877319336,15.217243194580078,11.59998607635498,-8.918280601501465,7.246415615081787,-6.040816307067871,9.108891487121582,-11.280305862426758,8.675045013427734,-8.44151782989502,8.157770156860352,-8.846160888671875,9.315848350524902,-5.04149055480957,8.04748249053955,-6.202200412750244,6.897666931152344,-9.242071151733398,6.508495807647705
Q1_FfwKrQyQ7WU_1.wav,Happy,151.99908088235293,0.013781559653580189,0.008370318450033665,0.04698228433098592,770.4020767119825,1416.9696852992959,0.0869525596499443,0.25961020588874817,0.640815794467926,0.24927224218845367,0.2460935413837433,0.1322963535785675,0.28818652033805847,0.15186206996440887,0.16388915479183197,0.4215191602706909,0.17642199993133545,0.16033567488193512,-475.49676513671875,130.6934356689453,183.25953674316406,68.37376403808594,-28.389808654785156,23.7624454498291,22.38506317138672,13.494279861450195,9.83525562286377,11.385034561157227,-8.3165864944458,7.193840980529785,-6.414102554321289,9.167691230773926,-12.14262580871582,8.715063095092773,-8.834944725036621,9.510773658752441,-8.914190292358398,8.491289138793945,-3.4022538661956787,7.060262680053711,-2.6652421951293945,8.944415092468262,-7.926059246063232,7.2095255851745605
Q1_FfwKrQyQ7WU_2.wav,Happy,151.99908088235293,0.016537489369511604,0.009804551489651203,0.04890996563384017,768.2317699790336,1421.3360776995669,0.08546362817287445,0.24120435118675232,0.6374000906944275,0.22888939082622528,0.20524726808071136,0.11329249292612076,0.23897996544837952,0.14666007459163666,0.16646061837673187,0.4664781093597412,0.17917653918266296,0.12520943582057953,-452.11553955078125,125.8315658569336,184.33363342285156,65.435791015625,-28.45931053161621,21.140913009643555,21.576904296875,18.553098678588867,8.16006088256836,12.43228816986084,-6.701199531555176,7.363091945648193,-5.325275897979736,8.198147773742676,-10.612034797668457,8.06592082977295,-10.93068790435791,9.72507095336914,-8.7793550491333,7.556456089019775,1.051669716835022,7.038394927978516,2.6024630069732666,8.451374053955078,-6.915598392486572,6.84795618057251
Q1_FfwKrQyQ7WU_3.wav,Happy,151.99908088235293,0.013706229627132416,0.008470254950225353,0.05515277624411072,817.3282999234322,1463.4081513637368,0.07502520084381104,0.2423810064792633,0.6176214218139648,0.1996888816356659,0.154022678732872,0.08835862576961517,0.209128737449646,0.1908246874809265,0.17550861835479736,0.5014241337776184,0.16931720077991486,0.11893880367279053,-469.01336669921875,123.21162414550781,179.6686248779297,59.34565734863281,-25.299623489379883,27.223093032836914,21.49350357055664,14.185443878173828,5.868393898010254,13.279398918151855,-7.822132587432861,6.951388835906982,-6.04863166809082,7.0565185546875,-11.494407653808594,7.717959880828857,-12.754559516906738,9.08300495147705,-8.217013359069824,10.09583854675293,0.9696413278579712,9.398036003112793,1.804906964302063,10.016307830810547,-6.125580787658691,7.731077194213867
Q1_GbUV3TXUzeQ_1.wav,Happy,112.34714673913044,0.01916460506618023,0.010587109252810478,0.05868550324408673,866.3555330713638,1585.1026577642494,0.23833246529102325,0.49841398000717163,0.19915641844272614,0.24692746996879578,0.16910973191261292,0.3806457817554474,0.23046453297138214,0.22156471014022827,0.5246871709823608,0.2450932413339615,0.28452205657958984,0.13046209514141083,-407.76153564453125,125.19575500488281,183.2631378173828,56.42693328857422,-33.845848083496094,26.02560043334961,24.043617248535156,14.58690357208252,1.898012638092041,12.874517440795898,-1.9967931509017944,6.816135883331299,-4.965823650360107,7.8078203201293945,-8.080220222473145,7.285649299621582,-7.754335403442383,7.566845893859863,-2.8552498817443848,7.444955348968506,-2.740304946899414,7.368312835693359,-0.9951882362365723,7.401984691619873,-7.6544270515441895,6.369573593139648
Q1_GbUV3TXUzeQ_2.wav,Happy,117.45383522727273,0.021319665014743805,0.01198036689311266,0.05212516963761737,833.6725383021202,1562.88847587478,0.12331847846508026,0.358222633600235,0.6177577376365662,0.23564079403877258,0.22991029918193817,0.13929855823516846,0.32299578189849854,0.3618980050086975,0.23354209959506989,0.29898637533187866,0.12716631591320038,0.19795241951942444,-407.36676025390625,129.16139221191406,181.59251403808594,56.807456970214844,-31.422319412231445,29.875621795654297,27.014387130737305,14.877030372619629,2.3306143283843994,10.549099922180176,-5.275969505310059,8.6532564163208,-7.705181121826172,8.270061492919922,-7.651078224182129,6.742631435394287,-8.711925506591797,8.188671112060547,-9.219522476196289,7.868696212768555,-3.655094861984253,7.667740345001221,-4.497721195220947,8.155525207519531,-7.685436725616455,7.136969566345215
Q1_gSwv8hZGM-s_0.wav,Happy,92.28515625,0.02438320405781269,0.009712602943181992,0.05166116246949566,861.8878896821968,1631.566363353274,0.20604366064071655,0.19759097695350647,0.4746371805667877,0.23685844242572784,0.3616669774055481,0.36216941475868225,0.18553566932678223,0.29709959030151367,0.22962415218353271,0.41491711139678955,0.34018343687057495,0.20195354521274567,-375.23260498046875,102.43144226074219,190.20730590820312,50.17840576171875,-43.00106430053711,15.652392387390137,30.31079864501953,11.918045997619629,2.869156837463379,10.501481056213379,0.6084124445915222,7.10457181930542,-5.730748176574707,8.465368270874023,-8.640338897705078,8.225557327270508,-4.9625563621521,7.662511348724365,-7.470181941986084,7.859084606170654,0.31705746054649353,7.876156806945801,-5.273566722869873,7.359327793121338,-10.980413436889648,7.668816089630127
Q1_gSwv8hZGM-s_1.wav,Happy,89.10290948275862,0.022213861346244812,0.01416065078228712,0.05766471930309734,876.9713577694663,1626.4714333863385,0.26484957337379456,0.1388721764087677,0.264152467250824,0.2540859580039978,0.28595101833343506,0.24169591069221497,0.1295165717601776,0.25911054015159607,0.1751299649477005,0.2881295382976532,0.5026905536651611,0.23750422894954681,-410.8132019042969,137.62945556640625,167.1593780517578,59.797630310058594,-30.592845916748047,25.254940032958984,23.557401657104492,19.16602897644043,1.1052531003952026,12.613061904907227,-1.2376247644424438,7.152153015136719,-4.763688087463379,8.437887191772461,-6.570545673370361,7.474262237548828,-9.584694862365723,8.91640567779541,-8.00172233581543,6.908706188201904,-5.133347034454346,8.218377113342285,-9.485220909118652,8.73578929901123,-8.102861404418945,8.52150821685791
Q1_gwmVjvR-sVs_0.wav,Happy,89.10290948275862,0.031534720212221146,0.01552196592092514,0.06389543460484441,987.9594278243026,1858.8073126160273,0.15307581424713135,0.2858402729034424,0.5486845374107361,0.21816299855709076,0.23744605481624603,0.22781164944171906,0.34951716661453247,0.2215578258037567,0.2537239193916321,0.3467516303062439,0.14736519753932953,0.2520107924938202,-341.450439453125,130.3684539794922,169.08692932128906,55.534820556640625,-39.235042572021484,16.5202579498291,27.887130737304688,14.423709869384766,-3.749500274658203,10.138134956359863,1.2658746242523193,9.35016918182373,-7.382924556732178,9.742018699645996,-4.936575889587402,8.32193374633789,-9.456029891967773,8.904909133911133,-9.192768096923828,7.9195556640625,-4.176721096038818,7.202422618865967,-1.8175737857818604,9.290756225585938,-7.036048412322998,7.036439895629883
Q1_gwmVjvR-sVs_1.wav,Happy,92.28515625,0.0259210504591465,0.018618779256939888,0.07810580990720524,1137.6003860693131,2075.537493176856,0.319372296333313,0.14438843727111816,0.22969293594360352,0.1533639132976532,0.3559075593948364,0.14278586208820343,0.09723615646362305,0.24142858386039734,0.1719106286764145,0.2874475121498108,0.13921450078487396,0.30206868052482605,-407.8023376464844,181.6341552734375,136.20709228515625,76.81617736816406,-32.794097900390625,17.93602752685547,22.20652961730957,21.743183135986328,-3.176959753036499,9.86953353881836,3.967351198196411,7.130950927734375,-2.794900894165039,10.95632553100586,-2.394122838973999,10.210285186767578,-5.848944187164307,10.243292808532715,-1.8549796342849731,11.479568481445312,-1.7880771160125732,10.991095542907715,-0.42668554186820984,9.12110424041748,-2.751183032989502,7.983910083770752
Q1_GY3f6ckBVkA_0.wav,Happy,135.99917763157896,0.010675884783267975,0.008715595118701458,0.10368901886854584,1404.6939227428857,2420.2276553444417,0.10189259797334671,0.25077179074287415,0.08474209159612656,0.155304953455925,0.3550618290901184,0.11934246122837067,0.1772172749042511,0.09029769152402878,0.24797986447811127,0.20117391645908356,0.0857386514544487,0.2165478765964508,-519.4808959960938,153.85850524902344,109.15469360351562,53.99761199951172,-31.816089630126953,24.591285705566406,9.204340934753418,16.116899490356445,-5.161613941192627,14.105775833129883,1.3634175062179565,13.17542839050293,-6.065987586975098,13.893017768859863,-11.907478332519531,14.510812759399414,-21.095205307006836,14.180171966552734,-4.341163635253906,13.033370018005371,1.5061678886413574,14.41259479522705,2.4295971393585205,10.914124488830566,1.3552002906799316,12.685956001281738
Q1_GY3f6ckBVkA_1.wav,Happy,135.99917763157896,0.015385757200419903,0.009233602322638035,0.07858788233147558,1222.7375558569483,2259.934812898089,0.11956600099802017,0.37020960450172424,0.1257927417755127,0.1474159061908722,0.27447399497032166,0.10313861072063446,0.19853204488754272,0.11147789657115936,0.23548127710819244,0.11238822340965271,0.06470552086830139,0.14592288434505463,-463.35430908203125,148.601806640625,122.54069519042969,54.29632568359375,-23.266130447387695,19.761310577392578,21.44767189025879,15.830204010009766,-9.593513488769531,13.324936866760254,-1.695466160774231,7.5581817626953125,-9.670317649841309,9.38460922241211,-7.280567646026611,10.016046524047852,-7.37355375289917,14.377689361572266,5.900713920593262,12.323938369750977,7.4259562492370605,16.71761131286621,8.936348915100098,15.42306137084961,-3.1753456592559814,13.29758071899414
Q1_GY3f6ckBVkA_2.wav,Happy,198.76802884615384,0.025194741785526276,0.014487121254205704,0.0650870666337779,1039.6334758826179,1953.261968605403,0.1536836475133896,0.27349525690078735,0.10712020099163055,0.17634737491607666,0.32809922099113464,0.1661643534898758,0.3157367706298828,0.17818434536457062,0.36988168954849243,0.24740050733089447,0.1461615264415741,0.24943077564239502,-378.8943176269531,137.17633056640625,156.7051544189453,50.47507858276367,-27.296722412109375,23.815265655517578,26.965322494506836,15.161904335021973,-3.2929210662841797,12.538741111755371,2.0004804134368896,7.038104057312012,-8.93825626373291,7.83125114440918,-6.295754909515381,8.199718475341797,-6.767480373382568,9.047004699707031,0.9242976903915405,8.416094779968262,1.6512229442596436,9.479066848754883,-1.0782966613769531,8.976816177368164,-11.090028762817383,7.51220703125
Q1_GY3f6ckBVkA_3.wav,Happy,198.76802884615384,0.028863385319709778,0.014829999767243862,0.06850088326035032,1036.9897011042206,1938.1254354100317,0.14154860377311707,0.36068809032440186,0.12363608181476593,0.22284969687461853,0.4272496998310089,0.15332141518592834,0.21847254037857056,0.14570282399654388,0.4066598117351532,0.27171045541763306,0.1390184909105301,0.13732579350471497,-361.6749572753906,143.5786895751953,150.0657958984375,59.46284103393555,-35.64896774291992,17.6954288482666,28.464698791503906,15.00236701965332,-5.535817623138428,9.086604118347168,0.038660913705825806,6.640655994415283,-11.879944801330566,7.872828960418701,-10.748495101928711,8.719574928283691,-11.072124481201172,9.87453842163086,-5.2572174072265625,10.02708625793457,-2.1925156116485596,10.206894874572754,-1.5225006341934204,9.688108444213867,-9.4542236328125,8.921080589294434
Q1_HY9vPoHbgaI_0.wav,Happy,92.28515625,0.0101002287119627,0.007532428950071335,0.05870040920434527,857.4126837313918,1555.524201317528,0.17704768478870392,0.0990937128663063,0.2701182961463928,0.16331973671913147,0.12857294082641602,0.30324500799179077,0.13431115448474884,0.16676031053066254,0.06862415373325348,0.21390709280967712,0.5442107319831848,0.17101190984249115,-517.9132080078125,121.94050598144531,145.18109130859375,58.56388854980469,-21.172964096069336,25.342044830322266,22.159971237182617,14.248027801513672,8.879657745361328,14.973660469055176,-12.513733863830566,11.000794410705566,-11.477124214172363,10.628678321838379,-12.921425819396973,9.691115379333496,-15.239058494567871,11.164106369018555,-10.725667953491211,10.940579414367676,-8.083732604980469,11.358510971069336,-6.059549331665039,13.52029800415039,-4.0059494972229,11.918278694152832
Q1_HY9vPoHbgaI_1.wav,Happy,184.5703125,0.014018668793141842,0.007032853551208973,0.05896116955445545,909.555458124423,1650.8763681543935,0.20668649673461914,0.09890395402908325,0.26137933135032654,0.26441526412963867,0.1539391726255417,0.3068435490131378,0.14133889973163605,0.18381544947624207,0.09014269709587097,0.23750805854797363,0.44662773609161377,0.15243594348430634,-457.0762023925781,100.3009033203125,161.76109313964844,49.60569763183594,-31.496440887451172,15.338637351989746,23.551565170288086,14.196579933166504,6.364058971405029,15.359917640686035,-12.312756538391113,9.444123268127441,-11.922568321228027,10.2205228805542,-13.324400901794434,11.164754867553711,-13.178791999816895,12.706310272216797,-6.94147253036499,11.01193618774414,-2.658064365386963,10.935273170471191,-3.712470769882202,11.414761543273926,-5.836889266967773,11.241876602172852
Q1_HY9vPoHbgaI_2.wav,Happy,92.28515625,0.012865773402154446,0.00798287708312273,0.0597881394092219,898.1260811236934,1619.3899580106267,0.19437730312347412,0.09498285502195358,0.25039610266685486,0.1566099375486374,0.15101315081119537,0.39606884121894836,0.1580859124660492,0.17328478395938873,0.09136661887168884,0.22279520332813263,0.48435869812965393,0.1595352739095688,-475.3663635253906,114.93157958984375,157.81861877441406,51.871604919433594,-26.674365997314453,24.249570846557617,22.78016471862793,16.022262573242188,4.3333845138549805,14.846426963806152,-10.695261001586914,9.284786224365234,-9.482742309570312,8.901982307434082,-11.205069541931152,10.701857566833496,-11.445775985717773,12.256943702697754,-6.227267265319824,9.639554023742676,-4.069976806640625,10.384958267211914,-4.861893177032471,11.547426223754883,-5.74927282333374,10.770139694213867
Q1_HY9vPoHbgaI_3.wav,Happy,92.28515625,0.011351712048053741,0.007960805669426918,0.06084410622077163,867.2371105152772,1546.6311257794232,0.11604143679141998,0.10488137602806091,0.2593565285205841,0.17463834583759308,0.14675576984882355,0.2935040295124054,0.15488305687904358,0.2207762897014618,0.10032117366790771,0.2549540400505066,0.5557780265808105,0.15071339905261993,-511.1374816894531,138.239990234375,152.15606689453125,64.20366668701172,-24.337575912475586,28.577709197998047,23.2998046875,16.40952491760254,5.8314528465271,15.205913543701172,-6.7754364013671875,9.216436386108398,-7.516856670379639,10.415345191955566,-10.723430633544922,9.573169708251953,-8.775229454040527,9.744853019714355,-7.954909324645996,9.936908721923828,-5.176798343658447,11.907570838928223,-7.924389839172363,15.685040473937988,-8.717790603637695,10.914403915405273
Q1_Ie5koh4qvJc_12.wav,Happy,103.359375,0.012974787503480911,0.007287431508302689,0.06120690444067938,929.4902137705543,1666.7225297675075,0.3450545370578766,0.20747804641723633,0.3788630962371826,0.1636238843202591,0.09012451767921448,0.08237324655056,0.1725553274154663,0.522200882434845,0.20137348771095276,0.2174045294523239,0.33088165521621704,0.24429954588413239,-451.76995849609375,109.23184204101562,173.82627868652344,51.72564697265625,-35.215545654296875,21.999055862426758,19.12169647216797,12.570618629455566,4.045995712280273,12.1956148147583,-6.909578323364258,8.536770820617676,-7.749913692474365,9.631742477416992,-11.2867431640625,10.251925468444824,-10.978649139404297,9.423059463500977,-8.308099746704102,8.612565040588379,-8.930082321166992,7.934983253479004,-10.67029857635498,10.241438865661621,-5.343399524688721,8.71978759765625
Q1_Ie5koh4qvJc_6.wav,Happy,117.45383522727273,0.007991872727870941,0.007013087626546621,0.06000545890607102,914.6652688670774,1651.3516665324312,0.17506147921085358,0.12874698638916016,0.09711337089538574,0.2682201564311981,0.32762420177459717,0.1644306778907776,0.19236375391483307,0.18459685146808624,0.4864344894886017,0.24372635781764984,0.2294265776872635,0.353621244430542,-517.9265747070312,110.83171081542969,157.48825073242188,60.00108337402344,-20.22819709777832,21.332183837890625,8.142500877380371,13.956918716430664,8.346022605895996,15.398445129394531,-6.838332176208496,8.770182609558105,-5.833591938018799,9.873309135437012,-9.108758926391602,10.280468940734863,-11.45004940032959,10.724394798278809,-5.404940605163574,8.503866195678711,-4.264408588409424,10.873174667358398,-6.19334602355957,11.68048095703125,-3.4936740398406982,9.161011695861816
Q1_iFgSjUqI7iM_0.wav,Happy,92.28515625,0.01665780320763588,0.010154700838029385,0.060455465810206964,944.0726585800898,1724.1552688440734,0.1339019238948822,0.3326622247695923,0.12839144468307495,0.23042407631874084,0.10805850476026535,0.25290176272392273,0.13650645315647125,0.18026801943778992,0.4674421548843384,0.20043809711933136,0.283642441034317,0.09061041474342346,-440.4861145019531,126.0924072265625,155.37008666992188,53.8487548828125,-27.564157485961914,22.875764846801758,25.29836082458496,13.157849311828613,5.046713352203369,13.254127502441406,-3.0765907764434814,7.050687313079834,-7.9024152755737305,8.705374717712402,-9.53929615020752,8.167218208312988,-8.216983795166016,8.584053993225098,-3.426973342895508,9.715633392333984,-0.5000866055488586,10.530193328857422,1.4922031164169312,11.495677947998047,-4.0883684158325195,9.238327980041504
Q1_iFgSjUqI7iM_1.wav,Happy,172.265625,0.01442172471433878,0.011005809530615807,0.07444191536382233,1087.0483140915019,1980.2303597357175,0.15151217579841614,0.4095667898654938,0.1334322690963745,0.1904582977294922,0.11482617259025574,0.3377361297607422,0.21548320353031158,0.14515385031700134,0.3142048716545105,0.1327434778213501,0.17923018336296082,0.05875293165445328,-481.8076477050781,148.6361083984375,136.25033569335938,64.25401306152344,-24.931760787963867,21.073537826538086,20.572782516479492,17.001649856567383,0.5584762692451477,14.081205368041992,-6.09937858581543,8.767070770263672,-9.617035865783691,8.714130401611328,-7.6822381019592285,9.435151100158691,-6.917067527770996,10.999459266662598,-1.2562685012817383,12.633267402648926,-0.2142222672700882,13.215500831604004,3.736847400665283,10.76183795928955,-2.730760335922241,11.759384155273438
Q1_IH2KrGjKXw0_3.wav,Happy,135.99917763157896,0.013237995095551014,0.006680247839540243,0.058932904872244486,899.7643562546523,1638.8105312186874,0.20714055001735687,0.12494433671236038,0.12538215517997742,0.36241331696510315,0.11824914813041687,0.1504160612821579,0.09539210796356201,0.27795401215553284,0.4714619815349579,0.17194418609142303,0.2621161639690399,0.10457882285118103,-460.1622314453125,115.83448791503906,175.58448791503906,55.88748550415039,-30.198469161987305,22.79191780090332,24.632537841796875,12.246973037719727,7.581470966339111,12.25281047821045,-6.5931549072265625,6.622230052947998,-6.5435051918029785,7.1679582595825195,-8.431281089782715,7.185668468475342,-11.9009428024292,8.495532035827637,-6.186224460601807,7.867887020111084,1.992262601852417,9.12558364868164,-2.3587751388549805,10.435365676879883,-7.389995574951172,8.056222915649414
Q1_im4Qxn3GQvo_0.wav,Happy,66.25600961538461,0.01187083125114441,0.008623480796813965,0.04691763411243822,782.5109626855874,1421.3451303799422,0.1090245395898819,0.19421744346618652,0.26976820826530457,0.290945440530777,0.7018635272979736,0.22092056274414062,0.14153483510017395,0.09250161796808243,0.22972720861434937,0.29253774881362915,0.13732324540615082,0.22367964684963226,-494.2164001464844,121.05470275878906,168.26304626464844,60.88020324707031,-18.686857223510742,27.46776580810547,18.920257568359375,15.3947114944458,10.463689804077148,13.220865249633789,-10.82496166229248,8.153327941894531,-8.864465713500977,9.176565170288086,-10.354947090148926,8.248055458068848,-10.194021224975586,8.600356101989746,-7.769123554229736,7.408855438232422,-6.406307697296143,7.19034481048584,-7.181280136108398,7.9778971672058105,-9.465731620788574,6.955677032470703
Q1_im4Qxn3GQvo_1.wav,Happy,67.99958881578948,0.01566825434565544,0.009459996595978737,0.05355381729579208,834.7128898801373,1558.6064404780323,0.11150743067264557,0.250896155834198,0.2451012134552002,0.21634440124034882,0.5030305981636047,0.17767342925071716,0.14281246066093445,0.14347949624061584,0.37779539823532104,0.4394697844982147,0.15661494433879852,0.1994420886039734,-453.46844482421875,112.83076477050781,174.0701141357422,58.032833099365234,-28.680477142333984,17.655881881713867,22.714305877685547,16.078828811645508,9.209271430969238,13.233752250671387,-9.57966136932373,9.079582214355469,-6.819360256195068,7.868375301361084,-9.591224670410156,8.031786918640137,-12.189005851745605,9.588103294372559,-7.067007064819336,8.248477935791016,-4.572099685668945,7.658312797546387,-6.027950286865234,9.563986778259277,-6.954927444458008,8.13289737701416
Q1_im4Qxn3GQvo_2.wav,Happy,135.99917763157896,0.015314290300011635,0.009043144062161446,0.06207977096325922,912.3155119741742,1636.5584698261252,0.1207001581788063,0.30389684438705444,0.22720961272716522,0.18130263686180115,0.37082549929618835,0.16172730922698975,0.21425727009773254,0.13266879320144653,0.2996826171875,0.41636866331100464,0.1669863909482956,0.1859910488128662,-454.9580383300781,121.43626403808594,169.45037841796875,63.282264709472656,-30.800594329833984,16.848852157592773,18.02667808532715,14.549531936645508,4.422730922698975,13.468363761901855,-7.335094928741455,9.075159072875977,-3.701846122741699,9.945863723754883,-5.673325061798096,9.643325805664062,-6.508970260620117,9.386422157287598,-2.4842114448547363,9.946654319763184,-1.303108811378479,10.729631423950195,-4.737823009490967,11.550137519836426,-8.122076988220215,12.248501777648926
Q1_J6X3rVU1H-c_1.wav,Happy,123.046875,0.019318006932735443,0.011434695683419704,0.06604464285714286,980.5858672136992,1774.803515625,0.13015447556972504,0.24790000915527344,0.10625550895929337,0.25945669412612915,0.4845675826072693,0.17341318726539612,0.1954265832901001,0.14843586087226868,0.4168880879878998,0.31930842995643616,0.1471426635980606,0.2739576995372772,-413.5127868652344,126.40896606445312,153.46363830566406,50.893394470214844,-24.802366256713867,28.30817222595215,21.585737228393555,14.360648155212402,-1.6615561246871948,13.845725059509277,-4.625879287719727,8.227269172668457,-8.736566543579102,8.890911102294922,-9.372674942016602,9.190667152404785,-7.46720552444458,10.462546348571777,-0.5183630585670471,9.080398559570312,-2.442268133163452,10.049846649169922,-5.024204254150391,10.284042358398438,-8.583484649658203,9.449225425720215
Q1_J6X3rVU1H-c_2.wav,Happy,123.046875,0.028018662706017494,0.012835325673222542,0.0613521153911334,1002.4315201804225,1887.61179628186,0.12513786554336548,0.2299989014863968,0.10628680884838104,0.23281902074813843,0.33405011892318726,0.15663021802902222,0.25047147274017334,0.19918200373649597,0.5314487218856812,0.31622302532196045,0.13996952772140503,0.22004938125610352,-356.6818542480469,119.95091247558594,167.41798400878906,49.68373107910156,-37.886505126953125,17.30347442626953,30.434852600097656,14.284538269042969,-1.8341342210769653,12.627082824707031,-0.706973135471344,7.896347522735596,-11.00462818145752,8.368515968322754,-7.618333339691162,9.0985746383667,-9.764578819274902,9.765578269958496,-4.8702712059021,8.133953094482422,-2.6430163383483887,8.27990436553955,-5.053934574127197,8.9086332321167,-8.30727481842041,8.206342697143555
Q1_Jn9r0avp0fY_0.wav,Happy,161.4990234375,0.020303986966609955,0.011187638156116009,0.06264676991959064,953.5102486394383,1704.4663599917762,0.07418479025363922,0.10913700610399246,0.12358550727367401,0.4016677141189575,0.21610036492347717,0.10033942013978958,0.20901259779930115,0.1913875788450241,0.6046324372291565,0.21626614034175873,0.33409616351127625,0.23591461777687073,-433.7845458984375,143.81423950195312,159.58877563476562,57.65020751953125,-36.17143630981445,29.82320213317871,24.373796463012695,14.602645874023438,-3.0019919872283936,13.18030071258545,-6.778324127197266,8.213094711303711,-12.939313888549805,9.45860767364502,-13.348320007324219,9.729157447814941,-16.364072799682617,11.957195281982422,-11.775650024414062,10.541383743286133,-10.441678047180176,10.043351173400879,-12.211143493652344,11.166768074035645,-8.429329872131348,10.731813430786133
Q1_Jn9r0avp0fY_1.wav,Happy,123.046875,0.026699088513851166,0.012068934738636017,0.07263769597278566,1072.398212096863,1944.714677358012,0.2588889002799988,0.3207587003707886,0.16392774879932404,0.37354665994644165,0.23195794224739075,0.31383782625198364,0.2797201871871948,0.1905364841222763,0.4025370180606842,0.2092403620481491,0.2692212164402008,0.15652558207511902,-362.9327392578125,131.020263671875,165.9728546142578,56.216636657714844,-43.424964904785156,17.945940017700195,25.762210845947266,15.463823318481445,-6.156418800354004,11.477952003479004,-0.6972538828849792,8.286547660827637,-7.346647262573242,11.634111404418945,-6.183924674987793,9.689444541931152,-9.285672187805176,10.6882905960083,-2.418945074081421,10.697614669799805,-4.348755359649658,9.243380546569824,-2.44340443611145,11.281538963317871,-8.118623733520508,10.680073738098145
Q1_Jn9r0avp0fY_2.wav,Happy,123.046875,0.02059962972998619,0.009622670710086823,0.07065673298535792,1088.5579813036204,2033.8542416918044,0.08738933503627777,0.18979871273040771,0.3274097144603729,0.17697227001190186,0.4268161356449127,0.1775423288345337,0.39311838150024414,0.1961647868156433,0.13783173263072968,0.3316108286380768,0.12761041522026062,0.24844320118427277,-403.844482421875,131.29026794433594,163.09449768066406,59.03661346435547,-40.21544647216797,16.535337448120117,25.379838943481445,14.3257417678833,-6.004934310913086,14.68621826171875,-4.438704490661621,9.559128761291504,-10.846355438232422,13.422293663024902,-10.32524299621582,11.359353065490723,-10.876004219055176,10.750325202941895,-6.826364994049072,11.890496253967285,0.3848941922187805,9.472070693969727,-0.7207465767860413,10.061539649963379,-6.79373025894165,10.033702850341797
Q1_Jn9r0avp0fY_3.wav,Happy,95.703125,0.02857453003525734,0.014165106229484081,0.06899787007160538,1001.8363111268047,1794.0934889387377,0.14363537728786469,0.22880087792873383,0.7143222093582153,0.20914226770401,0.19268041849136353,0.08682886511087418,0.18789368867874146,0.2678714394569397,0.15947873890399933,0.4006785452365875,0.1584572196006775,0.16924002766609192,-366.6767883300781,136.720947265625,170.6226806640625,56.06657028198242,-36.91191482543945,27.753339767456055,24.13408851623535,13.659482955932617,-7.0603132247924805,13.036640167236328,-0.406680703163147,7.684676647186279,-8.175434112548828,8.838282585144043,-6.5316314697265625,8.334376335144043,-8.904223442077637,9.35042953491211,-5.610235691070557,8.861242294311523,-1.3889856338500977,6.926806926727295,-3.0690784454345703,8.17851448059082,-5.427296161651611,7.223178386688232
Q1_JT1XJnVmABo_3.wav,Happy,107.666015625,0.010887205600738525,0.00831347331404686,0.06975070336342828,888.0767535471629,1484.7066885093463,0.09968866407871246,0.05605010315775871,0.05346780642867088,0.24188469350337982,0.4936811625957489,0.13581566512584686,0.18930025398731232,0.11476407200098038,0.2662348449230194,0.30222615599632263,0.1632748544216156,0.34129777550697327,-520.1300659179688,130.8342742919922,150.5575408935547,60.84547424316406,-26.12863540649414,27.997072219848633,12.027504920959473,14.211433410644531,3.432988405227661,14.723721504211426,-3.540998697280884,7.589039325714111,-3.7242238521575928,9.39167594909668,-9.807443618774414,9.73193645477295,-7.820775985717773,10.221199989318848,1.046309471130371,10.291553497314453,4.6817216873168945,12.276727676391602,-4.7315592765808105,11.726508140563965,-10.324103355407715,11.857008934020996
Q1_JT1XJnVmABo_4.wav,Happy,112.34714673913044,0.01407349668443203,0.008164000697433949,0.068077268119207,944.0575679533412,1722.8447486885298,0.0958712249994278,0.2175813764333725,0.10816270112991333,0.2922588288784027,0.3421053886413574,0.1268998086452484,0.22771364450454712,0.13576601445674896,0.330630898475647,0.2730758488178253,0.10249504446983337,0.19792136549949646,-466.0799255371094,136.56015014648438,162.5784912109375,66.71885681152344,-36.318878173828125,20.03421974182129,23.137386322021484,14.115852355957031,0.45595529675483704,12.318690299987793,-6.761999130249023,7.429096698760986,-6.440783500671387,7.28106689453125,-11.31586742401123,11.150888442993164,-11.00618839263916,10.2268705368042,-3.97352933883667,7.779568672180176,-0.41532179713249207,9.34572696685791,-1.3759419918060303,10.96467399597168,-4.754194736480713,7.405938625335693
Q1_JT1XJnVmABo_5.wav,Happy,107.666015625,0.014604139141738415,0.008466963656246662,0.07851423133282365,974.7078319162819,1670.469511539564,0.1107444167137146,0.15478312969207764,0.07155678421258926,0.23026983439922333,0.3334134817123413,0.13131055235862732,0.3144818842411041,0.13948756456375122,0.29565703868865967,0.22371500730514526,0.12277352064847946,0.3041684329509735,-464.98516845703125,139.6580352783203,162.08094787597656,64.5313491821289,-37.65550994873047,23.176280975341797,15.465802192687988,12.363536834716797,-1.1649249792099,14.079833984375,-1.6454651355743408,8.837615013122559,-3.4389188289642334,7.674981594085693,-6.8420000076293945,7.911180019378662,-9.177250862121582,11.444587707519531,-4.598262786865234,11.29463005065918,-1.1754087209701538,11.072572708129883,-5.391158580780029,11.537927627563477,-6.874802112579346,8.866399765014648
Q1_JYVXM0qNQAg_0.wav,Happy,103.359375,0.013255954720079899,0.007157451007515192,0.05131242797586768,797.8019087507448,1487.1105665757186,0.10634186863899231,0.1628400683403015,0.4603426456451416,0.19756631553173065,0.249585822224617,0.15755026042461395,0.2840421199798584,0.23623158037662506,0.14306966960430145,0.26602286100387573,0.13390803337097168,0.23021411895751953,-463.62921142578125,104.64347839355469,174.3527374267578,61.97171401977539,-24.620220184326172,14.234302520751953,20.951629638671875,11.544193267822266,16.44563102722168,12.374367713928223,-6.618006229400635,6.656916618347168,0.42691269516944885,7.43009614944458,-7.456879138946533,6.57965612411499,-11.012358665466309,7.82742977142334,-6.9520721435546875,7.14743709564209,-3.6055150032043457,7.9528350830078125,-4.506913661956787,9.85329818725586,-8.496905326843262,6.596320152282715
Q1_JYVXM0qNQAg_2.wav,Happy,161.4990234375,0.012155969627201557,0.006733724381774664,0.060876014692922996,906.9243852783844,1625.9378362891473,0.1425766944885254,0.16749897599220276,0.4014687240123749,0.14208197593688965,0.09549175202846527,0.07106363773345947,0.24633494019508362,0.295807808637619,0.15037818253040314,0.37708553671836853,0.13065610826015472,0.22516214847564697,-489.9864501953125,111.66453552246094,160.80780029296875,54.42985916137695,-31.629932403564453,21.780569076538086,18.455936431884766,17.866159439086914,4.4300079345703125,16.922590255737305,-7.776161193847656,9.0674467086792,-8.462944030761719,10.568459510803223,-6.838504791259766,11.544608116149902,-8.318942070007324,14.192758560180664,-8.742910385131836,12.1385498046875,-6.71302604675293,10.358510971069336,-9.811226844787598,10.835925102233887,-8.751558303833008,9.788566589355469
Q1_jziI_cuN_H8_0.wav,Happy,161.4990234375,0.024930115789175034,0.016477862372994423,0.046814569152227724,785.3806947524662,1467.9888130414604,0.09513251483440399,0.23815669119358063,0.7359485626220703,0.24510112404823303,0.15629450976848602,0.1502944529056549,0.08868402987718582,0.13254494965076447,0.1718662977218628,0.41321444511413574,0.2431047558784485,0.09142570197582245,-425.63800048828125,144.69757080078125,159.64889526367188,63.149051666259766,-21.336450576782227,29.107791900634766,23.9249324798584,15.599445343017578,5.782615661621094,12.680985450744629,-0.6733918786048889,7.901390075683594,-7.812549591064453,8.151113510131836,-9.440189361572266,8.15417766571045,-5.834856033325195,6.725368499755859,-8.600095748901367,6.743612289428711,-3.106595754623413,7.232283592224121,-1.7746336460113525,6.547148704528809,-8.777580261230469,6.532641887664795
Q1_jziI_cuN_H8_1.wav,Happy,161.4990234375,0.027413664385676384,0.01740165799856186,0.06290022487181754,977.9910814050752,1781.499458539604,0.13581299781799316,0.19413062930107117,0.4190254211425781,0.165281280875206,0.24112236499786377,0.2420491725206375,0.13628198206424713,0.17819029092788696,0.23251599073410034,0.5019153356552124,0.28232482075691223,0.1353253275156021,-383.95477294921875,159.8430633544922,160.46131896972656,69.57522583007812,-30.603782653808594,20.670915603637695,21.805051803588867,15.001241683959961,-0.046729620546102524,11.846006393432617,2.2949821949005127,7.4856858253479,-4.426212310791016,7.69545841217041,-6.106246471405029,8.66101360321045,-9.900687217712402,7.9125142097473145,-2.3982088565826416,8.369778633117676,1.3853403329849243,8.369720458984375,0.9631986618041992,8.943361282348633,-5.808664798736572,8.836981773376465
Q1_jziI_cuN_H8_2.wav,Happy,143.5546875,0.030324529856443405,0.01407795399427414,0.055249923739154015,888.3172975042618,1665.7695910935806,0.23375935852527618,0.29083311557769775,0.535323441028595,0.24803583323955536,0.29355454444885254,0.3585442006587982,0.2903020977973938,0.2911420166492462,0.28427940607070923,0.48957303166389465,0.33173975348472595,0.18391616642475128,-344.0962219238281,115.38390350341797,188.15139770507812,52.67299270629883,-37.18568801879883,20.221511840820312,25.854421615600586,15.777971267700195,1.3556666374206543,12.483817100524902,2.190652370452881,7.030694007873535,-2.30495285987854,8.105977058410645,-5.340917587280273,7.223840236663818,-8.94020938873291,8.40822696685791,-3.856806755065918,7.804741382598877,1.9347306489944458,7.011695861816406,-2.775120735168457,7.941332817077637,-9.172691345214844,6.979485511779785
Q1_k4dxAlI5N-k_0.wav,Happy,92.28515625,0.022792335599660873,0.010512858629226685,0.056330271291208794,889.0262488735815,1685.3446514423076,0.24338363111019135,0.5361343026161194,0.18102741241455078,0.15669023990631104,0.20183318853378296,0.530437707901001,0.23811447620391846,0.2063813954591751,0.5395925641059875,0.23658594489097595,0.24600116908550262,0.13769590854644775,-381.84844970703125,123.94988250732422,189.32933044433594,51.58629608154297,-40.12667465209961,23.401565551757812,29.63900375366211,13.524547576904297,-0.13968181610107422,10.528115272521973,0.8342152237892151,7.524123668670654,-8.54985237121582,6.545655727386475,-5.487488269805908,7.436273097991943,-5.384350299835205,8.926213264465332,-3.989424705505371,7.162208557128906,-4.372903823852539,6.720854759216309,-1.9957963228225708,8.604640007019043,-7.521975517272949,6.448850631713867
Q1_k4dxAlI5N-k_1.wav,Happy,143.5546875,0.030660998076200485,0.013614845462143421,0.06862596136845828,975.65818829723,1778.7811581451115,0.18420492112636566,0.4966496229171753,0.1561417281627655,0.14311623573303223,0.19859233498573303,0.6320385932922363,0.2299850434064865,0.20718565583229065,0.6206493973731995,0.1954033225774765,0.1605817675590515,0.07484883069992065,-349.2002868652344,140.7117156982422,178.27935791015625,57.37372589111328,-45.142765045166016,20.51002311706543,27.69510841369629,13.273571014404297,-2.960904359817505,11.447405815124512,1.5936440229415894,6.720150947570801,-8.249283790588379,7.007321834564209,-4.881831169128418,6.018167018890381,-7.735597610473633,7.384293556213379,-4.209519386291504,8.449774742126465,-8.392192840576172,8.239279747009277,-1.7030272483825684,8.815844535827637,-11.135576248168945,6.451119422912598
Q1_K6OFDxBU370_0.wav,Happy,143.5546875,0.01107546966522932,0.0073066758923232555,0.05594407344461845,846.1667428479308,1558.0241209825242,0.2074059695005417,0.4266323447227478,0.19237232208251953,0.22233423590660095,0.12122252583503723,0.23437967896461487,0.2051885575056076,0.21978285908699036,0.49441012740135193,0.22760705649852753,0.27974817156791687,0.11569312959909439,-488.078125,130.2371063232422,164.90440368652344,72.85054016113281,-27.199308395385742,20.302759170532227,17.41870880126953,13.467730522155762,13.30958366394043,11.6282320022583,-7.981636047363281,7.666797637939453,-8.351887702941895,6.908907890319824,-11.406214714050293,7.666765213012695,-7.011283874511719,7.998652458190918,-4.852598190307617,7.948590278625488,-3.887176752090454,7.220541477203369,-4.667192459106445,7.041205406188965,-7.441816329956055,8.442556381225586
Q1_K6OFDxBU370_1.wav,Happy,151.99908088235293,0.014069367200136185,0.009172203950583935,0.06600326257514144,949.4644951329927,1719.8389638768565,0.16324946284294128,0.4029591977596283,0.1449010670185089,0.22097480297088623,0.11272363364696503,0.2436167597770691,0.43239766359329224,0.16112525761127472,0.21804732084274292,0.2537488639354706,0.2324802726507187,0.06661255657672882,-467.4017333984375,127.0472412109375,157.38638305664062,61.15926742553711,-30.9480037689209,20.017759323120117,19.9094181060791,17.945297241210938,0.4493197500705719,13.524909973144531,-8.217791557312012,8.717708587646484,-8.008840560913086,9.709210395812988,-7.9747514724731445,9.760433197021484,-4.185122013092041,10.275254249572754,-3.060614585876465,8.455626487731934,-2.266078472137451,9.669258117675781,-1.3687222003936768,11.62862777709961,-7.92985725402832,11.0058012008667
Q1_KxlqB3j0zys_0.wav,Happy,184.5703125,0.007787533104419708,0.006468278355896473,0.0569451387947397,862.6907029240961,1506.354991060534,0.10665469616651535,0.13558824360370636,0.06390807777643204,0.1885986328125,0.4647122919559479,0.1589256078004837,0.23448552191257477,0.10960454493761063,0.24332231283187866,0.18902842700481415,0.31999409198760986,0.3483116924762726,-538.322265625,117.60662078857422,144.47152709960938,60.170928955078125,-18.839014053344727,25.01983070373535,7.997525691986084,14.768760681152344,6.590890407562256,14.15837287902832,-11.240350723266602,8.85723876953125,-12.684202194213867,10.6891508102417,-12.865870475769043,10.53783893585205,-12.686779022216797,9.907773971557617,-7.592984199523926,8.501690864562988,-6.0022687911987305,7.588318347930908,-9.350799560546875,7.983604907989502,-9.898268699645996,9.1166353225708
Q1_KxlqB3j0zys_1.wav,Happy,184.5703125,0.00784593541175127,0.006809787359088659,0.06117867904354588,902.3734076980525,1533.9979299305016,0.0988135039806366,0.156905397772789,0.0978834331035614,0.26490819454193115,0.535740315914154,0.16348442435264587,0.23156866431236267,0.10263016074895859,0.21426647901535034,0.2762351930141449,0.13505935668945312,0.2638641893863678,-552.911376953125,144.11407470703125,138.69549560546875,73.43021392822266,-22.354658126831055,25.542312622070312,12.05703067779541,13.091184616088867,1.4117721319198608,13.906203269958496,-11.93969440460205,8.31752872467041,-9.759427070617676,10.794522285461426,-11.144147872924805,10.707353591918945,-8.24329948425293,10.101359367370605,-3.7467308044433594,9.244348526000977,-5.629908561706543,8.166338920593262,-9.208357810974121,9.128341674804688,-9.238144874572754,8.585664749145508
Q1_miqLU2739dk_1.wav,Happy,151.99908088235293,0.026210967451334,0.013596336357295513,0.06322171698196605,938.9612655607026,1747.5473536123143,0.38842418789863586,0.16591806709766388,0.2928864657878876,0.1469879299402237,0.3352954685688019,0.39522573351860046,0.20895150303840637,0.39946961402893066,0.23441876471042633,0.22800689935684204,0.20019406080245972,0.1764942854642868,-374.0866394042969,135.11663818359375,174.26467895507812,57.49750518798828,-41.14900207519531,25.142730712890625,28.856264114379883,15.152453422546387,-2.392638921737671,13.07291316986084,-2.330409526824951,7.543239116668701,-9.574292182922363,7.970052242279053,-10.250903129577637,9.359491348266602,-11.110361099243164,9.766538619995117,-6.763864040374756,7.494571208953857,-1.1733927726745605,7.341015815734863,-3.6084694862365723,8.210729598999023,-8.418511390686035,8.248749732971191
Q1_mX-xs3OVhTs_0.wav,Happy,123.046875,0.016406899318099022,0.009014299139380455,0.05616512055781471,880.7320808828196,1614.6475914681312,0.10231827199459076,0.25312539935112,0.2716169059276581,0.17921800911426544,0.3451403081417084,0.12134971469640732,0.1327691227197647,0.10474496334791183,0.33837777376174927,0.5191985964775085,0.15843933820724487,0.14494483172893524,-457.7561950683594,115.93391418457031,165.99403381347656,58.1417350769043,-30.82714080810547,17.085203170776367,24.797344207763672,14.335820198059082,4.670078277587891,14.632601737976074,-8.510875701904297,9.374687194824219,-7.069118499755859,9.746347427368164,-6.949822902679443,10.288412094116211,-10.061216354370117,11.605899810791016,-4.555238723754883,9.279053688049316,-1.4908512830734253,11.111473083496094,-4.768458843231201,11.542811393737793,-6.093204498291016,9.297464370727539
Q1_mX-xs3OVhTs_1.wav,Happy,129.19921875,0.017515063285827637,0.010043730027973652,0.05429003768122348,847.2081934315343,1611.563805306312,0.20604856312274933,0.27880924940109253,0.27232953906059265,0.19715067744255066,0.33867841958999634,0.15561047196388245,0.2769679129123688,0.2047208547592163,0.3425429165363312,0.4289077818393707,0.1960192769765854,0.24762789905071259,-428.7452697753906,121.19461822509766,176.06382751464844,58.642757415771484,-33.938636779785156,19.713058471679688,25.274152755737305,15.753125190734863,5.89603328704834,12.366926193237305,-3.2934014797210693,8.653718948364258,-8.337574005126953,10.039926528930664,-10.043744087219238,9.092795372009277,-7.40850830078125,8.046525955200195,-5.603776454925537,7.055871963500977,-3.6912081241607666,7.904966354370117,-8.790401458740234,8.198848724365234,-8.85318374633789,7.612295627593994
Q1_NGE9ynTJABg_0.wav,Happy,112.34714673913044,0.018556952476501465,0.014043141156435013,0.07706200427219499,1154.1732451755156,2140.847239774816,0.08154164999723434,0.25573307275772095,0.5384837985038757,0.19548839330673218,0.22065681219100952,0.10097900778055191,0.2124340981245041,0.1451200395822525,0.1580009162425995,0.40777820348739624,0.13637317717075348,0.12492088228464127,-435.84857177734375,156.5317840576172,137.79434204101562,70.454833984375,-27.8555965423584,19.261991500854492,14.325199127197266,14.781245231628418,-1.441978931427002,13.619534492492676,-1.02647066116333,7.23915958404541,-3.848646640777588,9.561437606811523,-3.7295804023742676,7.746417999267578,-7.855162143707275,9.164833068847656,-4.964923858642578,8.816203117370605,-0.36794957518577576,11.433250427246094,0.4195553958415985,14.507179260253906,-4.094717502593994,12.721016883850098
Q1_NGE9ynTJABg_1.wav,Happy,117.45383522727273,0.02550213411450386,0.015124527737498283,0.0622406653332744,966.1610425152031,1802.0351900912747,0.1056678295135498,0.2610074281692505,0.5002186894416809,0.17921721935272217,0.19804517924785614,0.12060704082250595,0.1979038417339325,0.22197690606117249,0.22564785182476044,0.507552981376648,0.1661788374185562,0.19224248826503754,-387.8004455566406,151.80548095703125,153.88864135742188,60.299949645996094,-29.426015853881836,26.057836532592773,26.298778533935547,15.59278392791748,-3.5544402599334717,9.522560119628906,-1.342542052268982,7.942340850830078,-7.75203800201416,8.168604850769043,-5.380366802215576,7.657370567321777,-10.776302337646484,9.103333473205566,-5.99567985534668,8.494050025939941,1.0603543519973755,7.854674816131592,0.31036341190338135,8.95638656616211,-5.060283184051514,6.9109625816345215
Q1_NGE9ynTJABg_2.wav,Happy,117.45383522727273,0.027873339131474495,0.013268972747027874,0.06533921388790664,1037.4479974023486,1988.250188544245,0.12121500074863434,0.24564100801944733,0.38368430733680725,0.18132413923740387,0.2675299644470215,0.1528151035308838,0.22440658509731293,0.25539591908454895,0.24442707002162933,0.49983251094818115,0.20242318511009216,0.24017566442489624,-357.0465087890625,138.05007934570312,162.11805725097656,57.008724212646484,-36.76097869873047,17.90232276916504,31.607032775878906,14.672496795654297,-4.035976886749268,11.618368148803711,1.0533887147903442,7.235284328460693,-8.346895217895508,7.982602119445801,-4.936616897583008,8.401249885559082,-12.342369079589844,10.23801040649414,-6.079494476318359,8.283329963684082,-1.2711617946624756,7.972579002380371,-0.25310036540031433,8.946261405944824,-5.53211784362793,7.735026836395264
Q1_nOIBJHkqrE8_0.wav,Happy,135.99917763157896,0.025430919602513313,0.013871271163225174,0.06128447666195191,983.224289586833,1829.1725083152846,0.32526952028274536,0.15156923234462738,0.21480326354503632,0.0943826213479042,0.1671883463859558,0.2090342789888382,0.1421675980091095,0.23962920904159546,0.150357186794281,0.3681923747062683,0.35277560353279114,0.1666763722896576,-379.44390869140625,131.11614990234375,157.99456787109375,57.37285232543945,-29.28995132446289,17.290985107421875,25.214191436767578,14.147477149963379,-2.2115819454193115,10.868818283081055,-0.9297327995300293,7.095103740692139,-5.237788200378418,8.304201126098633,-2.5789926052093506,7.894525051116943,-8.799487113952637,7.504773139953613,-2.817537307739258,8.381129264831543,-1.9460946321487427,7.957342624664307,-2.1599249839782715,8.009879112243652,-5.50046968460083,6.546104431152344
Q1_NP0lwB-_-og_1.wav,Happy,161.4990234375,0.01783185452222824,0.010089019313454628,0.06617614348901844,924.8775287888042,1666.1899790070838,0.4327312707901001,0.18312211334705353,0.34824326634407043,0.13791503012180328,0.2707933485507965,0.20029737055301666,0.13895083963871002,0.30058249831199646,0.17321856319904327,0.3817901909351349,0.11412285268306732,0.1821081042289734,-424.3208923339844,123.38676452636719,172.57223510742188,53.574256896972656,-32.998172760009766,23.387653350830078,26.189868927001953,14.645880699157715,1.6242594718933105,14.7337007522583,-3.9729795455932617,7.729275226593018,-4.944733142852783,8.3691987991333,-6.44790506362915,9.037367820739746,-9.293055534362793,8.333183288574219,-6.304887294769287,8.186869621276855,-5.413486003875732,10.325671195983887,-2.2797305583953857,9.287371635437012,-1.5173192024230957,8.70278263092041
Q1_o5AIp2Yc01M_0.wav,Happy,151.99908088235293,0.020401837304234505,0.013665708713233471,0.06386055737270156,932.9250754910403,1631.1858224396658,0.08114128559827805,0.1670268326997757,0.3981955945491791,0.19674508273601532,0.39692577719688416,0.27117156982421875,0.09435620903968811,0.12356487661600113,0.20223547518253326,0.3558395504951477,0.17850595712661743,0.07750988751649857,-438.255126953125,143.94790649414062,147.75811767578125,57.536048889160156,-22.481712341308594,30.74073600769043,19.527708053588867,17.130268096923828,-6.694386959075928,13.167800903320312,-6.64749002456665,8.545143127441406,-11.042792320251465,9.284453392028809,-9.602778434753418,10.800535202026367,-12.722124099731445,13.901047706604004,-7.204207897186279,11.172961235046387,0.4904184341430664,10.994555473327637,-0.670073926448822,12.958938598632812,-5.936132431030273,8.935401916503906
Q1_o5AIp2Yc01M_1.wav,Happy,151.99908088235293,0.02156304381787777,0.012546460144221783,0.0726294527860629,1042.3434184865828,1813.600168621204,0.23421043157577515,0.16654329001903534,0.3407455086708069,0.15548038482666016,0.23350699245929718,0.23554126918315887,0.13694968819618225,0.21604116261005402,0.2841218411922455,0.4572001099586487,0.1894507110118866,0.11580964177846909,-414.0567932128906,133.74185180664062,153.67601013183594,52.91033935546875,-31.120119094848633,23.434947967529297,18.72259521484375,16.7283992767334,-7.861504077911377,15.264594078063965,-2.1683077812194824,8.993759155273438,-5.981282711029053,11.535758018493652,-3.230538845062256,12.11839485168457,-9.315515518188477,14.716283798217773,-5.285895347595215,12.247282028198242,0.13219957053661346,11.303550720214844,0.662004828453064,11.579748153686523,-4.193183898925781,9.711209297180176
Q1_osxmQReE_2o_0.wav,Happy,135.99917763157896,0.014781096950173378,0.00864956621080637,0.05270207005829718,817.6431700563965,1502.47224158165,0.064764603972435,0.22728899121284485,0.5322651267051697,0.2523854374885559,0.3500441014766693,0.09881909191608429,0.14100447297096252,0.17407451570034027,0.16112178564071655,0.4514174163341522,0.1313931792974472,0.10492292791604996,-461.37957763671875,115.42243957519531,160.98313903808594,53.679439544677734,-23.745361328125,22.558847427368164,19.872276306152344,13.167888641357422,6.4763617515563965,12.646531105041504,-7.362576007843018,6.705349445343018,-10.381308555603027,7.694504261016846,-8.432337760925293,8.221906661987305,-8.474184036254883,9.659778594970703,-12.737798690795898,9.620182991027832,-8.860823631286621,7.9021382331848145,-9.055986404418945,9.559677124023438,-10.50820255279541,7.696651458740234
Q1_PdwxeMPXOCk_0.wav,Happy,117.45383522727273,0.019326603040099144,0.010133473202586174,0.050640644065211494,851.1246744202604,1617.4541746458108,0.2373732030391693,0.17603348195552826,0.42159685492515564,0.42303627729415894,0.231324702501297,0.24933582544326782,0.1344987154006958,0.2588871419429779,0.1934676319360733,0.24855610728263855,0.4714984893798828,0.20330272614955902,-413.8574523925781,114.34307861328125,173.19776916503906,53.29347229003906,-33.81209182739258,20.775850296020508,27.58176040649414,14.390473365783691,5.530896186828613,10.904471397399902,-6.668451309204102,7.565962791442871,-8.866628646850586,9.649760246276855,-11.700860023498535,8.621350288391113,-9.585468292236328,8.83802318572998,-7.797420024871826,7.766310214996338,-5.902298927307129,7.973297119140625,-7.253976345062256,8.975890159606934,-10.592216491699219,9.032853126525879
Q1_PdwxeMPXOCk_1.wav,Happy,86.1328125,0.020934438332915306,0.010180373676121235,0.05539851208893211,898.3259304658311,1764.95361328125,0.3182336688041687,0.17113631963729858,0.340699702501297,0.29732489585876465,0.2608211040496826,0.2739514112472534,0.14942148327827454,0.33970513939857483,0.17726680636405945,0.3061290383338928,0.34925469756126404,0.20811006426811218,-406.0508728027344,116.77667236328125,173.89895629882812,55.253204345703125,-39.32545471191406,15.944897651672363,32.791229248046875,15.8720064163208,6.1179914474487305,11.7811918258667,-5.489224433898926,7.281919479370117,-10.118687629699707,9.437348365783691,-10.754131317138672,7.787629127502441,-10.65136432647705,9.459603309631348,-10.32839584350586,7.965876579284668,-5.745225429534912,7.301068305969238,-6.18690824508667,9.273971557617188,-8.786113739013672,8.514612197875977
Q1_PdwxeMPXOCk_2.wav,Happy,117.45383522727273,0.022730154916644096,0.012920922599732876,0.06702213449451133,1066.428642656009,1982.0840722102957,0.30035293102264404,0.17231713235378265,0.29581359028816223,0.17711472511291504,0.17797082662582397,0.2802322804927826,0.16792327165603638,0.31979337334632874,0.18602636456489563,0.27599087357521057,0.352735310792923,0.2535819113254547,-388.3096618652344,134.72808837890625,161.9202880859375,57.11972427368164,-36.15102005004883,16.44269371032715,24.541542053222656,13.637227058410645,-3.418241262435913,11.254544258117676,-0.07283931970596313,6.629414081573486,-5.932055473327637,8.779666900634766,-3.6371281147003174,9.770367622375488,-5.197940826416016,7.764759540557861,-1.4886302947998047,8.572017669677734,-2.098198890686035,9.911064147949219,-5.0877861976623535,10.055987358093262,-9.024285316467285,9.444696426391602
Q1_pNwQ9Tu_bCs_0.wav,Happy,117.45383522727273,0.01277578342705965,0.007579239085316658,0.054747078785927335,851.4485844047467,1591.7521247119034,0.14508947730064392,0.2426576465368271,0.22163976728916168,0.12627913057804108,0.19831688702106476,0.15211188793182373,0.4281475841999054,0.17685797810554504,0.16549775004386902,0.41638731956481934,0.1956590861082077,0.3246062695980072,-472.404296875,113.46047973632812,170.3716278076172,49.88920593261719,-28.999649047851562,26.138545989990234,24.45368003845215,15.15511703491211,9.074006080627441,14.876102447509766,-4.750028133392334,8.527175903320312,-6.90459680557251,9.874979019165039,-9.288982391357422,8.698019981384277,-9.594154357910156,9.109933853149414,-8.411206245422363,10.233258247375488,-7.573715686798096,11.291576385498047,-7.9603471755981445,11.37965202331543,-7.825224876403809,9.491655349731445
Q1_pNwQ9Tu_bCs_1.wav,Happy,117.45383522727273,0.012808148749172688,0.008127572946250439,0.055258155001387345,892.2413798931631,1638.8655617022753,0.08840110152959824,0.24711349606513977,0.26919227838516235,0.11877615749835968,0.15592263638973236,0.11985901743173599,0.3430885672569275,0.26620015501976013,0.22134220600128174,0.42600753903388977,0.14957210421562195,0.13335886597633362,-489.0746765136719,127.86891174316406,153.0900421142578,59.462223052978516,-27.053945541381836,22.573528289794922,21.957164764404297,16.35296058654785,6.547552585601807,13.464539527893066,-5.824806213378906,8.339502334594727,-8.741694450378418,9.436507225036621,-9.488693237304688,8.898212432861328,-7.669278144836426,8.54194164276123,-7.912281513214111,11.207265853881836,-5.4648213386535645,10.03834342956543,-5.382474422454834,10.244900703430176,-8.802932739257812,9.008151054382324
Q1_pNwQ9Tu_bCs_2.wav,Happy,117.45383522727273,0.016008052974939346,0.007327166851609945,0.05618994458378525,877.9694131722975,1630.5387484535995,0.13473418354988098,0.23609401285648346,0.1696796715259552,0.3499658405780792,0.3683386743068695,0.16074098646640778,0.2517651915550232,0.18875692784786224,0.385501891374588,0.15645772218704224,0.19369803369045258,0.28165265917778015,-435.7882080078125,100.4496078491211,180.5581817626953,48.83530807495117,-37.598182678222656,15.039246559143066,27.536808013916016,12.673612594604492,5.556788921356201,13.369507789611816,-5.3082709312438965,8.187705039978027,-6.665693759918213,9.07900619506836,-10.327948570251465,9.859783172607422,-10.094332695007324,11.047933578491211,-6.518712997436523,10.622178077697754,-2.3375909328460693,10.103606224060059,-4.929944038391113,11.99016284942627,-8.697309494018555,9.895864486694336
Q1_POaIGvLsp5M_0.wav,Happy,184.5703125,0.010906253010034561,0.006520240101963282,0.06764425893380199,1008.6130868204251,1775.2656370139498,0.06502478569746017,0.1515156477689743,0.24974127113819122,0.11123987287282944,0.26943162083625793,0.09244558960199356,0.18945829570293427,0.15522313117980957,0.15019407868385315,0.36621183156967163,0.11372079700231552,0.195319265127182,-532.75634765625,123.82006072998047,138.10618591308594,56.94898986816406,-31.126127243041992,21.211973190307617,20.264219284057617,15.959451675415039,-0.0955752283334732,13.7316312789917,-11.589550971984863,9.030130386352539,-9.015838623046875,8.907716751098633,-12.786474227905273,10.69663143157959,-13.143683433532715,12.686241149902344,-10.47274398803711,12.329028129577637,-1.6081433296203613,12.851068496704102,-2.4188966751098633,17.30314064025879,-4.896707534790039,15.947097778320312
Q1_POaIGvLsp5M_1.wav,Happy,184.5703125,0.013291526585817337,0.007520126178860664,0.06296832188610782,963.8052085438692,1672.5800717611448,0.07276534289121628,0.23037080466747284,0.423022598028183,0.11245700716972351,0.1782999336719513,0.09393388032913208,0.25022298097610474,0.14725206792354584,0.12818890810012817,0.3656485974788666,0.12334925681352615,0.18466782569885254,-503.9903869628906,129.4938507080078,139.5594024658203,54.01800537109375,-32.935543060302734,23.96095085144043,22.95768165588379,19.021133422851562,-3.127666473388672,14.95251750946045,-9.754960060119629,8.459366798400879,-8.226457595825195,7.728210926055908,-15.631877899169922,10.042108535766602,-18.16824722290039,9.193001747131348,-12.857322692871094,10.927495956420898,-0.3659311830997467,14.690156936645508,3.511536121368408,11.449834823608398,-2.3175928592681885,9.71463680267334
Q1_qlbazHayULg_8.wav,Happy,184.5703125,0.02470223605632782,0.012455877847969532,0.056481483442922996,912.5582968810252,1719.9062123991662,0.4811699688434601,0.24970346689224243,0.4104909896850586,0.243779256939888,0.3929814100265503,0.2544775903224945,0.14657913148403168,0.31160101294517517,0.18213485181331635,0.16125714778900146,0.08664247393608093,0.17175152897834778,-379.4210510253906,131.6371612548828,170.36651611328125,54.35414123535156,-32.710418701171875,25.230592727661133,29.366313934326172,14.26820182800293,-1.8000633716583252,9.031076431274414,-1.7310240268707275,7.033766746520996,-10.386591911315918,7.515750408172607,-9.385700225830078,8.4283447265625,-12.919082641601562,7.421811580657959,-6.705679893493652,7.263957977294922,-7.309427261352539,7.359893798828125,-2.5969326496124268,8.8431978225708,-8.29068660736084,8.339301109313965
Q1_QwsQ8ejbMKg_0.wav,Happy,112.34714673913044,0.021497614681720734,0.008815402165055275,0.0596097668960141,902.1267287208291,1612.1000674696652,0.15806074440479279,0.28679803013801575,0.23197726905345917,0.3377295732498169,0.14130273461341858,0.17685814201831818,0.28565552830696106,0.18793384730815887,0.3835720717906952,0.2403191477060318,0.3973485231399536,0.2748009264469147,-385.1297912597656,101.45218658447266,183.465576171875,50.33704376220703,-37.204132080078125,13.601536750793457,21.549036026000977,10.900362014770508,-1.2106038331985474,12.786724090576172,-3.5546844005584717,7.1708455085754395,-0.5364766120910645,8.085143089294434,-3.2153563499450684,8.510699272155762,-2.8378212451934814,8.792572975158691,1.3774855136871338,8.194520950317383,0.9003241658210754,8.287643432617188,-3.0242345333099365,8.919215202331543,-7.798052787780762,7.552332401275635
Q1_QwsQ8ejbMKg_1.wav,Happy,112.34714673913044,0.019423214718699455,0.01196743082255125,0.06341068615641215,945.0998687636596,1746.120896844885,0.18086770176887512,0.315241277217865,0.21811553835868835,0.26643478870391846,0.10428275167942047,0.1796354055404663,0.28411149978637695,0.17248466610908508,0.35577917098999023,0.18995018303394318,0.33204033970832825,0.22078336775302887,-427.1547546386719,149.76959228515625,168.55747985839844,70.93043518066406,-34.299747467041016,20.61786460876465,22.551067352294922,17.17043113708496,-0.7932792901992798,11.29397201538086,-1.3035576343536377,7.42011833190918,-2.1173653602600098,9.075077056884766,-3.7040791511535645,8.908225059509277,-5.168202877044678,8.48254108428955,-2.378863573074341,8.469061851501465,-0.11109574884176254,7.208350658416748,-1.502159833908081,8.726725578308105,-4.47021484375,8.325899124145508
Q1_r6laJv1-HMg_0.wav,Happy,99.38401442307692,0.019795933738350868,0.011111132800579071,0.05140404690889371,858.9853662325139,1667.8890468241593,0.17402678728103638,0.27914345264434814,0.16559365391731262,0.29493263363838196,0.13051633536815643,0.24755330383777618,0.4822990894317627,0.19444112479686737,0.2683177888393402,0.18636995553970337,0.4732838273048401,0.3000798225402832,-402.1697692871094,108.03717041015625,177.2534637451172,53.01872634887695,-32.3251838684082,18.743183135986328,25.084747314453125,13.459168434143066,10.021742820739746,12.094154357910156,-5.416406631469727,7.750237941741943,-11.952420234680176,8.381682395935059,-10.989408493041992,7.674158096313477,-9.929718017578125,9.097820281982422,-11.094564437866211,8.392365455627441,-3.2262587547302246,7.9547295570373535,-5.431209564208984,6.980472087860107,-11.202058792114258,6.7214035987854
Q1_RaUSISlnhKw_0.wav,Happy,135.99917763157896,0.009411810897290707,0.007193267345428467,0.06298173489254733,891.0332130538359,1661.503990967567,0.7473021149635315,0.2330668419599533,0.12440714240074158,0.08579401671886444,0.175480455160141,0.08434266597032547,0.17651809751987457,0.4121277630329132,0.11788113415241241,0.0642230361700058,0.10452964901924133,0.3584395945072174,-510.9061584472656,141.60235595703125,168.39743041992188,67.05744934082031,-26.24094581604004,34.318607330322266,14.46512222290039,11.705629348754883,6.964320659637451,13.275650978088379,-1.8589552640914917,8.235918998718262,-2.7444875240325928,7.485917091369629,-7.602914333343506,9.684422492980957,-7.491227149963379,5.26619815826416,-6.215545177459717,7.451179504394531,-8.02064323425293,7.372659683227539,-5.12799596786499,6.7446465492248535,-5.034844875335693,8.115052223205566
Q1_RaUSISlnhKw_1.wav,Happy,143.5546875,0.020200828090310097,0.00926490779966116,0.06912674976274404,995.8971440773284,1814.1665245602292,0.46702587604522705,0.16085338592529297,0.1774081438779831,0.157912939786911,0.3585048317909241,0.37455010414123535,0.1659553050994873,0.31761372089385986,0.17244629561901093,0.17340372502803802,0.15133999288082123,0.20168672502040863,-402.8635559082031,123.4743881225586,170.8607177734375,59.78816223144531,-41.92283248901367,15.671060562133789,26.062360763549805,12.970620155334473,-0.4810347557067871,12.604866981506348,-1.300887942314148,7.834957599639893,-4.901325702667236,7.36266565322876,-7.739681720733643,9.16619873046875,-8.756914138793945,9.310297966003418,-5.238467693328857,8.00439453125,-0.04470831900835037,10.953154563903809,-2.351043939590454,8.308586120605469,-7.087646961212158,10.586691856384277
Q1_RaUSISlnhKw_2.wav,Happy,143.5546875,0.017382850870490074,0.010075107216835022,0.06395471011400874,926.2662448787798,1657.051130593767,0.4036145806312561,0.21126997470855713,0.36524924635887146,0.16404052078723907,0.2934155762195587,0.29184582829475403,0.20413349568843842,0.48902833461761475,0.17926108837127686,0.17030414938926697,0.10566794127225876,0.2521052360534668,-426.2106018066406,147.0411834716797,171.63540649414062,60.43558883666992,-37.60603332519531,31.358177185058594,26.72426986694336,13.687888145446777,-0.3657374680042267,11.089978218078613,0.372356653213501,8.265360832214355,-3.0611281394958496,7.1252923011779785,-6.189101219177246,7.4257493019104,-10.67376708984375,7.99896240234375,-7.363881587982178,6.891808032989502,-3.3246912956237793,10.152176856994629,-4.242341041564941,8.436763763427734,-6.492179870605469,8.833745956420898
Q1_s5b8viFsVJE_0.wav,Happy,67.99958881578948,0.012138042598962784,0.005614293273538351,0.05542569608046933,843.1334442063607,1537.0815776139827,0.15696024894714355,0.3346196413040161,0.20766794681549072,0.18775564432144165,0.40361523628234863,0.17920081317424774,0.21694564819335938,0.13542237877845764,0.33551374077796936,0.5076922178268433,0.20380569994449615,0.3011515736579895,-460.9506530761719,98.46392822265625,187.16339111328125,50.84052276611328,-31.32341957092285,22.728397369384766,17.996477127075195,12.813444137573242,7.47506046295166,13.21760368347168,-8.632826805114746,7.916396617889404,-5.294939041137695,8.768322944641113,-8.190207481384277,7.63907527923584,-5.96880578994751,9.849699020385742,-5.299474716186523,7.584514141082764,-5.899682521820068,7.300316333770752,-7.141658782958984,8.755550384521484,-6.6161112785339355,8.291947364807129
Q1_s5b8viFsVJE_1.wav,Happy,135.99917763157896,0.012159904465079308,0.006603436078876257,0.06048154319638695,852.9101436656084,1477.8553526551573,0.14195846021175385,0.3224686086177826,0.17299707233905792,0.17997975647449493,0.48641839623451233,0.17120561003684998,0.24641813337802887,0.12035688757896423,0.268009215593338,0.3326083719730377,0.1279805302619934,0.21765738725662231,-478.0342102050781,117.06086730957031,179.23080444335938,58.674110412597656,-30.42909049987793,25.846607208251953,17.241052627563477,13.37598991394043,3.410672903060913,13.779141426086426,-7.121470928192139,8.274286270141602,-3.1585536003112793,10.50021743774414,-5.507760524749756,9.612157821655273,-3.065793991088867,7.199007511138916,-5.880336284637451,7.59419059753418,-5.066294193267822,8.530230522155762,-7.972517013549805,9.621736526489258,-8.803848266601562,9.101701736450195
Q1_s5b8viFsVJE_2.wav,Happy,67.99958881578948,0.014380181208252907,0.006441107951104641,0.06582160027472528,926.8898465345634,1609.8317307692307,0.13791705667972565,0.337216854095459,0.23739606142044067,0.18166464567184448,0.4713665544986725,0.13472074270248413,0.132747620344162,0.0891028344631195,0.2664722204208374,0.3508846163749695,0.13329491019248962,0.2792354226112366,-445.4333190917969,95.49433135986328,184.4523468017578,46.67652893066406,-36.247581481933594,14.515706062316895,19.377273559570312,16.363248825073242,-0.5967192053794861,14.889081001281738,-7.54271125793457,8.669879913330078,-2.780705690383911,9.174602508544922,-7.147320747375488,10.510376930236816,-11.740546226501465,11.100390434265137,-5.206690788269043,10.12673282623291,-3.654604196548462,9.722565650939941,-1.9907511472702026,10.369481086730957,-3.196371555328369,9.83708667755127
Q1_s6-SbDSZzEU_0.wav,Happy,129.19921875,0.016513807699084282,0.009232711046934128,0.04836775470187254,785.83392822621,1510.3377353502792,0.0860925018787384,0.23529697954654694,0.409884512424469,0.241854727268219,0.3955613076686859,0.16104771196842194,0.24751600623130798,0.27763184905052185,0.28541043400764465,0.5608217120170593,0.22451528906822205,0.10772917419672012,-435.0507507324219,117.15437316894531,177.12106323242188,64.57868194580078,-26.705801010131836,18.385547637939453,20.003944396972656,14.46709156036377,11.337596893310547,10.429794311523438,-3.3378655910491943,6.530104160308838,-3.9091174602508545,6.495432376861572,-7.521820068359375,8.206772804260254,-3.5547661781311035,6.165292739868164,-6.727168083190918,6.757076263427734,-1.4625556468963623,5.228620529174805,-6.048315048217773,6.959531307220459,-11.20905876159668,6.227038860321045
Q1_s6-SbDSZzEU_1.wav,Happy,129.19921875,0.01349481102079153,0.007877320982515812,0.05631297023986889,854.5128707944498,1574.5031927424761,0.5807190537452698,0.16583597660064697,0.08582665026187897,0.09100330621004105,0.2563399076461792,0.40864789485931396,0.1809755265712738,0.2416447103023529,0.17272432148456573,0.3799583911895752,0.30988869071006775,0.2190810739994049,-453.9761962890625,118.56181335449219,166.609130859375,53.8797492980957,-25.190031051635742,28.02526092529297,22.237031936645508,12.165318489074707,3.577746629714966,13.916692733764648,-4.037875175476074,7.479540824890137,-4.220588684082031,8.764777183532715,-4.794546604156494,8.709978103637695,-3.9956400394439697,7.429659843444824,-0.08486491441726685,9.238181114196777,-6.573033809661865,7.310557842254639,-5.469488143920898,8.009321212768555,-6.978889465332031,6.994112491607666
Q1_SlsXsqotUis_0.wav,Happy,117.45383522727273,0.02858290635049343,0.015711836516857147,0.06295007763420903,952.2434583671203,1752.3796948618647,0.15651747584342957,0.12286354601383209,0.26611238718032837,0.1920674592256546,0.39874696731567383,0.25782397389411926,0.1499234437942505,0.23946601152420044,0.357024222612381,0.45565783977508545,0.15383005142211914,0.15191206336021423,-365.73577880859375,136.79119873046875,169.42205810546875,56.652015686035156,-31.7501220703125,26.215238571166992,21.706575393676758,18.45720100402832,-2.839595079421997,10.04227352142334,0.7516522407531738,6.507029056549072,-6.203999042510986,7.51418399810791,-5.377965450286865,8.759244918823242,-9.535289764404297,8.977066040039062,-6.921125411987305,9.009295463562012,-1.7063589096069336,9.777568817138672,-6.730314254760742,11.013016700744629,-9.654367446899414,8.030509948730469
Q1_SQDuF0qxGQw_0.wav,Happy,117.45383522727273,0.01842927187681198,0.010989527218043804,0.05401719509362493,868.8891821858789,1637.890038727487,0.2362748682498932,0.1518165022134781,0.16734597086906433,0.4608347415924072,0.16334885358810425,0.13288365304470062,0.08866846561431885,0.2255087047815323,0.3415219485759735,0.19164466857910156,0.4278981685638428,0.1626717746257782,-422.7750549316406,114.21243286132812,164.33169555664062,52.94839859008789,-23.89415168762207,24.21771240234375,22.40862464904785,17.122940063476562,8.637896537780762,12.75035285949707,-6.672476768493652,7.859781265258789,-8.63463306427002,8.866312980651855,-10.822677612304688,8.727550506591797,-13.399121284484863,9.368515014648438,-7.845532417297363,8.848158836364746,-4.965667724609375,7.301264762878418,-7.245891571044922,8.289409637451172,-8.398000717163086,7.901122570037842
Q1_SQDuF0qxGQw_1.wav,Happy,123.046875,0.02844609133899212,0.015703991055488586,0.05688422248679088,902.8410708401063,1675.422127016129,0.2799157500267029,0.17048917710781097,0.19040730595588684,0.4551335871219635,0.17574045062065125,0.21102866530418396,0.12497513741254807,0.2589174509048462,0.5278509855270386,0.22813066840171814,0.328849196434021,0.1484805792570114,-370.1457824707031,136.8985137939453,170.4392547607422,54.88593673706055,-27.370512008666992,30.171308517456055,28.101919174194336,13.766529083251953,0.9507800936698914,11.402426719665527,-0.8534263372421265,9.065444946289062,-9.325556755065918,9.798585891723633,-6.76906156539917,9.632530212402344,-11.76241683959961,8.649333953857422,-6.856618881225586,7.357954978942871,-4.701273441314697,7.259463787078857,-6.564635276794434,9.239657402038574,-7.84180212020874,6.784567356109619
Q1_SQDuF0qxGQw_2.wav,Happy,117.45383522727273,0.02685416117310524,0.015381194651126862,0.060446966476936724,961.774283878793,1779.628190142667,0.26760390400886536,0.20213142037391663,0.177129864692688,0.38654810190200806,0.16915126144886017,0.2214668095111847,0.10582131147384644,0.2477867752313614,0.48720991611480713,0.20735624432563782,0.28499165177345276,0.1410187929868698,-376.7567138671875,150.72496032714844,159.9122772216797,60.022640228271484,-32.290008544921875,24.798473358154297,27.60560417175293,16.865680694580078,-1.2756427526474,11.28298568725586,0.8258070945739746,8.848106384277344,-10.122140884399414,9.748929023742676,-7.024350166320801,10.686132431030273,-10.706347465515137,9.174382209777832,-4.874922752380371,8.541104316711426,-5.001838207244873,7.250706195831299,-5.1780548095703125,8.496639251708984,-7.471314907073975,6.872259616851807
Q1_sUJ4a74Skk8_0.wav,Happy,129.19921875,0.01676943153142929,0.00819426216185093,0.052797568400813295,817.3785357995412,1536.0833800665223,0.11344339698553085,0.22090260684490204,0.13823460042476654,0.23709231615066528,0.6476815938949585,0.1991923302412033,0.15711498260498047,0.11668533831834793,0.2552858293056488,0.5238391757011414,0.20801489055156708,0.21287167072296143,-432.05657958984375,108.1611328125,182.41140747070312,59.66802978515625,-28.6509952545166,15.485869407653809,21.456323623657227,13.773747444152832,8.883877754211426,11.307645797729492,-9.140861511230469,7.505124568939209,-6.011224269866943,7.762117862701416,-9.117568969726562,7.296890735626221,-10.609964370727539,8.282926559448242,-3.766272783279419,6.697988033294678,-2.7937066555023193,7.463892459869385,-6.943287372589111,8.081250190734863,-8.076749801635742,6.91874885559082
Q1_sZe3IB1OVfw_0.wav,Happy,129.19921875,0.01238161139190197,0.007166159804910421,0.05376950839306612,817.8001463751208,1551.9719105425322,0.1907234489917755,0.4625779092311859,0.2122635543346405,0.2217816859483719,0.09595149010419846,0.16623455286026,0.2680620849132538,0.1807086169719696,0.44394007325172424,0.20286260545253754,0.37271004915237427,0.19616912305355072,-469.1216735839844,116.14942932128906,182.7952423095703,59.726158142089844,-28.173280715942383,28.44828987121582,19.180450439453125,11.578493118286133,11.762057304382324,10.758828163146973,-8.2080717086792,9.729324340820312,-7.638586521148682,7.3044233322143555,-11.713970184326172,7.8484625816345215,-9.406243324279785,7.947580814361572,-9.20620346069336,8.015259742736816,-5.557507038116455,7.786050319671631,-6.751463890075684,7.615470886230469,-8.279083251953125,7.946826457977295
Q1_sZe3IB1OVfw_1.wav,Happy,129.19921875,0.01235829759389162,0.0059877182357013226,0.05245570246198727,818.3130523811839,1547.9007532100866,0.16966335475444794,0.35174018144607544,0.2032371610403061,0.3020678460597992,0.1288038045167923,0.1889438033103943,0.306195467710495,0.19482797384262085,0.4459253251552582,0.20252418518066406,0.36420005559921265,0.24148809909820557,-462.91571044921875,108.41389465332031,188.40541076660156,59.562660217285156,-37.30464172363281,15.592772483825684,22.343652725219727,10.983402252197266,10.028524398803711,12.160171508789062,-9.490578651428223,8.46992301940918,-7.161336421966553,8.503090858459473,-12.546513557434082,9.051962852478027,-9.844675064086914,7.868063449859619,-6.557278156280518,7.3173112869262695,-5.015328407287598,6.9536943435668945,-4.8044843673706055,7.961348533630371,-6.605648994445801,8.764653205871582
Q1_T92R7xjce34_1.wav,Happy,80.74951171875,0.023177558556199074,0.011863077990710735,0.05179502710249671,894.8048505759394,1731.6472819224293,0.30659985542297363,0.19239547848701477,0.13307450711727142,0.20072349905967712,0.16031412780284882,0.3217177987098694,0.18597076833248138,0.3257664144039154,0.4089043438434601,0.29702839255332947,0.46568381786346436,0.1863916665315628,-377.764404296875,113.17828369140625,164.65797424316406,51.77946472167969,-29.523786544799805,16.877323150634766,28.569067001342773,14.089333534240723,5.6421661376953125,12.005707740783691,1.800276279449463,7.458024978637695,-6.330832004547119,9.162371635437012,-6.891958236694336,8.000944137573242,-8.350924491882324,7.666849136352539,-5.234213352203369,8.232478141784668,-4.061428546905518,8.509566307067871,-4.9669084548950195,9.814035415649414,-7.6243896484375,6.821807861328125
Q1_TNoaOTrTkTQ_0.wav,Happy,99.38401442307692,0.012389962561428547,0.007297541946172714,0.066925048828125,963.6800553733084,1636.330340841542,0.20811927318572998,0.16401028633117676,0.24732287228107452,0.36706605553627014,0.15855073928833008,0.2169903665781021,0.16691546142101288,0.34578871726989746,0.24186381697654724,0.12059803307056427,0.2149650603532791,0.1442493498325348,-486.1385803222656,115.38745880126953,160.27139282226562,51.74570083618164,-33.04586410522461,22.641061782836914,15.490914344787598,14.825098991394043,-1.5207418203353882,19.374126434326172,-3.594287633895874,9.09754467010498,-5.678482532501221,10.592686653137207,-6.44624662399292,11.037691116333008,-5.691007614135742,11.926301002502441,-4.831573009490967,12.0173921585083,1.339146614074707,10.623828887939453,-2.486790418624878,13.44255256652832,-9.6381254196167,11.110235214233398
Q1_TNoaOTrTkTQ_1.wav,Happy,80.74951171875,0.009597616270184517,0.006695334799587727,0.05940440003301056,940.7581249435027,1727.8499979368398,0.06450171023607254,0.07027174532413483,0.1963677853345871,0.127472385764122,0.26538217067718506,0.14140944182872772,0.31574323773384094,0.3690296709537506,0.1492200642824173,0.22674202919006348,0.10221809148788452,0.1453147530555725,-535.6533203125,127.5724868774414,140.45518493652344,61.164573669433594,-22.155771255493164,25.39316749572754,21.275686264038086,18.293529510498047,4.720618724822998,16.046894073486328,-3.7020974159240723,8.663034439086914,-12.997795104980469,9.944540977478027,-11.474488258361816,9.530538558959961,-6.962894439697266,10.417318344116211,-10.303616523742676,8.439830780029297,-1.1206234693527222,10.837514877319336,-9.41093921661377,9.882286071777344,-15.55509090423584,9.659987449645996
Q1_TNoaOTrTkTQ_2.wav,Happy,198.76802884615384,0.008787638507783413,0.006399082485586405,0.06771181634976865,951.9501681323229,1621.9458699709007,0.3264787793159485,0.12657982110977173,0.21715417504310608,0.11844416707754135,0.13998721539974213,0.07789306342601776,0.15242592990398407,0.39281338453292847,0.16189758479595184,0.30824458599090576,0.11493149399757385,0.268128365278244,-532.0332641601562,120.18717956542969,141.8084259033203,54.503055572509766,-25.025327682495117,24.427614212036133,12.791531562805176,17.257328033447266,-0.20718996226787567,17.3059024810791,-10.883946418762207,10.329300880432129,-9.369002342224121,10.67983627319336,-6.022049903869629,14.033726692199707,-4.156499862670898,15.339910507202148,-2.570410966873169,13.10995101928711,-4.222460746765137,12.550649642944336,-9.143104553222656,12.61928653717041,-6.512495517730713,12.60236644744873
Q1_UJcnNfeCN1c_2.wav,Happy,143.5546875,0.012672827579081059,0.005439681466668844,0.05849018572064057,878.2141709025506,1594.9436652024021,0.09110639244318008,0.03918527066707611,0.16342701017856598,0.4166892170906067,0.1850493848323822,0.32014113664627075,0.12910878658294678,0.20976601541042328,0.26434847712516785,0.1432654708623886,0.3287680745124817,0.10206781327724457,-490.3406677246094,99.86222076416016,162.48109436035156,52.1525993347168,-34.90153884887695,16.749448776245117,22.306415557861328,12.940322875976562,11.959148406982422,14.774889945983887,-6.837444305419922,8.741047859191895,-8.460321426391602,10.585737228393555,-11.459592819213867,10.505305290222168,-12.157529830932617,14.80659008026123,-15.940152168273926,12.576523780822754,-7.060147762298584,9.958318710327148,-9.42022705078125,11.210222244262695,-12.94473934173584,12.004711151123047
Q1_UJcnNfeCN1c_3.wav,Happy,95.703125,0.012509996071457863,0.006448152009397745,0.06071725187563581,872.1239703589223,1658.3195078045524,0.15971411764621735,0.43777310848236084,0.1493718922138214,0.17103278636932373,0.08316103368997574,0.15396957099437714,0.41280636191368103,0.2002914398908615,0.333529531955719,0.1613149791955948,0.29986274242401123,0.21649257838726044,-465.7920837402344,128.37437438964844,167.09890747070312,67.0977554321289,-36.89567947387695,17.851633071899414,26.6669864654541,13.280984878540039,7.65494441986084,12.402213096618652,-7.0960259437561035,7.44171142578125,-5.133781909942627,7.350718975067139,-9.781343460083008,7.839298725128174,-8.17413330078125,9.577493667602539,-4.718612194061279,7.119995594024658,-5.444045543670654,6.655198574066162,-3.479602575302124,8.686738014221191,-5.1298980712890625,8.987021446228027
Q1_UOSlDydo94E_0.wav,Happy,151.99908088235293,0.011986239813268185,0.008555421605706215,0.05599828136438507,851.0210987857214,1605.9182296909316,0.638679027557373,0.3043171167373657,0.28277450799942017,0.13477250933647156,0.1852385550737381,0.2572582960128784,0.16728274524211884,0.4138821065425873,0.2021346092224121,0.27564021944999695,0.2305525243282318,0.27303948998451233,-479.54547119140625,130.4263458251953,161.15151977539062,63.90214920043945,-30.885425567626953,21.25897979736328,21.44830894470215,14.345945358276367,10.369279861450195,13.137833595275879,-2.102832555770874,8.494006156921387,-8.111781120300293,7.926466464996338,-11.07220458984375,9.312514305114746,-6.77461576461792,7.7735371589660645,-6.643982887268066,9.417519569396973,-6.5815110206604,7.171075820922852,-8.18370532989502,5.966187477111816,-6.988255500793457,6.145749092102051
Q1_UOSlDydo94E_1.wav,Happy,151.99908088235293,0.01495474111288786,0.008912942372262478,0.0645922886094413,953.2237926426557,1776.542557820235,0.33252185583114624,0.1548733115196228,0.27741754055023193,0.15380343794822693,0.3499658703804016,0.21213838458061218,0.12383083254098892,0.2177763283252716,0.17235277593135834,0.409329891204834,0.13173578679561615,0.1247672513127327,-461.0948486328125,139.5762176513672,156.39007568359375,61.52076721191406,-21.788223266601562,26.95435905456543,25.531164169311523,13.992012023925781,3.9817402362823486,13.280314445495605,-2.6379213333129883,7.319246768951416,-7.054511547088623,10.095192909240723,-8.477066993713379,8.77291488647461,-12.967721939086914,10.479973793029785,-7.954435348510742,8.875897407531738,-0.36348676681518555,11.283488273620605,1.1770516633987427,12.917364120483398,-1.9529590606689453,11.648172378540039
Q1_UOSlDydo94E_2.wav,Happy,161.4990234375,0.021393779665231705,0.014757108874619007,0.06431747159090909,955.6952181641253,1747.8148615056818,0.6653767824172974,0.2779911160469055,0.2927160859107971,0.16228671371936798,0.15565012395381927,0.15534241497516632,0.1289462447166443,0.2307727336883545,0.18017549812793732,0.3802465498447418,0.3649410009384155,0.2761457860469818,-401.8734436035156,152.33018493652344,163.0552215576172,55.52206039428711,-24.052703857421875,28.453275680541992,18.061059951782227,15.111788749694824,-5.379932403564453,12.99671745300293,2.3196582794189453,6.401979446411133,-5.255178928375244,6.2747578620910645,-0.47522029280662537,7.016795635223389,-4.5168843269348145,7.628488063812256,0.36491823196411133,8.676915168762207,-8.616487503051758,9.535052299499512,-5.881535530090332,9.959449768066406,-9.406201362609863,8.126120567321777
Q1_uqRLEByE6pU_0.wav,Happy,172.265625,0.016428176313638687,0.008143804967403412,0.057600683821386944,910.9112411207825,1728.2863376857517,0.16080401837825775,0.359313428401947,0.14132341742515564,0.20697934925556183,0.11229149997234344,0.26160600781440735,0.4775278568267822,0.23401367664337158,0.3941699266433716,0.1699390709400177,0.32803887128829956,0.24631507694721222,-431.34906005859375,109.30213165283203,179.54994201660156,52.62307357788086,-34.00321578979492,23.26054573059082,26.202463150024414,12.920726776123047,5.635605812072754,12.312165260314941,-7.67738151550293,8.87304401397705,-8.099954605102539,9.267745971679688,-10.276827812194824,7.984384536743164,-8.95313835144043,8.18734073638916,-7.56297492980957,8.74789047241211,-2.4689648151397705,7.527331829071045,-4.828824520111084,7.778414249420166,-8.380568504333496,9.277079582214355
Q1_uqRLEByE6pU_1.wav,Happy,172.265625,0.013320977799594402,0.00884365476667881,0.05358858396171694,785.6895566227205,1459.703032101943,0.15500503778457642,0.4137423038482666,0.1663789600133896,0.23579642176628113,0.13789893686771393,0.2681671977043152,0.5595072507858276,0.274395614862442,0.3395739495754242,0.17876316606998444,0.39209625124931335,0.17174217104911804,-467.15643310546875,134.32533264160156,177.82369995117188,64.9874496459961,-24.474674224853516,33.09056854248047,20.8117618560791,13.002836227416992,7.135754108428955,11.677515029907227,-5.820000171661377,7.344449043273926,-5.677825927734375,8.977239608764648,-7.343852519989014,6.966898441314697,-7.590969085693359,7.906357765197754,-6.243025302886963,8.293608665466309,-2.74397873878479,6.73324728012085,-3.8092548847198486,7.161818981170654,-6.684258460998535,6.49591588973999
Q1_uqRLEByE6pU_2.wav,Happy,172.265625,0.01863076724112034,0.008565368130803108,0.056493589931860905,869.0598469805702,1637.863191303454,0.1868019849061966,0.38585057854652405,0.14519667625427246,0.17861329019069672,0.11161646246910095,0.25290918350219727,0.4644528925418854,0.23705728352069855,0.39880040287971497,0.19774743914604187,0.41861775517463684,0.2310243546962738,-408.5958557128906,107.07585144042969,189.7149200439453,52.077152252197266,-34.398929595947266,26.04436683654785,24.716583251953125,12.158772468566895,6.3213324546813965,10.834132194519043,-6.016490459442139,8.298253059387207,-5.181105613708496,7.366489410400391,-8.917173385620117,6.700128555297852,-7.994505405426025,7.6853742599487305,-7.236162185668945,7.7121124267578125,-2.448803186416626,6.657786846160889,-3.377445697784424,7.2192792892456055,-6.476860523223877,7.163822174072266
Q1_UYh88SRZC24_0.wav,Happy,99.38401442307692,0.017014209181070328,0.011124923825263977,0.06504715042669278,956.9400947177807,1706.2864366562326,0.17867226898670197,0.31961190700531006,0.2500084638595581,0.16767631471157074,0.22029456496238708,0.17051616311073303,0.34912896156311035,0.2117031216621399,0.45394474267959595,0.36467212438583374,0.1722601354122162,0.2209060788154602,-430.7099304199219,128.2096405029297,165.48756408691406,61.162349700927734,-24.623638153076172,21.157554626464844,16.9128475189209,13.750805854797363,0.9337977170944214,15.707276344299316,-3.1852190494537354,7.855912685394287,-2.665012836456299,9.620514869689941,-1.4631232023239136,8.085416793823242,-3.4163334369659424,10.464505195617676,2.1385481357574463,9.81255054473877,0.29525208473205566,9.694162368774414,-7.4483747482299805,9.826179504394531,-9.1934814453125,9.008085250854492
Q1_UYh88SRZC24_1.wav,Happy,99.38401442307692,0.02783941850066185,0.012624264694750309,0.07029143553306223,1025.3589694162793,1866.0256565207303,0.1733282059431076,0.36080825328826904,0.2747758626937866,0.18155580759048462,0.27984675765037537,0.22062888741493225,0.41739219427108765,0.2096015214920044,0.44177526235580444,0.38267239928245544,0.16709023714065552,0.21324686706066132,-352.0630798339844,126.58091735839844,174.20870971679688,61.81474304199219,-40.345218658447266,15.80626106262207,23.98417091369629,12.3910493850708,1.322521686553955,10.050658226013184,1.6471567153930664,7.925687313079834,-1.5088988542556763,8.361039161682129,-6.602887153625488,7.9360432624816895,-5.825115203857422,7.804332733154297,0.5951693654060364,9.270471572875977,-1.6467024087905884,9.099173545837402,-10.682546615600586,8.27621078491211,-7.593836784362793,9.025181770324707
Q1_V3Y9L4UOcpk_2.wav,Happy,135.99917763157896,0.019963044673204422,0.008892173878848553,0.055179644574175825,891.0593018381026,1671.9751352163462,0.11063377559185028,0.20327921211719513,0.20085430145263672,0.2720579206943512,0.3426226079463959,0.16346247494220734,0.30719780921936035,0.18303588032722473,0.41412338614463806,0.3117010295391083,0.1410641372203827,0.20626893639564514,-408.779052734375,100.47611236572266,177.70985412597656,51.66220474243164,-36.746849060058594,15.056849479675293,25.600421905517578,13.078715324401855,7.299200057983398,12.208595275878906,-4.930232524871826,7.450965881347656,-6.637602806091309,8.618285179138184,-9.954741477966309,9.73458194732666,-8.25585651397705,9.680926322937012,-8.402174949645996,8.653507232666016,-3.190695285797119,8.223416328430176,-5.479974269866943,9.655062675476074,-8.903928756713867,7.547153949737549
Q1_vv6nrZ2myXw_0.wav,Happy,99.38401442307692,0.012914716266095638,0.00905372854322195,0.060659491119732345,919.0404024017707,1679.0625500516087,0.2948075830936432,0.10935774445533752,0.14464432001113892,0.39207467436790466,0.14258117973804474,0.14504475891590118,0.08159808069467545,0.23778250813484192,0.3443986475467682,0.13648076355457306,0.2792590260505676,0.11701901257038116,-496.3473205566406,128.76185607910156,145.73341369628906,60.99001693725586,-26.669361114501953,25.34457778930664,21.955371856689453,13.929601669311523,6.763890266418457,14.275981903076172,-11.320249557495117,10.816666603088379,-11.963825225830078,9.398301124572754,-12.366223335266113,9.834245681762695,-13.696317672729492,13.865167617797852,-11.872048377990723,12.802430152893066,-8.844860076904297,8.469942092895508,-6.773165702819824,9.845712661743164,-4.553351402282715,10.319785118103027
Q1_vv6nrZ2myXw_1.wav,Happy,143.5546875,0.017537588253617287,0.009510154835879803,0.06002761278131779,882.7733613503254,1578.1128724071311,0.23656894266605377,0.12694106996059418,0.185140922665596,0.477668821811676,0.14366355538368225,0.09758961945772171,0.0799853652715683,0.2658950388431549,0.4749831557273865,0.18150988221168518,0.3053334355354309,0.1206178218126297,-435.7239074707031,110.79460144042969,173.11233520507812,53.5640754699707,-33.85902404785156,15.446869850158691,23.18294906616211,13.36679458618164,2.593106746673584,15.952577590942383,-7.208103179931641,8.587125778198242,-3.8047516345977783,7.954141139984131,-5.792687892913818,9.674275398254395,-7.441129684448242,9.424241065979004,-6.157752990722656,9.741960525512695,-4.514840126037598,9.679974555969238,-5.273226261138916,11.07970905303955,-6.784200668334961,9.056594848632812
Q1_vv6nrZ2myXw_2.wav,Happy,99.38401442307692,0.01406311895698309,0.009691284038126469,0.06032725203323904,895.9399192852342,1612.13487681776,0.31525498628616333,0.09863802790641785,0.11737009882926941,0.3286268413066864,0.1409943401813507,0.16351661086082458,0.09709244966506958,0.16708645224571228,0.20934312045574188,0.1859392374753952,0.54854416847229,0.1744983196258545,-474.3720703125,129.3688507080078,158.11590576171875,61.49260711669922,-23.709131240844727,28.05828094482422,21.240629196166992,13.596324920654297,3.65460467338562,11.360673904418945,-9.474332809448242,10.329469680786133,-6.109344482421875,8.430107116699219,-9.375046730041504,9.393204689025879,-15.85472297668457,10.69228744506836,-6.471066474914551,8.091652870178223,-2.2784788608551025,9.932307243347168,-1.6250994205474854,10.674968719482422,-1.3160735368728638,8.59541130065918
Q1_vv6nrZ2myXw_3.wav,Happy,73.828125,0.017635080963373184,0.010825959965586662,0.058130331727369165,865.3117073260539,1564.7968556621288,0.27523401379585266,0.13573861122131348,0.22599056363105774,0.4932202994823456,0.14747858047485352,0.08398250490427017,0.08377843350172043,0.28602126240730286,0.4936080574989319,0.18485939502716064,0.31063342094421387,0.13262033462524414,-440.3125,132.97686767578125,167.61000061035156,62.85071563720703,-30.451974868774414,24.226070404052734,22.592456817626953,14.965210914611816,2.3396153450012207,13.385964393615723,-7.294712066650391,8.62205982208252,-6.187798976898193,9.514725685119629,-7.949611663818359,9.444742202758789,-10.722747802734375,8.8847074508667,-9.313281059265137,9.503279685974121,-6.964810371398926,9.01646614074707,-6.820221424102783,8.701854705810547,-5.409363269805908,8.187589645385742
Q1_vv6nrZ2myXw_4.wav,Happy,151.99908088235293,0.018094999715685844,0.011738399043679237,0.055673625612039174,843.939684498399,1539.1712803994455,0.23479536175727844,0.21205827593803406,0.21732525527477264,0.40451550483703613,0.13839735090732574,0.11457374691963196,0.09230416268110275,0.29988810420036316,0.4983360767364502,0.17784292995929718,0.2672663629055023,0.12844818830490112,-440.7292175292969,133.5098114013672,167.12957763671875,61.778076171875,-25.556413650512695,29.549644470214844,20.961227416992188,15.066906929016113,5.098670482635498,13.936871528625488,-6.144984722137451,9.757567405700684,-6.244400501251221,9.87546443939209,-5.809772491455078,9.004060745239258,-9.494312286376953,10.4570894241333,-8.371955871582031,8.667201042175293,-6.530369281768799,10.031041145324707,-9.736111640930176,10.706395149230957,-8.248968124389648,7.8081817626953125
Q1_VXgRfsVd_o0_0.wav,Happy,123.046875,0.015430177561938763,0.01003770437091589,0.074911185465412,1025.9111496060414,1845.3714116543745,0.2029607743024826,0.1954311728477478,0.5583178400993347,0.18806757032871246,0.27193620800971985,0.22278732061386108,0.17194820940494537,0.30889150500297546,0.13192011415958405,0.16229049861431122,0.07496203482151031,0.13649879395961761,-463.091064453125,158.36651611328125,155.44650268554688,78.11202239990234,-34.476112365722656,21.296728134155273,18.90937614440918,13.517131805419922,2.617894411087036,12.475569725036621,1.6276191473007202,7.928704738616943,1.5705513954162598,7.501094818115234,-4.325234889984131,6.935328960418701,-7.646942138671875,7.516706466674805,-5.458105564117432,9.252904891967773,4.0448384284973145,11.559907913208008,2.645709991455078,10.652750015258789,-4.263427257537842,10.347789764404297
Q1_VXgRfsVd_o0_1.wav,Happy,129.19921875,0.02659459598362446,0.013257214799523354,0.05913397140092011,961.3920479815094,1784.9266394678523,0.2783479392528534,0.20066167414188385,0.41928258538246155,0.1822626143693924,0.22940406203269958,0.24619892239570618,0.22848254442214966,0.3261677026748657,0.17894354462623596,0.33420464396476746,0.20642593502998352,0.1981162279844284,-366.04254150390625,129.3705596923828,167.6709442138672,51.82545471191406,-32.625083923339844,25.319059371948242,28.015968322753906,14.15432357788086,-3.0397300720214844,11.25147533416748,-0.178632453083992,6.804931640625,-7.067751407623291,7.8899407386779785,-5.767843723297119,8.767003059387207,-7.954469680786133,8.371191024780273,-4.761712551116943,8.642877578735352,-2.9417734146118164,8.732948303222656,-4.970057964324951,9.828035354614258,-9.437013626098633,9.03476333618164
Q1_VXgRfsVd_o0_2.wav,Happy,129.19921875,0.023833459243178368,0.011151026003062725,0.06907832942892504,1005.656422111689,1821.938935836943,0.24572302401065826,0.16245055198669434,0.4050746262073517,0.3723447024822235,0.2571904957294464,0.17746463418006897,0.13592654466629028,0.3178546130657196,0.21478724479675293,0.17430537939071655,0.22854268550872803,0.16345642507076263,-379.6588439941406,125.18617248535156,171.0419158935547,57.98598861694336,-37.32365036010742,16.198389053344727,24.084688186645508,12.896949768066406,-3.634277105331421,11.191006660461426,1.2434941530227661,6.665886878967285,-3.533341646194458,8.497063636779785,-6.359949588775635,7.650065898895264,-7.099743843078613,8.454556465148926,-3.71592116355896,7.884181976318359,3.44323468208313,9.413771629333496,2.2125742435455322,10.975717544555664,-6.126214027404785,9.574843406677246
Q1_wnB2cjd6zbE_0.wav,Happy,135.99917763157896,0.014373178593814373,0.007605464197695255,0.05754866151279582,900.5888618142068,1671.4897092778274,0.2868967354297638,0.22523504495620728,0.15717417001724243,0.16961251199245453,0.4719250798225403,0.26519399881362915,0.12110161036252975,0.21752746403217316,0.30547016859054565,0.5441309809684753,0.2754085063934326,0.2061488926410675,-452.118408203125,105.18811798095703,171.5269012451172,50.646392822265625,-29.8338623046875,18.10630226135254,22.940181732177734,13.736064910888672,6.642019271850586,15.286527633666992,-7.19211483001709,10.255226135253906,-10.106689453125,9.118589401245117,-11.768857955932617,8.36387825012207,-12.480061531066895,11.102949142456055,-8.395225524902344,9.582466125488281,-3.6398324966430664,9.948983192443848,-3.917393445968628,11.683774948120117,-5.091413974761963,7.928126335144043
Q1_WpZ1rWHOCAQ_0.wav,Happy,123.046875,0.017213301733136177,0.013066894374787807,0.06412578283952187,909.5549333274171,1637.3229918378051,0.07673565298318863,0.24207688868045807,0.5753981471061707,0.16968587040901184,0.14456318318843842,0.15256141126155853,0.14068229496479034,0.14913049340248108,0.22794079780578613,0.5601107478141785,0.3011988699436188,0.08811040222644806,-469.0011901855469,153.27024841308594,154.85382080078125,68.90609741210938,-25.964435577392578,26.968284606933594,18.35761260986328,21.111047744750977,-2.9426796436309814,15.0242338180542,-3.24672532081604,8.563421249389648,-5.800631523132324,8.768766403198242,-6.407120227813721,8.474327087402344,-8.431388854980469,8.66956615447998,-3.48785400390625,9.214752197265625,5.097177982330322,9.668227195739746,2.515352964401245,10.682384490966797,-5.297436237335205,10.57116413116455
Q1_WpZ1rWHOCAQ_1.wav,Happy,123.046875,0.01827598735690117,0.013613855466246605,0.06248956876271618,894.3414239898175,1608.856666852111,0.27279555797576904,0.2335929423570633,0.45233240723609924,0.1363864690065384,0.11141312122344971,0.16214531660079956,0.15618132054805756,0.22465848922729492,0.26473456621170044,0.6072084903717041,0.24732883274555206,0.11900991201400757,-444.0600280761719,160.15878295898438,159.81594848632812,71.60419464111328,-26.376575469970703,26.707033157348633,18.614614486694336,20.251384735107422,-2.955613613128662,10.480731010437012,-1.2133821249008179,6.441575050354004,-3.253445863723755,7.429722785949707,-5.949671268463135,8.854147911071777,-9.178415298461914,9.81082534790039,-4.326255798339844,9.064684867858887,0.28759869933128357,7.756002426147461,0.09230052679777145,8.316941261291504,-4.786342620849609,8.679351806640625
Q1_WpZ1rWHOCAQ_2.wav,Happy,83.35433467741936,0.01862027496099472,0.01236178632825613,0.04605002006560581,796.8469791736834,1509.10963508951,0.17935368418693542,0.25940290093421936,0.5444166660308838,0.21910497546195984,0.1670530140399933,0.15580762922763824,0.14193999767303467,0.2249215692281723,0.24614939093589783,0.4706902503967285,0.300918847322464,0.13581594824790955,-447.6202392578125,148.18588256835938,165.8548126220703,70.28144836425781,-27.077293395996094,25.913776397705078,22.92818260192871,19.226816177368164,3.7672324180603027,12.767887115478516,-1.8072693347930908,7.607940673828125,-6.614970684051514,10.2534761428833,-7.429452896118164,9.197456359863281,-5.945891380310059,8.66405200958252,-4.331525802612305,8.428932189941406,0.5547960996627808,7.728482723236084,-4.424805641174316,8.385724067687988,-9.276681900024414,7.888650894165039
Q1_Wy2-my19YnY_0.wav,Happy,107.666015625,0.026056071743369102,0.012879076413810253,0.06114876624381188,956.8261099636691,1772.743028697401,0.31114688515663147,0.18343915045261383,0.3539677858352661,0.16252382099628448,0.2816251516342163,0.346005916595459,0.15452514588832855,0.2384583055973053,0.1921217441558838,0.4483024477958679,0.29573798179626465,0.1588270515203476,-372.53851318359375,142.42042541503906,165.53611755371094,57.237159729003906,-34.614723205566406,20.680496215820312,28.151901245117188,15.836181640625,-3.9894890785217285,12.680068969726562,1.704306721687317,7.653416156768799,-10.475801467895508,9.011507987976074,-5.710437297821045,10.651524543762207,-9.111599922180176,9.983195304870605,-3.93503999710083,9.932727813720703,-3.454645872116089,8.398962020874023,-4.2292799949646,9.850639343261719,-9.126043319702148,8.110854148864746
Q1_Wy2-my19YnY_1.wav,Happy,107.666015625,0.030386313796043396,0.01660183258354664,0.06119538432637907,976.655491166877,1839.8629670095916,0.08149509131908417,0.19577911496162415,0.5099497437477112,0.1997145265340805,0.23221129179000854,0.11776824295520782,0.2774293124675751,0.3143991231918335,0.19008013606071472,0.417683482170105,0.14996208250522614,0.18198607861995697,-365.596435546875,149.24575805664062,156.98361206054688,63.61053466796875,-35.40207290649414,18.554885864257812,27.058034896850586,16.77716827392578,-3.630258560180664,10.358824729919434,0.18752166628837585,7.179072856903076,-6.78091287612915,8.359169960021973,-5.348661422729492,8.221001625061035,-11.085738182067871,9.19089412689209,-10.149810791015625,8.842192649841309,-3.0665342807769775,8.054115295410156,-1.841925024986267,8.602309226989746,-5.177421569824219,7.196098804473877
Q1_XC_SiJszQx0_3.wav,Happy,161.4990234375,0.018022887408733368,0.008961163461208344,0.04992573832417582,814.3757621476548,1550.5657301682693,0.3667605519294739,0.21280580759048462,0.2285650670528412,0.13377945125102997,0.2248457372188568,0.2796672284603119,0.18933363258838654,0.42371517419815063,0.28343287110328674,0.4522095024585724,0.37369734048843384,0.2181396782398224,-414.9627685546875,103.94964599609375,185.67416381835938,49.49075698852539,-33.79056930541992,24.93776512145996,23.392425537109375,11.716753005981445,8.56155776977539,10.675148963928223,-4.326285362243652,8.1282958984375,-6.055201053619385,7.910318851470947,-9.116305351257324,8.659453392028809,-4.549849987030029,7.049832820892334,-5.478903770446777,8.377309799194336,-3.7149322032928467,6.451088905334473,-7.731212139129639,7.4454803466796875,-9.599365234375,7.893700122833252
Q1_xrhWli_R98g_1.wav,Happy,151.99908088235293,0.017122535035014153,0.007672869600355625,0.06374188669332972,893.8538778595077,1564.0298773047723,0.06478669494390488,0.15934735536575317,0.5283820629119873,0.1924591213464737,0.23236088454723358,0.09429975599050522,0.21487681567668915,0.19603382050991058,0.16176548600196838,0.38829314708709717,0.14582116901874542,0.22043447196483612,-429.53668212890625,99.67339324951172,180.79908752441406,51.4546012878418,-36.0526123046875,15.236936569213867,20.251935958862305,13.019177436828613,1.5247834920883179,13.17434310913086,-8.101546287536621,9.652588844299316,-2.445448637008667,8.419581413269043,-9.788108825683594,8.796477317810059,-11.838285446166992,9.496187210083008,-7.196080207824707,8.210665702819824,0.9762624502182007,9.773630142211914,-0.6728449463844299,10.7969388961792,-6.080028533935547,8.587530136108398
Q1_xrhWli_R98g_3.wav,Happy,143.5546875,0.015671268105506897,0.010810157284140587,0.06353339333432304,865.9019318748118,1492.2441568623813,0.0907188132405281,0.20138029754161835,0.6883167028427124,0.24387452006340027,0.1715478003025055,0.08274220675230026,0.19453521072864532,0.1493520736694336,0.11581053584814072,0.29099419713020325,0.1557295024394989,0.28687572479248047,-464.7073974609375,140.39430236816406,157.09597778320312,66.64308166503906,-23.759540557861328,29.5654239654541,19.316226959228516,14.016373634338379,-0.9349764585494995,12.201510429382324,-9.251526832580566,8.776254653930664,-6.386576175689697,8.68096923828125,-11.930943489074707,8.82161808013916,-11.582220077514648,7.780489921569824,-8.388742446899414,9.0540189743042,0.5994774103164673,8.493085861206055,0.030614132061600685,8.822281837463379,-6.735678672790527,6.1119279861450195
Q1_Xsn9zT-05ns_0.wav,Happy,161.4990234375,0.020188748836517334,0.011141182854771614,0.07145906063584599,1032.272863258824,1920.7465380753458,0.36875852942466736,0.19519272446632385,0.2993271052837372,0.19413089752197266,0.27244868874549866,0.19070638716220856,0.22035129368305206,0.4451366066932678,0.19047625362873077,0.2728515863418579,0.12297873944044113,0.18814325332641602,-403.9598693847656,133.73873901367188,165.97581481933594,59.407493591308594,-35.07144546508789,23.456130981445312,22.61614990234375,14.034364700317383,-1.390426516532898,13.77116870880127,-1.1705313920974731,7.897091865539551,-4.1223344802856445,7.635738849639893,-6.146753311157227,8.894233703613281,-8.58432674407959,10.277111053466797,-5.208838939666748,8.673284530639648,0.010398715734481812,10.921269416809082,-0.47730934619903564,13.294148445129395,-4.0663251876831055,10.289572715759277
Q1_Xsn9zT-05ns_1.wav,Happy,161.4990234375,0.026897326111793518,0.01160365343093872,0.07040248210085777,1052.7516712343036,1915.013175757471,0.3205830156803131,0.19901682436466217,0.3939637243747711,0.20401239395141602,0.3253682851791382,0.219002828001976,0.222427099943161,0.40582597255706787,0.19819507002830505,0.29431718587875366,0.1304735243320465,0.21555809676647186,-353.28985595703125,122.43174743652344,172.28355407714844,50.46941375732422,-43.994388580322266,16.952064514160156,28.39577865600586,13.810723304748535,-4.790528774261475,11.806574821472168,3.6146857738494873,8.150702476501465,-5.458414554595947,8.884077072143555,-3.956460475921631,8.76512622833252,-8.95296573638916,11.0819673538208,-4.921618461608887,10.187207221984863,-2.0015270709991455,10.27213191986084,-3.2751457691192627,11.125495910644531,-5.599491596221924,9.042704582214355
Q1_Y5JcZQ0xg4Y_0.wav,Happy,129.19921875,0.006495123729109764,0.0076535483822226524,0.08474833894964395,1069.7284231014985,1868.4380066600966,0.1301295906305313,0.09205251932144165,0.27969178557395935,0.41044142842292786,0.10921266674995422,0.12831991910934448,0.14706681668758392,0.32011768221855164,0.1233997568488121,0.1978835165500641,0.31353846192359924,0.2267225682735443,-606.2137451171875,137.7733154296875,94.78643035888672,62.27024459838867,-12.382474899291992,27.133384704589844,9.385183334350586,14.218072891235352,-5.960061550140381,13.558764457702637,-12.328166961669922,10.210824012756348,-14.498795509338379,10.240856170654297,-16.07126808166504,11.745200157165527,-15.267394065856934,13.751699447631836,-4.59322452545166,11.685415267944336,7.406865119934082,15.37421703338623,6.353295803070068,17.332273483276367,-2.858234405517578,15.434425354003906
Q1_Y5JcZQ0xg4Y_1.wav,Happy,129.19921875,0.011916492134332657,0.007470796816051006,0.06383500375707214,954.1577298831677,1648.1199963258045,0.14694547653198242,0.07160552591085434,0.13516879081726074,0.373806893825531,0.15270227193832397,0.2765440046787262,0.18881018459796906,0.38850077986717224,0.2346193492412567,0.12982207536697388,0.27541640400886536,0.11309688538312912,-503.5456237792969,122.33261108398438,149.0855712890625,59.696022033691406,-25.994659423828125,21.81529426574707,20.282209396362305,12.933683395385742,1.022418737411499,15.301819801330566,-8.15981674194336,9.847829818725586,-10.999390602111816,10.677635192871094,-11.204703330993652,10.647673606872559,-4.10987663269043,12.196538925170898,1.0065333843231201,14.189133644104004,4.774871826171875,12.167917251586914,-2.060037136077881,14.225653648376465,-11.188228607177734,13.8292818069458
Q1_Y5JcZQ0xg4Y_2.wav,Happy,129.19921875,0.016721947118639946,0.007760576903820038,0.060058939069130124,890.6123942223026,1613.4140770034035,0.25218167901039124,0.10803630203008652,0.16007332503795624,0.2936442792415619,0.15584705770015717,0.28150293231010437,0.18685363233089447,0.3671991229057312,0.2138528972864151,0.22493009269237518,0.37757813930511475,0.19015535712242126,-435.5126953125,115.3099365234375,176.7026824951172,58.455936431884766,-37.970375061035156,16.668306350708008,24.83695411682129,11.801298141479492,2.309401035308838,14.097061157226562,-7.096647262573242,7.612164497375488,-7.2567901611328125,8.228592872619629,-7.3562726974487305,9.466254234313965,-7.4178996086120605,8.34640121459961,-3.5962674617767334,8.61392593383789,-1.1210042238235474,10.76874828338623,-5.9600067138671875,12.138675689697266,-8.864557266235352,10.199688911437988
Q1_Y5JcZQ0xg4Y_3.wav,Happy,129.19921875,0.01645548641681671,0.008618156425654888,0.06048828125,897.7256477241228,1594.0107421875,0.2358630746603012,0.12508150935173035,0.2689930498600006,0.35239505767822266,0.14784152805805206,0.27617496252059937,0.19023369252681732,0.35105445981025696,0.23669235408306122,0.2586725950241089,0.38171452283859253,0.22220765054225922,-438.0423583984375,116.44078063964844,170.15182495117188,52.33219528198242,-32.90541076660156,23.27250099182129,24.806283950805664,13.01711654663086,3.161400556564331,14.779380798339844,-6.95563268661499,7.984396457672119,-8.523351669311523,8.406003952026367,-11.985403060913086,10.47175121307373,-11.212096214294434,9.049405097961426,-4.128379821777344,8.637824058532715,0.9811123013496399,11.152485847473145,-3.9029428958892822,10.88134479522705,-9.614128112792969,8.903674125671387
Q1_yFw_kO7DF-Y_0.wav,Happy,161.4990234375,0.023534853011369705,0.013046792708337307,0.06911898342750827,1050.609262158913,1994.2725605318012,0.3448542058467865,0.22315479815006256,0.3130604922771454,0.1366477906703949,0.20889155566692352,0.33643513917922974,0.19049499928951263,0.32553255558013916,0.2256169319152832,0.43698251247406006,0.23964489996433258,0.16272523999214172,-387.0995788574219,145.06622314453125,159.72119140625,60.160823822021484,-31.517545700073242,21.5902156829834,26.73200225830078,14.900907516479492,-3.2227487564086914,12.38315486907959,-1.087311863899231,7.62136697769165,-7.255409240722656,9.627208709716797,-3.488163948059082,9.993062973022461,-7.443450927734375,9.743335723876953,-3.392228126525879,9.766469955444336,-3.478740930557251,8.289071083068848,-2.630932331085205,9.076876640319824,-8.19351577758789,8.171058654785156
Q1_yFw_kO7DF-Y_1.wav,Happy,161.4990234375,0.027165023609995842,0.012921225279569626,0.06586623959824624,1021.195887435629,1886.9991359833573,0.2763897180557251,0.23025141656398773,0.41770848631858826,0.18094149231910706,0.19609378278255463,0.25350329279899597,0.1466023325920105,0.15845611691474915,0.1630500853061676,0.38438963890075684,0.30801552534103394,0.14006899297237396,-369.4992370605469,124.15172576904297,160.63494873046875,56.73957061767578,-35.92304229736328,14.728224754333496,27.2880859375,14.02361011505127,-3.2627604007720947,11.211637496948242,-1.6434353590011597,10.118633270263672,-6.295960426330566,10.656020164489746,-6.776254653930664,11.271580696105957,-9.601101875305176,12.731718063354492,-5.375430107116699,12.405141830444336,-1.8641356229782104,11.12021255493164,-2.00404691696167,12.029214859008789,-7.645424842834473,9.262140274047852
Q1_yFw_kO7DF-Y_2.wav,Happy,161.4990234375,0.02569553069770336,0.015109251253306866,0.07060219900948661,1069.0269455969576,1968.8220977783203,0.2607356607913971,0.1958286613225937,0.43392133712768555,0.23820383846759796,0.3025338649749756,0.13642477989196777,0.25384992361068726,0.451705664396286,0.20404654741287231,0.25933313369750977,0.15730996429920197,0.3159116506576538,-377.19384765625,147.0664825439453,161.68701171875,61.702125549316406,-35.878074645996094,23.10780906677246,24.512834548950195,16.959548950195312,-2.939009666442871,11.90931224822998,1.2849291563034058,9.060462951660156,-6.0527753829956055,8.049864768981934,-5.237315654754639,8.11133098602295,-9.19998836517334,9.049553871154785,-5.829935550689697,8.5642728805542,-0.9826868176460266,8.035335540771484,-4.2343854904174805,7.7933173179626465,-6.2152886390686035,8.337615966796875
Q1_ZgT7yq2jsBk_0.wav,Happy,129.19921875,0.012883422896265984,0.006073397118598223,0.061469679719620834,922.3088194849448,1665.4343940940498,0.1474321335554123,0.13596750795841217,0.3395679295063019,0.16176143288612366,0.2770443558692932,0.12296266853809357,0.27580246329307556,0.3004271388053894,0.13825707137584686,0.25138160586357117,0.13873173296451569,0.33195826411247253,-469.5711975097656,114.5494613647461,176.36497497558594,62.297176361083984,-36.779762268066406,14.605101585388184,21.771324157714844,14.387900352478027,7.597932815551758,12.58438491821289,-7.863330364227295,9.11559772491455,-7.0451459884643555,8.926478385925293,-8.75784969329834,8.75906753540039,-8.746940612792969,9.0274658203125,-4.5622029304504395,14.505888938903809,-0.926801860332489,15.70389175415039,-6.74862003326416,11.761159896850586,-8.6143159866333,9.386754989624023
Q1_zHwJG8Rrx6c_0.wav,Happy,143.5546875,0.009713801555335522,0.00728908134624362,0.06475735115364215,948.8600445614095,1648.9194964418316,0.06540995091199875,0.04345614090561867,0.11844653636217117,0.44041967391967773,0.1375608891248703,0.20876285433769226,0.07999354600906372,0.17100179195404053,0.13437537848949432,0.13232167065143585,0.45899370312690735,0.14202381670475006,-542.678955078125,126.6544418334961,132.6546630859375,60.96722412109375,-24.001188278198242,21.52703857421875,17.38810920715332,15.433660507202148,2.2043967247009277,17.14021110534668,-11.042457580566406,9.420503616333008,-13.253259658813477,9.89642333984375,-16.084651947021484,11.260255813598633,-12.650399208068848,12.155683517456055,-6.8546648025512695,10.684843063354492,-0.924773633480072,13.618194580078125,-4.007345676422119,16.351110458374023,-8.532999038696289,11.752570152282715
Q1_zHwJG8Rrx6c_1.wav,Happy,143.5546875,0.015675131231546402,0.008880346082150936,0.060603852656471,890.9711803187446,1593.8453598777846,0.06145366281270981,0.13618159294128418,0.16316181421279907,0.5411191582679749,0.14802603423595428,0.08132287114858627,0.1950058937072754,0.1763896644115448,0.27190643548965454,0.1467665582895279,0.36429017782211304,0.15275344252586365,-455.0942687988281,113.99809265136719,161.75970458984375,54.61247634887695,-28.985151290893555,21.655424118041992,23.163150787353516,15.521308898925781,6.6948933601379395,15.091781616210938,-7.454071044921875,8.656387329101562,-8.988697052001953,8.005926132202148,-14.283744812011719,9.447543144226074,-14.53994369506836,12.439746856689453,-10.772575378417969,10.322202682495117,-3.2508139610290527,9.600310325622559,-4.714184761047363,10.52842903137207,-6.776784896850586,10.23200511932373
Q1_zHwJG8Rrx6c_2.wav,Happy,151.99908088235293,0.020747048780322075,0.0095906937494874,0.05669173035859545,871.4303171803645,1611.586260019828,0.12517651915550232,0.07438161224126816,0.18370595574378967,0.5539711117744446,0.18513643741607666,0.14251910150051117,0.10869307816028595,0.30017969012260437,0.3282216191291809,0.21172697842121124,0.41077733039855957,0.13705015182495117,-413.4486999511719,110.0430908203125,175.70567321777344,51.67264175415039,-36.94442367553711,16.24639892578125,28.19662094116211,15.164694786071777,4.56268835067749,14.790114402770996,-4.851791858673096,8.894113540649414,-10.184046745300293,9.529945373535156,-12.86893081665039,9.481565475463867,-10.0474214553833,8.65302562713623,-9.650132179260254,8.879940032958984,-1.724473476409912,9.253580093383789,-5.189791202545166,10.356646537780762,-8.67988109588623,8.545862197875977
Q1_zHwJG8Rrx6c_3.wav,Happy,99.38401442307692,0.020678551867604256,0.010650664567947388,0.06077374966849364,899.4383378909134,1659.396755105198,0.1252632588148117,0.0761801227927208,0.20606201887130737,0.6343362927436829,0.19322633743286133,0.14240321516990662,0.10139933973550797,0.2489132434129715,0.2733146846294403,0.17256714403629303,0.30646514892578125,0.11729040741920471,-416.94757080078125,127.40150451660156,169.07875061035156,57.29127502441406,-35.00792694091797,21.469160079956055,28.05948829650879,15.671568870544434,1.220465898513794,12.999410629272461,-4.000982761383057,8.420075416564941,-7.867612838745117,9.568994522094727,-10.893880844116211,9.339235305786133,-8.615673065185547,8.386796951293945,-8.00305461883545,9.219944953918457,-0.6091835498809814,8.719011306762695,-2.548497438430786,9.390177726745605,-8.29703426361084,8.118330001831055
Q1_zmZHNy9T8Pg_0.wav,Happy,161.4990234375,0.01605369709432125,0.00907803699374199,0.0494542866696776,812.5144441032152,1558.1947653210116,0.14417211711406708,0.23522351682186127,0.6753506660461426,0.2654954493045807,0.18777908384799957,0.1262184977531433,0.28049975633621216,0.39605337381362915,0.19408772885799408,0.31450602412223816,0.14657095074653625,0.26839184761047363,-453.09613037109375,124.96914672851562,186.25732421875,62.53037643432617,-33.010406494140625,24.248517990112305,22.982545852661133,18.183666229248047,8.23344612121582,10.825523376464844,-5.482313632965088,7.712583065032959,-5.378780364990234,7.999821662902832,-8.9210844039917,6.957764625549316,-5.980000972747803,8.33021354675293,-10.042015075683594,6.507521152496338,-3.4510209560394287,6.185999393463135,-6.425713062286377,6.6793107986450195,-9.751205444335938,7.543851375579834
Q1_zmZHNy9T8Pg_1.wav,Happy,161.4990234375,0.017872564494609833,0.008888513781130314,0.05616399471258134,877.8989258235378,1648.5161704768846,0.1856381595134735,0.14684364199638367,0.3740387260913849,0.21741586923599243,0.35761862993240356,0.1715819388628006,0.26936861872673035,0.31786414980888367,0.16940154135227203,0.30500906705856323,0.15888524055480957,0.32229143381118774,-422.4848937988281,116.8924331665039,186.94491577148438,55.68327713012695,-38.837772369384766,18.378217697143555,25.5528564453125,17.515888214111328,3.1655192375183105,12.590632438659668,-3.4728477001190186,7.3268914222717285,-3.4934186935424805,8.62774658203125,-5.58815336227417,7.261005401611328,-9.364058494567871,7.760283470153809,-7.092181205749512,7.427956581115723,-1.1960117816925049,8.016307830810547,-5.419870853424072,8.490094184875488,-5.824828624725342,7.748705863952637
Q1_zmZHNy9T8Pg_2.wav,Happy,161.4990234375,0.017405379563570023,0.01011279970407486,0.06242299383398161,919.4702359349611,1651.1809396271658,0.16002945601940155,0.16996346414089203,0.5585689544677734,0.1892954409122467,0.14720875024795532,0.06973124295473099,0.15595966577529907,0.3466768264770508,0.16473878920078278,0.3211289942264557,0.13179919123649597,0.2744634449481964,-444.7657775878906,128.53123474121094,170.97142028808594,63.176734924316406,-36.76893615722656,16.84284019470215,21.318904876708984,18.44312858581543,0.31283923983573914,13.347686767578125,-6.642423629760742,8.851360321044922,-4.150535583496094,8.984208106994629,-5.481875419616699,10.483383178710938,-8.615012168884277,10.999839782714844,-8.522693634033203,8.393221855163574,0.8242202401161194,9.500657081604004,-1.7311804294586182,9.332056045532227,-3.5554606914520264,10.63176155090332
Q1__8v0MFBZoco_0.wav,Happy,117.45383522727273,0.018187375739216805,0.010287750512361526,0.06545388486963757,986.7692019360661,1751.4282407139885,0.16298557817935944,0.14925174415111542,0.2251533716917038,0.221202552318573,0.4397079050540924,0.16339120268821716,0.17417952418327332,0.28941985964775085,0.3717212677001953,0.3214215934276581,0.21585355699062347,0.3998228907585144,-414.7105712890625,119.56852722167969,159.8260955810547,52.809024810791016,-31.442365646362305,21.85373878479004,20.941389083862305,14.661422729492188,-1.2074886560440063,14.294808387756348,-4.203307628631592,9.129068374633789,-5.697412490844727,9.966917991638184,-9.416769981384277,9.682116508483887,-9.8606538772583,10.117656707763672,-3.478728771209717,8.667736053466797,0.5197240710258484,10.819537162780762,-3.3332619667053223,11.770024299621582,-5.125607967376709,9.014022827148438
Q1__8v0MFBZoco_1.wav,Happy,117.45383522727273,0.020231081172823906,0.010639838874340057,0.06574452828430043,993.499832485777,1811.5682937059382,0.20041899383068085,0.5403252243995667,0.16771773993968964,0.11841639876365662,0.2545594573020935,0.2827845513820648,0.27397841215133667,0.2010815441608429,0.46508631110191345,0.18881450593471527,0.193191260099411,0.1520676463842392,-387.849365234375,113.17137908935547,165.5197296142578,48.319175720214844,-30.640714645385742,24.38716697692871,22.88460922241211,13.639081954956055,-1.1513510942459106,12.357848167419434,-2.0948877334594727,7.731627464294434,-6.12247371673584,8.659149169921875,-7.746135234832764,9.097731590270996,-8.940135955810547,9.597074508666992,-4.128652095794678,9.672063827514648,-3.0137624740600586,9.374377250671387,-1.0754224061965942,10.3369140625,-7.210756301879883,7.761068820953369
Q1__BK2o77sTc0_0.wav,Happy,172.265625,0.010511969216167927,0.0052642314694821835,0.06616197381662965,880.7376087429527,1564.5886698145127,0.07177956402301788,0.19676339626312256,0.4715566635131836,0.20157499611377716,0.2534868121147156,0.13039140403270721,0.31301045417785645,0.29881271719932556,0.18769876658916473,0.33352288603782654,0.13108648359775543,0.13485604524612427,-486.15191650390625,105.11434936523438,184.86795043945312,56.11760330200195,-38.853580474853516,19.760683059692383,18.032257080078125,13.438450813293457,8.555061340332031,11.77282428741455,-4.247055530548096,8.587271690368652,-1.3215848207473755,9.95715045928955,-8.520833015441895,10.28679370880127,-7.552462577819824,8.910426139831543,-7.733116149902344,8.52946949005127,-0.09213468432426453,8.452971458435059,-3.3465733528137207,9.432865142822266,-9.816579818725586,9.114376068115234
Q1__BK2o77sTc0_1.wav,Happy,135.99917763157896,0.00945338886231184,0.004258211236447096,0.07534172781117397,1004.5543868502996,1629.05382213026,0.05174986645579338,0.23951610922813416,0.6130556464195251,0.1530553698539734,0.1843024343252182,0.07655427604913712,0.20054462552070618,0.19171632826328278,0.09907130151987076,0.21852491796016693,0.06932087242603302,0.1083541288971901,-510.86376953125,109.20536041259766,161.96661376953125,53.34827423095703,-40.29446792602539,19.272090911865234,14.899174690246582,13.296332359313965,-10.728915214538574,13.505711555480957,-12.786052703857422,9.765475273132324,-6.452978610992432,9.488236427307129,-12.421438217163086,9.894996643066406,-13.990926742553711,10.204387664794922,-9.81856918334961,10.15644645690918,1.6561697721481323,8.814916610717773,3.3418941497802734,10.217690467834473,-1.838931918144226,10.919597625732422
Q1__kJtgm1OUNA_0.wav,Happy,123.046875,0.01193733885884285,0.008416330441832542,0.07291159237132352,1052.8621970733602,1808.1050666360295,0.18778112530708313,0.22547844052314758,0.08638080209493637,0.2402925044298172,0.08538248389959335,0.15792407095432281,0.129405215382576,0.08549578487873077,0.16014257073402405,0.31781280040740967,0.40073058009147644,0.11304821074008942,-498.6436767578125,131.77369689941406,132.75689697265625,61.258365631103516,-29.721263885498047,22.580406188964844,16.907386779785156,14.602804183959961,-0.8538233637809753,13.503043174743652,-13.979453086853027,11.337529182434082,-11.56130599975586,7.92987060546875,-13.56027603149414,9.482853889465332,-11.326254844665527,10.559621810913086,-7.012192249298096,7.735805988311768,-6.8927321434021,13.786787033081055,-0.7735793590545654,15.686580657958984,1.4817229509353638,11.427468299865723
Q1__kJtgm1OUNA_1.wav,Happy,129.19921875,0.024229340255260468,0.01055191084742546,0.06497662880127299,1045.755210517368,1966.1992139155323,0.27433687448501587,0.39264342188835144,0.11679070442914963,0.1258849799633026,0.1168208122253418,0.26477399468421936,0.15065997838974,0.0894131138920784,0.1427157074213028,0.3161844313144684,0.510686993598938,0.1545371562242508,-376.6409912109375,127.8458023071289,158.090087890625,53.167945861816406,-38.0458869934082,16.395610809326172,30.004417419433594,14.440924644470215,-4.75830078125,11.491626739501953,-0.6394178867340088,7.349299430847168,-8.050745010375977,8.289993286132812,-4.009920120239258,8.961562156677246,-10.030455589294434,8.74040412902832,-5.028059482574463,8.925447463989258,-9.41982364654541,12.039690971374512,-0.3926471769809723,11.467622756958008,-2.5806503295898438,8.117984771728516
Q1__kJtgm1OUNA_2.wav,Happy,129.19921875,0.02009904570877552,0.01339933555573225,0.06519423957273653,1021.409402550143,1880.3108409365464,0.1397181898355484,0.18241623044013977,0.05887479707598686,0.076622873544693,0.09828981012105942,0.25541460514068604,0.14880619943141937,0.07627125084400177,0.18590958416461945,0.31411445140838623,0.6497588753700256,0.14264163374900818,-447.6065673828125,164.0760955810547,127.29714965820312,68.30939483642578,-29.79203224182129,23.062192916870117,21.094324111938477,19.35897445678711,-4.502583026885986,13.468498229980469,-5.257281303405762,8.605509757995605,-10.764065742492676,9.289423942565918,-4.000372409820557,10.152047157287598,-8.568957328796387,10.201972961425781,-11.01622200012207,10.17153263092041,-12.091509819030762,11.220362663269043,-6.342828750610352,9.493559837341309,-3.2292637825012207,6.791428565979004
Q1__SJQaaRzD-A_0.wav,Happy,92.28515625,0.01724603772163391,0.007502607069909573,0.04941965666990806,799.333225474459,1536.623994430693,0.362464040517807,0.18794311583042145,0.26717039942741394,0.1406363546848297,0.2609589099884033,0.45904406905174255,0.18200385570526123,0.19100765883922577,0.19503162801265717,0.4420165717601776,0.42722010612487793,0.21453236043453217,-428.47418212890625,110.11109161376953,189.0526885986328,58.547950744628906,-39.804161071777344,16.0406436920166,26.71552848815918,13.151721000671387,7.676490306854248,12.777505874633789,-4.016312122344971,7.683222770690918,-5.012273788452148,7.857241153717041,-9.662596702575684,8.2568998336792,-4.651231288909912,6.586921691894531,-6.726394176483154,8.609904289245605,-4.610516548156738,7.130957126617432,-6.001126289367676,7.554996967315674,-8.658184051513672,7.7886857986450195
Q1__SJQaaRzD-A_1.wav,Happy,92.28515625,0.01661502569913864,0.006878322456032038,0.05745910512133948,914.7919393314971,1732.5879144565145,0.49774467945098877,0.188064843416214,0.2270990014076233,0.09894470870494843,0.17148061096668243,0.3570564389228821,0.1533491611480713,0.26632922887802124,0.18537823855876923,0.3968605697154999,0.35287249088287354,0.20862723886966705,-415.53521728515625,96.32382202148438,182.4921875,49.069740295410156,-38.18109893798828,14.36291217803955,27.730955123901367,12.389713287353516,3.7209997177124023,12.050522804260254,-5.58943510055542,7.765833377838135,-8.165546417236328,8.760127067565918,-12.22647762298584,8.847668647766113,-10.36030101776123,9.461400032043457,-4.072386741638184,9.390807151794434,-3.184475898742676,7.645290851593018,-3.589097499847412,9.63672924041748,-7.956935882568359,9.120726585388184
Q3_-vAz_HTFEXs_0.wav,Sad,80.74951171875,0.004272558726370335,0.0036749406717717648,0.05088446392276423,800.3330222067553,1405.4393827518709,0.32347238063812256,0.15860261023044586,0.33232560753822327,0.31442052125930786,0.17631933093070984,0.3054143190383911,0.1742008924484253,0.36971503496170044,0.24468889832496643,0.10906240344047546,0.0627366378903389,0.10961013287305832,-604.7976684570312,89.25627136230469,143.78919982910156,49.11799240112305,-12.011065483093262,22.101699829101562,10.562110900878906,13.230486869812012,18.013221740722656,15.640314102172852,-6.745890140533447,9.613100051879883,-10.92126178741455,9.889357566833496,-12.020312309265137,9.196619987487793,-14.498778343200684,10.358105659484863,-12.676185607910156,12.223328590393066,-7.797475337982178,11.474746704101562,-4.80731201171875,12.624210357666016,-4.650308609008789,12.286782264709473
Q3_-vAz_HTFEXs_1.wav,Sad,184.5703125,0.007650749757885933,0.007684383541345596,0.06778073177954293,934.7631294225512,1539.3479567307693,0.3497077226638794,0.13817894458770752,0.32497072219848633,0.44336169958114624,0.11328153312206268,0.1293528825044632,0.07433781772851944,0.2117542326450348,0.13596729934215546,0.03788062185049057,0.03459335118532181,0.09898174554109573,-577.9368896484375,124.73168182373047,122.90657043457031,59.176944732666016,-21.4896240234375,24.305320739746094,10.466958999633789,13.31501579284668,5.23112154006958,12.46744441986084,-7.711578845977783,8.376931190490723,-9.255831718444824,11.568680763244629,-14.660405158996582,9.485361099243164,-16.766765594482422,10.247920036315918,-15.12712287902832,12.9453763961792,-3.570826292037964,12.57439136505127,1.9205296039581299,11.938898086547852,-4.660972595214844,12.718550682067871
Q3_02t1bj7ZABY_0.wav,Sad,80.74951171875,0.0031496905721724033,0.0028644301928579807,0.04142402910620053,705.4398894575222,1259.5976897468668,0.2878531813621521,0.3514240086078644,0.09776215255260468,0.09366888552904129,0.23479746282100677,0.6076256632804871,0.33693039417266846,0.271079957485199,0.4465128779411316,0.2657735347747803,0.3343709409236908,0.14395691454410553,-622.0814819335938,93.42425537109375,165.31915283203125,50.83546829223633,-1.1972532272338867,28.86812973022461,8.186840057373047,13.803692817687988,21.408817291259766,11.854330062866211,-1.307275414466858,8.456812858581543,-7.734504699707031,9.462700843811035,-3.306096076965332,7.445805072784424,-3.31614089012146,6.802093505859375,-8.317793846130371,8.432306289672852,-8.071907997131348,8.461846351623535,-6.862785339355469,8.087850570678711,-7.499884128570557,7.948517799377441
Q3_02t1bj7ZABY_1.wav,Sad,161.4990234375,0.00536519568413496,0.003765667788684368,0.05260645604395604,820.7846327798957,1514.2669020432693,0.23783037066459656,0.4195300340652466,0.15389761328697205,0.2311476171016693,0.12329884618520737,0.22141115367412567,0.15837325155735016,0.18906311690807343,0.46927228569984436,0.17661376297473907,0.19517487287521362,0.09148821234703064,-559.6929321289062,96.05094909667969,163.00474548339844,52.51575469970703,-14.705615997314453,21.07122802734375,12.985058784484863,12.588082313537598,16.29469871520996,13.344915390014648,-6.538902759552002,7.457865238189697,-9.988239288330078,8.327609062194824,-10.362020492553711,8.198332786560059,-7.652704238891602,9.066895484924316,-6.34152889251709,8.258054733276367,-5.670195579528809,8.235339164733887,-3.43489146232605,9.33008861541748,-6.390322685241699,10.286638259887695
Q3_02t1bj7ZABY_2.wav,Sad,161.4990234375,0.00651488546282053,0.004349003080278635,0.07281292925824176,970.09140376229,1742.1686448317307,0.14141236245632172,0.46466684341430664,0.14420394599437714,0.20434559881687164,0.09627175331115723,0.20336203277111053,0.19109803438186646,0.13969101011753082,0.3672381043434143,0.13750603795051575,0.2422628402709961,0.0756315216422081,-546.9498291015625,102.13663482666016,160.5641326904297,54.93367004394531,-22.556245803833008,17.537155151367188,10.09953784942627,13.644710540771484,4.600879192352295,16.19255828857422,-8.12963581085205,7.597656726837158,-2.2483718395233154,8.008133888244629,-3.824394702911377,7.8787994384765625,-1.2209489345550537,11.11557388305664,0.49167400598526,8.695198059082031,-3.5285627841949463,10.925575256347656,0.288265198469162,11.426200866699219,-2.8228886127471924,9.572032928466797
Q3_0c2dTJTDUR4_0.wav,Sad,117.45383522727273,0.009974993765354156,0.005950880236923695,0.05101744828500707,760.6587821780896,1428.782850208849,0.2591221332550049,0.3078499436378479,0.2364283800125122,0.18631447851657867,0.19928522408008575,0.19478416442871094,0.4743201732635498,0.34205469489097595,0.33239224553108215,0.31558769941329956,0.2703481912612915,0.5672882795333862,-485.325927734375,113.59503936767578,187.47201538085938,63.479915618896484,-27.270763397216797,23.569982528686523,13.67193603515625,14.20387077331543,10.801831245422363,12.991663932800293,-5.013823986053467,7.512655735015869,-3.913827657699585,7.778050899505615,-8.470376968383789,6.861741542816162,-6.154845237731934,6.687362194061279,-3.0811679363250732,5.528491497039795,-3.4216301441192627,5.819334983825684,-8.451769828796387,6.781342029571533,-7.125394821166992,5.723243713378906
Q3_0EWWyyV7RJA_0.wav,Sad,143.5546875,0.004363514948636293,0.0035458856727927923,0.0596563276076159,887.424726710284,1661.37456022351,0.14871728420257568,0.432333379983902,0.24432829022407532,0.1338455229997635,0.21215994656085968,0.12323711812496185,0.2242708057165146,0.15133072435855865,0.39732640981674194,0.43997687101364136,0.13652656972408295,0.15211087465286255,-571.62353515625,104.51483154296875,158.9219512939453,58.153018951416016,-18.058839797973633,21.408309936523438,8.63712215423584,10.677536964416504,12.851337432861328,10.631226539611816,-8.065573692321777,6.599818706512451,-6.9563422203063965,8.547462463378906,-9.40205192565918,6.800684928894043,-8.373093605041504,7.084482669830322,-4.849785327911377,7.495566368103027,-5.779972553253174,7.874486923217773,-6.644842624664307,11.717010498046875,-6.067296981811523,10.12818431854248
Q3_0lEL_XHyhuU_0.wav,Sad,123.046875,0.005211183335632086,0.004534389358013868,0.05370472175565771,810.8957214386857,1485.1057298112623,0.09368717670440674,0.23996752500534058,0.4197622835636139,0.17739291489124298,0.15601813793182373,0.13429825007915497,0.34899595379829407,0.2088925689458847,0.1780318170785904,0.35031795501708984,0.1534976363182068,0.17592217028141022,-580.5883178710938,102.2948989868164,144.73146057128906,57.50308609008789,-15.088488578796387,19.734464645385742,10.145066261291504,18.047277450561523,15.416728019714355,14.073272705078125,-4.244470119476318,9.463738441467285,-5.764042854309082,10.431612014770508,-6.7006354331970215,11.093640327453613,-9.440114974975586,9.095854759216309,-7.298806667327881,8.781134605407715,-2.763756513595581,8.404642105102539,-2.7440402507781982,11.006464958190918,-5.294841289520264,11.648296356201172
Q3_0lEL_XHyhuU_1.wav,Sad,123.046875,0.005787230096757412,0.004440928343683481,0.05551012586549794,807.9176016433717,1446.42344774326,0.15160131454467773,0.3770628869533539,0.29518648982048035,0.1303092986345291,0.23451367020606995,0.12453798949718475,0.29807204008102417,0.26206204295158386,0.22032064199447632,0.32188093662261963,0.16416223347187042,0.28447186946868896,-561.197509765625,117.96583557128906,168.27700805664062,59.168453216552734,-20.126148223876953,29.57671356201172,15.637551307678223,15.879219055175781,12.031811714172363,13.443259239196777,-9.117962837219238,8.507031440734863,-7.672200679779053,10.21939754486084,-10.807429313659668,8.336682319641113,-9.869162559509277,7.4096174240112305,-4.101637363433838,6.06525993347168,-4.379915714263916,7.408722877502441,-5.967741966247559,9.526522636413574,-8.470597267150879,8.703338623046875
Q3_0lEL_XHyhuU_2.wav,Sad,123.046875,0.005271589383482933,0.0050911931321024895,0.057297310943411096,824.7929848444494,1437.5381758354351,0.07573176920413971,0.1600550413131714,0.324832558631897,0.15723904967308044,0.24618737399578094,0.1297226846218109,0.3290232717990875,0.1950669288635254,0.22240644693374634,0.5286366939544678,0.18003804981708527,0.15325097739696503,-585.0237426757812,117.84337615966797,156.9937286376953,62.188480377197266,-15.192750930786133,26.68541717529297,7.104430675506592,14.72555160522461,9.949899673461914,15.10549545288086,-4.322287082672119,8.220561027526855,-2.5083518028259277,6.7983293533325195,-5.688793182373047,8.289069175720215,-7.009519100189209,7.538041114807129,-3.506916046142578,7.834964275360107,0.09342488646507263,9.581342697143555,-3.3429577350616455,11.003646850585938,-7.168248176574707,8.724266052246094
Q3_0lEL_XHyhuU_3.wav,Sad,61.5234375,0.0047660586424171925,0.004565205425024033,0.05856812591107872,795.2804546438232,1418.2643345424108,0.130761981010437,0.22171540558338165,0.5337290167808533,0.20420986413955688,0.21467189490795135,0.13192014396190643,0.4048968255519867,0.19567468762397766,0.1572742462158203,0.2898944914340973,0.15077979862689972,0.29386287927627563,-578.3204956054688,106.24958038330078,161.739013671875,57.60196304321289,-16.58524513244629,20.89884376525879,3.653838872909546,17.14830207824707,12.08984088897705,15.616479873657227,-3.834005117416382,8.347516059875488,-3.5193490982055664,9.481127738952637,-6.806278228759766,9.31375503540039,-9.408297538757324,8.326738357543945,-5.9132161140441895,9.732014656066895,-2.9861345291137695,10.086366653442383,-5.848859786987305,9.130741119384766,-8.183023452758789,9.193768501281738
Q3_0vLPYiPN7qY_3.wav,Sad,99.38401442307692,0.009235396981239319,0.005320552736520767,0.048129292582417584,768.7731862448761,1481.077373798077,0.3018510043621063,0.14960339665412903,0.17912061512470245,0.318960040807724,0.1679263412952423,0.2616737186908722,0.19750016927719116,0.5241515636444092,0.4754828214645386,0.19059984385967255,0.22816063463687897,0.14311788976192474,-489.7217712402344,101.26374053955078,183.2966766357422,53.29912567138672,-29.321290969848633,21.18793296813965,19.466197967529297,10.843650817871094,16.380739212036133,11.759061813354492,-5.111172676086426,8.463522911071777,-6.789195537567139,7.783059597015381,-8.950940132141113,7.558786392211914,-4.246214866638184,7.529575347900391,-7.635395050048828,8.771809577941895,-4.541593551635742,6.251198768615723,-9.006034851074219,7.083065986633301,-12.78305721282959,8.332719802856445
Q3_0wRQRwnQiqY_0.wav,Sad,57.421875,0.0032340276520699263,0.00385618070140481,0.04547190816960253,756.2559099214199,1333.8987769150153,0.2539825141429901,0.21893678605556488,0.4826870858669281,0.3180607557296753,0.1561218947172165,0.18879616260528564,0.3523893654346466,0.45423734188079834,0.26831552386283875,0.35794153809547424,0.25131192803382874,0.12595032155513763,-603.4690551757812,95.5382080078125,154.91036987304688,49.00677490234375,-1.196319341659546,26.999568939208984,5.33090353012085,14.423931121826172,15.526376724243164,14.895069122314453,-2.2290585041046143,8.06918716430664,-3.3407704830169678,7.190567493438721,-3.032348394393921,7.916188716888428,-6.655130386352539,6.2596869468688965,-7.177143573760986,7.627837657928467,-7.883382320404053,7.6271443367004395,-11.819887161254883,7.996817111968994,-12.992851257324219,8.773077964782715
Q3_16OaOpfOPZ0_0.wav,Sad,135.99917763157896,0.007892300374805927,0.004786477889865637,0.05509271978021978,925.2489033773431,1679.6797626201924,0.09816212952136993,0.12638118863105774,0.1409781277179718,0.13576175272464752,0.31390395760536194,0.28143060207366943,0.09521514177322388,0.107676200568676,0.22846052050590515,0.2814174294471741,0.10430179536342621,0.06238347664475441,-555.8609619140625,87.40068054199219,128.7989959716797,41.06942367553711,-21.497194290161133,17.990930557250977,16.378284454345703,13.244834899902344,10.670276641845703,12.918747901916504,-17.62347412109375,11.698967933654785,-22.45772933959961,9.876633644104004,-21.109453201293945,10.423836708068848,-20.753780364990234,12.839791297912598,-15.941944122314453,12.229513168334961,-4.353949069976807,13.67840576171875,-1.2046018838882446,13.837589263916016,-6.545998573303223,12.50684642791748
Q3_16OaOpfOPZ0_1.wav,Sad,123.046875,0.008005445823073387,0.004570922814309597,0.06404026752638078,969.6645779070554,1657.5151680722383,0.1528787910938263,0.20822468400001526,0.34236767888069153,0.13175132870674133,0.2229856550693512,0.3162764608860016,0.12808650732040405,0.07414885610342026,0.07200440019369125,0.14815005660057068,0.10885899513959885,0.21730610728263855,-554.99951171875,105.44499969482422,141.54296875,46.99751663208008,-27.31172752380371,24.255701065063477,17.22194480895996,13.137367248535156,1.7446560859680176,13.685566902160645,-11.07778549194336,10.87020492553711,-11.648724555969238,9.921943664550781,-17.02819061279297,11.232149124145508,-15.649867057800293,14.26856803894043,-13.135102272033691,12.49308967590332,-3.4391963481903076,15.49534797668457,2.212036371231079,15.54568862915039,-7.474701404571533,12.31252670288086
Q3_1cgO42sh-ZY_0.wav,Sad,151.99908088235293,0.00466083874925971,0.004797779954969883,0.059463856456043955,889.0705784062473,1470.2161207932693,0.08129514008760452,0.2559518814086914,0.31892308592796326,0.10851973295211792,0.21006788313388824,0.08402352035045624,0.21860985457897186,0.15491226315498352,0.12353403121232986,0.32323917746543884,0.13249194622039795,0.20959500968456268,-621.3617553710938,98.74715423583984,121.74906921386719,45.36129379272461,-7.567673206329346,24.51093864440918,8.038972854614258,18.940427780151367,5.799317836761475,14.354132652282715,-10.073060989379883,10.517905235290527,-14.539216995239258,11.504913330078125,-15.541091918945312,9.79598331451416,-15.31883430480957,10.071292877197266,-11.512446403503418,11.805025100708008,-0.2124379724264145,9.732393264770508,3.129575490951538,11.966253280639648,-1.6954668760299683,13.46923542022705
Q3_1kny88W533Q_1.wav,Sad,89.10290948275862,0.005632265005260706,0.004735847003757954,0.05896203234713283,926.2350530154602,1677.0257671929858,0.385630339384079,0.13882862031459808,0.19329281151294708,0.14298905432224274,0.3535696864128113,0.13724851608276367,0.10186544060707092,0.25913578271865845,0.23040753602981567,0.32349130511283875,0.14033713936805725,0.31636303663253784,-583.8787231445312,118.79949951171875,134.89100646972656,55.81867218017578,-21.24776840209961,23.029691696166992,19.60896873474121,17.82021713256836,7.365691661834717,15.096335411071777,-16.38970184326172,10.11790657043457,-21.024011611938477,11.031232833862305,-19.227092742919922,11.320428848266602,-18.24901008605957,12.107699394226074,-13.254264831542969,9.649686813354492,-13.42930793762207,10.575095176696777,-9.300002098083496,10.747679710388184,-3.5224783420562744,9.939041137695312
Q3_1Q3MoBFh6eU_0.wav,Sad,161.4990234375,0.0044939820654690266,0.003203419968485832,0.07994241800394145,1143.3023434603676,1905.5478317673142,0.2261776477098465,0.1827724426984787,0.04155156761407852,0.14491795003414154,0.5130473375320435,0.10257451236248016,0.06577019393444061,0.24817897379398346,0.26755067706108093,0.0773923471570015,0.01720038428902626,0.06210663914680481,-611.2540893554688,107.48779296875,119.76762390136719,42.028221130371094,-28.02989959716797,25.49580192565918,12.245500564575195,15.442743301391602,5.847419261932373,17.301753997802734,-6.348772048950195,10.460673332214355,-12.078343391418457,9.4320068359375,-17.059110641479492,11.029743194580078,-13.335537910461426,14.053991317749023,-3.218648672103882,17.93939971923828,-0.49573346972465515,16.906526565551758,1.163718342781067,16.957660675048828,1.9024792909622192,12.467555046081543
Q3_1Q3MoBFh6eU_2.wav,Sad,151.99908088235293,0.006172819994390011,0.0036589636001735926,0.06156245997694672,863.0010242832457,1492.7738627449412,0.04792967066168785,0.1713222712278366,0.16231577098369598,0.13384759426116943,0.2510612905025482,0.14960086345672607,0.4029403030872345,0.17920325696468353,0.40695637464523315,0.6006453633308411,0.15582343935966492,0.022282330319285393,-555.1199951171875,104.4229736328125,169.37374877929688,52.31475067138672,-34.357460021972656,23.09527015686035,16.858970642089844,12.20787239074707,9.664852142333984,12.282764434814453,-10.2719087600708,8.197298049926758,-11.229728698730469,9.930427551269531,-13.596036911010742,8.959969520568848,-7.274708271026611,7.25624418258667,-4.740171909332275,8.7444486618042,1.8581598997116089,10.070223808288574,-7.679410457611084,13.840874671936035,-12.892151832580566,10.754056930541992
Q3_2eIsQtm4YNs_0.wav,Sad,161.4990234375,0.01230531744658947,0.00687562208622694,0.05091557914161952,772.8073026692568,1470.608127707302,0.3666616678237915,0.18559595942497253,0.2575693726539612,0.23509977757930756,0.45763909816741943,0.25697535276412964,0.1900201439857483,0.3432812988758087,0.27626365423202515,0.5203789472579956,0.22998447716236115,0.2651314437389374,-464.6467590332031,106.6519546508789,186.52859497070312,58.66801071166992,-35.525657653808594,17.38134002685547,15.477059364318848,12.080039024353027,13.738801002502441,10.73684024810791,-5.03670072555542,6.346243381500244,-2.2597668170928955,6.804967880249023,-5.7082624435424805,7.809847831726074,-0.8713728785514832,5.459389686584473,-3.7460970878601074,7.1334614753723145,-5.501619338989258,8.030549049377441,-7.674589157104492,8.302639961242676,-6.988847732543945,6.05347204208374
Q3_2eIsQtm4YNs_1.wav,Sad,86.1328125,0.011687127873301506,0.0055544618517160416,0.053198559941024945,817.2042918542926,1492.283673400217,0.32914724946022034,0.14887407422065735,0.21334654092788696,0.20426103472709656,0.4239932596683502,0.21937339007854462,0.11857648938894272,0.20577609539031982,0.22518321871757507,0.4699898660182953,0.18018895387649536,0.28131240606307983,-465.4899597167969,94.49801635742188,177.5921630859375,49.33224105834961,-30.631053924560547,13.295697212219238,20.28972816467285,12.795258522033691,10.129570960998535,14.038917541503906,-7.1049628257751465,7.351196765899658,1.5973210334777832,7.728551387786865,-2.250913619995117,8.441956520080566,-7.669471740722656,9.35609245300293,-3.126490831375122,7.199832916259766,-4.980706214904785,8.844135284423828,-2.7680695056915283,10.13056755065918,-1.2472535371780396,7.494373321533203
Q3_2v6gJi03LlA_0.wav,Sad,143.5546875,0.006339567247778177,0.0038517629727721214,0.05120278159340659,816.069325390138,1551.474384014423,0.13620765507221222,0.2177325189113617,0.2517929673194885,0.12666095793247223,0.08672215044498444,0.1861332505941391,0.22075124084949493,0.30664336681365967,0.23118937015533447,0.47044697403907776,0.5947409272193909,0.2719973921775818,-535.3109741210938,81.19132232666016,171.96115112304688,43.667274475097656,-12.4324369430542,24.352169036865234,12.197704315185547,12.923526763916016,16.079898834228516,10.182621955871582,-2.975202798843384,11.137472152709961,-4.256537437438965,7.910675048828125,-8.127362251281738,8.124853134155273,-9.899291038513184,8.565025329589844,-2.8485074043273926,10.99778938293457,-3.1773927211761475,8.251827239990234,-5.124060153961182,9.166072845458984,-1.0867213010787964,10.800777435302734
Q3_2v6gJi03LlA_1.wav,Sad,69.83741554054055,0.009265676140785217,0.006433158181607723,0.06339977206480477,963.512547752042,1724.291091885846,0.18141379952430725,0.20359040796756744,0.18530769646167755,0.08424778282642365,0.10099760442972183,0.20884549617767334,0.18903455138206482,0.1593586653470993,0.12160894274711609,0.31031620502471924,0.5723496675491333,0.14520572125911713,-509.5048828125,108.37611389160156,145.3925018310547,54.65816116333008,-25.80826759338379,20.756160736083984,12.265569686889648,13.421103477478027,3.3202927112579346,14.434249877929688,-10.618755340576172,8.820985794067383,-6.40801477432251,10.289959907531738,-6.4788899421691895,10.461676597595215,-10.59543228149414,8.971748352050781,-13.304210662841797,13.387808799743652,-11.131175994873047,13.763922691345215,-6.427375316619873,11.612272262573242,-2.7832698822021484,11.034537315368652
Q3_3ZnxqCZ7qGg_0.wav,Sad,123.046875,0.006193272769451141,0.004836650565266609,0.04732738234132682,733.2552180922283,1327.7118259979898,0.21809102594852448,0.11945562809705734,0.18003925681114197,0.1761218011379242,0.36915042996406555,0.21351124346256256,0.173879936337471,0.08631373196840286,0.16051656007766724,0.5100354552268982,0.21673955023288727,0.3635241389274597,-561.1021118164062,98.86766052246094,157.03543090820312,59.19398498535156,-12.626890182495117,21.782562255859375,8.180380821228027,12.8504638671875,14.784273147583008,11.679356575012207,-9.947118759155273,7.772841930389404,-9.951864242553711,8.130488395690918,-10.050305366516113,9.169426918029785,-9.5391263961792,9.304268836975098,-7.342236518859863,8.212475776672363,-9.23547649383545,6.71795654296875,-14.284619331359863,10.278790473937988,-13.072023391723633,7.634748935699463
Q3_4Er-eFHSHA4_0.wav,Sad,172.265625,0.0034652482718229294,0.0028410828672349453,0.05122684742135301,812.9079815740853,1531.4471612263362,0.4242137670516968,0.24416548013687134,0.5085846185684204,0.4377669095993042,0.12444090843200684,0.09395470470190048,0.1769409477710724,0.47746315598487854,0.13390468060970306,0.04061442241072655,0.06082000955939293,0.2200869917869568,-602.6990966796875,104.84212493896484,164.12701416015625,63.33381652832031,-12.445106506347656,25.613677978515625,7.661357879638672,9.382805824279785,17.040822982788086,8.740299224853516,-8.342385292053223,8.075788497924805,-6.9784255027771,7.115725517272949,-8.768867492675781,6.891860485076904,-8.196321487426758,6.505620002746582,-4.740093231201172,6.245251655578613,-5.231500148773193,5.335144996643066,-5.220645427703857,5.538564205169678,-6.650662899017334,6.076614856719971
Q3_4Er-eFHSHA4_1.wav,Sad,86.1328125,0.003256973112002015,0.0023999970871955156,0.05075935782967033,805.5649652240414,1468.2000450721155,0.3823709487915039,0.2009277492761612,0.4122471809387207,0.41631782054901123,0.14286597073078156,0.13400034606456757,0.19889970123767853,0.5190475583076477,0.15253324806690216,0.05332067608833313,0.1009521558880806,0.2906460762023926,-592.409912109375,91.99236297607422,175.07568359375,54.99120330810547,-14.629137992858887,22.317813873291016,9.228175163269043,10.80679988861084,16.262372970581055,10.206913948059082,-10.178498268127441,7.205834865570068,-7.423497676849365,6.454892158508301,-8.634689331054688,6.739502429962158,-11.059097290039062,6.5659685134887695,-5.6166605949401855,6.492716312408447,-3.709916353225708,6.831542491912842,-4.1858673095703125,5.97334623336792,-7.162781238555908,7.491441249847412
Q3_4Er-eFHSHA4_2.wav,Sad,172.265625,0.0038190335035324097,0.0030805759597569704,0.05358529646442737,800.3908442988712,1459.779290580844,0.25753405690193176,0.15183165669441223,0.38257351517677307,0.30693182349205017,0.07934969663619995,0.08311989903450012,0.2516954243183136,0.5117218494415283,0.15412898361682892,0.10103429108858109,0.08730258792638779,0.31812193989753723,-583.8058471679688,84.36386108398438,164.3040771484375,47.160484313964844,-13.581732749938965,22.217012405395508,10.154759407043457,11.779753684997559,17.293516159057617,10.98878288269043,-8.65290355682373,7.44841194152832,-10.984638214111328,7.970513343811035,-11.285233497619629,7.284331798553467,-10.919105529785156,7.103340148925781,-7.44197416305542,6.377073287963867,-5.956112384796143,6.45074987411499,-8.49450397491455,6.703873157501221,-9.65078067779541,7.29725456237793
Q3_4Er-eFHSHA4_3.wav,Sad,172.265625,0.0036087092012166977,0.0028509816620498896,0.07882913211544032,1021.8060029521296,1989.3885111891657,0.20397542417049408,0.1507955640554428,0.4548008143901825,0.20779065787792206,0.0481661781668663,0.06283118575811386,0.17348602414131165,0.616977870464325,0.16514882445335388,0.02520335279405117,0.043820034712553024,0.13787387311458588,-601.65283203125,120.09901428222656,145.8736114501953,68.12667846679688,-20.078310012817383,20.137815475463867,16.85683822631836,11.928922653198242,12.918550491333008,11.989133834838867,-5.979355812072754,7.4461283683776855,-5.211822509765625,7.829401016235352,-8.489031791687012,7.1279144287109375,-8.534975051879883,8.417455673217773,-7.584605693817139,8.684488296508789,-1.510404109954834,7.144133567810059,-3.155360460281372,8.1658353805542,-8.065810203552246,7.984369277954102
Q3_77z6Ep3aOmg_0.wav,Sad,92.28515625,0.00522830942645669,0.0033741071820259094,0.04961301064738454,805.3673782681193,1494.00549627047,0.1063818633556366,0.253581166267395,0.1092507615685463,0.12419174611568451,0.23302115499973297,0.12568123638629913,0.24181482195854187,0.21562330424785614,0.4546382427215576,0.5433818697929382,0.19021698832511902,0.12606944143772125,-562.2943725585938,97.54312133789062,166.6067657470703,52.77607727050781,-19.652727127075195,20.270069122314453,16.220874786376953,12.455953598022461,17.97310447692871,13.296133995056152,-4.720152854919434,6.942201137542725,-2.9247655868530273,6.557936191558838,-5.419148921966553,6.042957782745361,-7.845883369445801,8.072432518005371,-4.760873794555664,8.40107536315918,-3.575190305709839,6.953596591949463,-8.011151313781738,8.566204071044922,-9.353776931762695,8.388497352600098
Q3_77z6Ep3aOmg_1.wav,Sad,92.28515625,0.00581731554120779,0.0033754052128642797,0.05210164835164835,817.6330107799849,1521.7396334134614,0.09244497865438461,0.20880669355392456,0.07837025076150894,0.09943701326847076,0.1913471519947052,0.15040640532970428,0.38287612795829773,0.21927320957183838,0.47115620970726013,0.46331581473350525,0.15641337633132935,0.13352419435977936,-546.4473876953125,95.22163391113281,175.36532592773438,49.19464111328125,-26.467998504638672,18.85968017578125,19.16935920715332,11.780869483947754,16.215852737426758,13.509888648986816,-5.538619518280029,8.078256607055664,-4.1929779052734375,6.596690654754639,-6.626845836639404,6.359146595001221,-7.107193470001221,8.436677932739258,-4.902430534362793,8.243325233459473,-3.2346115112304688,7.644318580627441,-9.003866195678711,9.30495548248291,-11.905668258666992,8.846565246582031
Q3_7JIdJLkJ0S4_0.wav,Sad,151.99908088235293,0.002283554757013917,0.0019638158846646547,0.0626604789189612,928.6617095408253,1613.4513784320245,0.13548000156879425,0.2102920114994049,0.2573985159397125,0.21387577056884766,0.17440295219421387,0.3272150754928589,0.33337652683258057,0.19555199146270752,0.19646351039409637,0.23208007216453552,0.36685889959335327,0.2266383320093155,-654.33349609375,97.5012435913086,150.29217529296875,58.78180694580078,-2.722994327545166,26.234832763671875,2.507693290710449,14.108211517333984,10.14332389831543,14.33440113067627,-3.9868874549865723,11.782659530639648,-7.99148416519165,11.471783638000488,-10.189011573791504,10.994787216186523,-8.588988304138184,11.7584810256958,-2.9024085998535156,11.270732879638672,-1.4965167045593262,10.251396179199219,-6.996236801147461,10.543582916259766,-9.407149314880371,10.171295166015625
Q3_7JIdJLkJ0S4_1.wav,Sad,198.76802884615384,0.00722805131226778,0.004630360286682844,0.05072378957090564,781.2798190214388,1463.9483602858934,0.22522932291030884,0.2675446569919586,0.34220054745674133,0.35344669222831726,0.2438916116952896,0.30291563272476196,0.2419680953025818,0.1725098192691803,0.15413063764572144,0.25646430253982544,0.6093538999557495,0.22968824207782745,-512.3919067382812,104.2056655883789,190.9450225830078,57.45478820800781,-26.218839645385742,19.04356575012207,16.588619232177734,13.48112964630127,13.373419761657715,12.171192169189453,-6.412485599517822,6.381422519683838,-2.6171085834503174,6.960915565490723,-9.170309066772461,7.175684928894043,-10.276801109313965,7.755946159362793,-3.5843021869659424,7.142481803894043,0.5382870435714722,7.2314677238464355,-2.0709621906280518,7.9559197425842285,-6.968018054962158,7.168527126312256
Q3_7JIdJLkJ0S4_2.wav,Sad,151.99908088235293,0.00245222938247025,0.002143557881936431,0.06647631338573959,947.8134539987021,1488.1035939056965,0.13155114650726318,0.07456530630588531,0.09175179153680801,0.128173828125,0.09055035561323166,0.2229045033454895,0.4171563982963562,0.16482459008693695,0.10892922431230545,0.18449249863624573,0.28018635511398315,0.20638670027256012,-663.2968139648438,93.57854461669922,131.4413299560547,48.796260833740234,-8.254059791564941,27.313690185546875,5.742435932159424,13.9025297164917,5.10780668258667,15.180008888244629,-9.87822151184082,11.66639232635498,-9.184294700622559,10.28554916381836,-7.056393146514893,10.878207206726074,-6.658212661743164,13.024738311767578,-5.455226898193359,12.189460754394531,-6.20480489730835,13.29294204711914,-8.93077278137207,14.001798629760742,-9.110569953918457,14.415610313415527
Q3_7JIdJLkJ0S4_3.wav,Sad,172.265625,0.004821797367185354,0.0037202511448413134,0.056302601207386366,856.5520025648924,1482.1548406427557,0.12669146060943604,0.1924493908882141,0.2550126016139984,0.2981283962726593,0.14084947109222412,0.202498197555542,0.21052415668964386,0.12867315113544464,0.1859794408082962,0.27081865072250366,0.5515708327293396,0.2118242233991623,-569.6731567382812,98.41102600097656,157.40855407714844,53.329627990722656,-12.326892852783203,24.718828201293945,10.283909797668457,13.790249824523926,9.23222827911377,15.818451881408691,-8.928338050842285,11.047613143920898,-5.872361660003662,9.892107009887695,-9.058611869812012,9.495743751525879,-10.467389106750488,9.739307403564453,-5.012569904327393,9.000243186950684,-2.171727180480957,8.066672325134277,-4.520957946777344,9.878782272338867,-6.393680572509766,9.983506202697754
Q3_9Xg69XrVaYU_0.wav,Sad,107.666015625,0.004149777814745903,0.002787189558148384,0.06507194998983189,885.282105165571,1558.23202733104,0.32037630677223206,0.11120421439409256,0.15163865685462952,0.17149092257022858,0.5299184918403625,0.2337735891342163,0.1679372936487198,0.40710529685020447,0.16666890680789948,0.2534825801849365,0.10277320444583893,0.2051384598016739,-580.3237915039062,93.65062713623047,158.19017028808594,53.75737380981445,-26.916797637939453,16.784944534301758,8.796537399291992,8.206411361694336,11.414185523986816,12.503846168518066,-16.87855339050293,9.30312442779541,-12.474442481994629,9.142022132873535,-9.934917449951172,11.014522552490234,-8.42585563659668,11.36652946472168,-9.589067459106445,7.045061111450195,-13.771137237548828,13.724889755249023,-13.818625450134277,12.07416820526123,-8.298721313476562,8.370431900024414
Q3_9Xg69XrVaYU_1.wav,Sad,123.046875,0.004627449903637171,0.003541425568982959,0.06092260144070156,872.7438130290584,1531.7468995771853,0.43467646837234497,0.1228579580783844,0.0804157555103302,0.06650643795728683,0.17617104947566986,0.30313652753829956,0.26255539059638977,0.277296245098114,0.195494145154953,0.5100879669189453,0.20051680505275726,0.3855646550655365,-565.7528076171875,110.4074478149414,162.48489379882812,59.03963088989258,-23.08829689025879,26.486509323120117,10.4127836227417,10.483271598815918,12.576521873474121,11.948720932006836,-10.075693130493164,6.912286758422852,-7.443695068359375,7.79425048828125,-9.415678977966309,6.806360244750977,-10.678956985473633,6.865139961242676,-6.4324140548706055,7.24179220199585,-8.495488166809082,7.743269920349121,-9.352943420410156,9.601906776428223,-5.622076988220215,8.493270874023438
Q3_9Xg69XrVaYU_2.wav,Sad,215.33203125,0.004739504773169756,0.002750745741650462,0.049315733377354155,761.7487384119802,1406.171576693127,0.38320350646972656,0.14982391893863678,0.18731512129306793,0.1788102090358734,0.4263622760772705,0.29494333267211914,0.2806755304336548,0.5478425621986389,0.24335680902004242,0.298086017370224,0.1778150349855423,0.3616999387741089,-567.3132934570312,108.74077606201172,189.42457580566406,60.53510665893555,-24.45258140563965,25.442169189453125,16.32439613342285,9.676475524902344,16.501415252685547,9.9326171875,-8.863969802856445,7.663199424743652,-4.911997318267822,7.75612211227417,-9.462414741516113,8.839282035827637,-6.621056079864502,6.480708122253418,-6.161561012268066,5.508517265319824,-7.390218257904053,6.492712020874023,-10.239476203918457,6.31154203414917,-9.038556098937988,6.736975193023682
Q3_AacIP9mDLw8_1.wav,Sad,117.45383522727273,0.010910921730101109,0.005928578786551952,0.05629858640160891,918.5785231302207,1713.515298673422,0.0996716171503067,0.24576768279075623,0.27277618646621704,0.12066742032766342,0.19217634201049805,0.12782949209213257,0.27145421504974365,0.18515171110630035,0.10370350629091263,0.20604875683784485,0.36764442920684814,0.25452902913093567,-500.76904296875,129.9685516357422,159.85845947265625,63.7153434753418,-29.793731689453125,21.093685150146484,28.2940616607666,16.078649520874023,6.010953903198242,11.13786792755127,-8.302604675292969,8.031360626220703,-10.514037132263184,9.105269432067871,-11.867416381835938,8.719664573669434,-12.678146362304688,8.516291618347168,-11.476570129394531,9.90774154663086,-4.881656646728516,7.931048393249512,-3.9437737464904785,8.931405067443848,-5.941713809967041,9.225223541259766
Q3_Adil-zpJdEs_0.wav,Sad,143.5546875,0.00867590494453907,0.005440890789031982,0.062010614041289595,991.5270210426708,1789.4765724423785,0.17631001770496368,0.35612037777900696,0.15077917277812958,0.3375416696071625,0.08605830371379852,0.10839125514030457,0.13015508651733398,0.15054692327976227,0.42543092370033264,0.15756966173648834,0.2565646171569824,0.07842165231704712,-521.1212768554688,103.86861419677734,150.2507781982422,46.727020263671875,-25.08066177368164,22.00374412536621,23.92111587524414,13.32507610321045,4.323369026184082,14.3081636428833,-13.473092079162598,9.026115417480469,-10.977388381958008,8.703665733337402,-15.914379119873047,9.289281845092773,-19.66769790649414,12.154672622680664,-9.913286209106445,11.076335906982422,-2.589017152786255,10.404121398925781,5.668910503387451,12.860335350036621,1.8297913074493408,11.797369956970215
Q3_bbU31JLtlug_0.wav,Sad,172.265625,0.007768896874040365,0.005621275864541531,0.06492340021691974,960.3171059029778,1693.5619031529623,0.14363373816013336,0.07704784721136093,0.22004663944244385,0.17681559920310974,0.485573947429657,0.13001443445682526,0.11742354184389114,0.3447813093662262,0.09481026232242584,0.12472191452980042,0.38143643736839294,0.417393296957016,-547.0521240234375,121.37303161621094,141.7281036376953,56.23955535888672,-30.721113204956055,19.72591209411621,21.953964233398438,16.798227310180664,0.8511747121810913,16.75200080871582,-15.231422424316406,10.02947998046875,-13.123882293701172,10.907712936401367,-18.326251983642578,12.563167572021484,-23.065858840942383,12.7427339553833,-7.235313892364502,9.837899208068848,2.788712978363037,13.453164100646973,-9.234262466430664,9.72144603729248,-9.102473258972168,9.85173225402832
Q3_bbU31JLtlug_1.wav,Sad,92.28515625,0.00783891137689352,0.0056775230914354324,0.06223151294148199,959.9937828366104,1711.303102276662,0.27568984031677246,0.07898098975419998,0.08410483598709106,0.196678027510643,0.6603541970252991,0.18473048508167267,0.120278500020504,0.21297036111354828,0.09817904978990555,0.18900588154792786,0.10385677218437195,0.2646755576133728,-537.7706909179688,125.17967224121094,147.51119995117188,59.0098876953125,-30.597436904907227,22.505300521850586,20.862138748168945,14.167762756347656,5.81568717956543,14.16554069519043,-9.025067329406738,9.234907150268555,-9.834474563598633,8.633563995361328,-15.63902759552002,7.831601619720459,-16.471773147583008,10.859289169311523,-6.081390857696533,9.977252006530762,-1.2215306758880615,10.515776634216309,-4.208261013031006,9.392088890075684,-8.49138355255127,11.45019245147705
Q3_bfopzItCYrE_0.wav,Sad,151.99908088235293,0.009967690333724022,0.006143305916339159,0.05479144423455979,900.698910424211,1713.6086262165325,0.4269380271434784,0.20331163704395294,0.2748875021934509,0.1405273973941803,0.1720191240310669,0.14307062327861786,0.1908240169286728,0.26610901951789856,0.16667893528938293,0.26598966121673584,0.15055204927921295,0.37558192014694214,-494.0937194824219,114.36100769042969,159.6634521484375,55.833946228027344,-29.127355575561523,18.3758487701416,21.52907943725586,15.494222640991211,9.21926498413086,14.912346839904785,-5.833028793334961,9.131478309631348,-5.753661155700684,9.969094276428223,-7.094442844390869,7.775770664215088,-11.720050811767578,9.856876373291016,-2.8765008449554443,9.90152645111084,-4.820345878601074,9.110987663269043,-2.5791380405426025,8.025983810424805,-1.2966617345809937,8.336395263671875
Q3_BIRDDxz0E4c_0.wav,Sad,198.76802884615384,0.006984847132116556,0.003736098762601614,0.05994287850799892,943.7373120423771,1733.6213680772098,0.17540967464447021,0.1634994000196457,0.09096690267324448,0.16824321448802948,0.13456502556800842,0.3130734860897064,0.20604148507118225,0.16627085208892822,0.20477613806724548,0.24560512602329254,0.22058916091918945,0.12052460759878159,-544.5570068359375,96.51631927490234,153.25802612304688,52.60694122314453,-26.62761116027832,14.692621231079102,19.429323196411133,12.941075325012207,11.39115047454834,16.08945083618164,-10.137580871582031,8.941536903381348,-10.519471168518066,8.158714294433594,-11.279662132263184,8.616799354553223,-10.017059326171875,10.607434272766113,-5.939390659332275,12.795747756958008,-3.351332664489746,12.493096351623535,-2.9891865253448486,12.918882369995117,-5.81116247177124,11.90320110321045
Q3_By3JCii1k3w_0.wav,Sad,135.99917763157896,0.005103559698909521,0.003444075118750334,0.06072840158444198,904.8643207596388,1571.5538007985726,0.22637566924095154,0.1384599804878235,0.31769993901252747,0.14951954782009125,0.2588368356227875,0.10932334512472153,0.29814472794532776,0.36623135209083557,0.10151005536317825,0.10388636589050293,0.06774502247571945,0.22170165181159973,-572.8466186523438,92.03540802001953,156.42218017578125,47.05429458618164,-21.850971221923828,20.680715560913086,9.470633506774902,15.055887222290039,3.9609556198120117,14.541788101196289,-15.017677307128906,9.22176742553711,-15.22807502746582,9.998614311218262,-14.59473705291748,10.418340682983398,-11.981258392333984,11.456079483032227,-8.690361022949219,12.496919631958008,-1.9785131216049194,13.596171379089355,-3.5267488956451416,12.737258911132812,-6.667622089385986,12.147600173950195
Q3_By3JCii1k3w_1.wav,Sad,129.19921875,0.009606919251382351,0.006510074250400066,0.06400099244601795,919.006683125409,1728.6524560300406,0.16844138503074646,0.10450410097837448,0.31710267066955566,0.1321180760860443,0.16397897899150848,0.07886935770511627,0.21003402769565582,0.3224618434906006,0.14362609386444092,0.2971314787864685,0.11989094316959381,0.3004067540168762,-518.0505981445312,134.40585327148438,154.30426025390625,71.48539733886719,-25.209260940551758,21.848100662231445,20.424394607543945,16.72467803955078,6.684543609619141,12.871319770812988,-10.180362701416016,8.782285690307617,-10.969611167907715,9.773656845092773,-10.34151554107666,8.576921463012695,-13.05422306060791,9.790624618530273,-11.673992156982422,9.731196403503418,-4.5488057136535645,8.652885437011719,-5.770021438598633,10.31547737121582,-5.493819713592529,10.459141731262207
Q3_By3JCii1k3w_2.wav,Sad,112.34714673913044,0.008586983196437359,0.006143972277641296,0.05928300889157458,908.412797129455,1642.7038237007941,0.1926836222410202,0.14148184657096863,0.35274749994277954,0.16132165491580963,0.1967613697052002,0.09639129042625427,0.25203797221183777,0.37320733070373535,0.1578122228384018,0.24157576262950897,0.11587615311145782,0.29477545619010925,-521.0391845703125,114.99492645263672,156.4735107421875,58.328857421875,-22.473926544189453,23.450546264648438,15.127585411071777,15.184270858764648,4.114612102508545,13.489065170288086,-13.632416725158691,10.105571746826172,-12.523701667785645,12.237939834594727,-12.053256034851074,10.706927299499512,-13.881327629089355,10.079412460327148,-8.878816604614258,12.006099700927734,-3.3146307468414307,13.073393821716309,-5.289822578430176,10.888622283935547,-6.0978312492370605,9.594745635986328
Q3_BzqX-9TA-GY_0.wav,Sad,143.5546875,0.003597747767344117,0.003602842101827264,0.06580643067096888,1002.6463367232195,1736.1411519569926,0.6773940920829773,0.14674821496009827,0.01864033378660679,0.0394008494913578,0.029163280501961708,0.04278715327382088,0.12017403542995453,0.28880709409713745,0.07093457132577896,0.12441622465848923,0.1415582001209259,0.19338759779930115,-652.8524780273438,92.85704040527344,93.37891387939453,44.649871826171875,-15.378095626831055,18.10844612121582,6.822678565979004,16.330238342285156,10.287153244018555,14.217254638671875,-3.5708587169647217,8.909256935119629,-10.448037147521973,10.82755184173584,-10.499345779418945,11.025619506835938,-7.355384349822998,10.452727317810059,-3.6321985721588135,12.835583686828613,-4.039375305175781,16.361539840698242,-3.2250607013702393,14.867955207824707,-1.9684882164001465,11.764951705932617
Q3_c6CwY8Gbw0c_0.wav,Sad,112.34714673913044,0.008214227855205536,0.00740694347769022,0.07140107667691648,967.7636618591172,1914.3608878897312,0.15487068891525269,0.06843116134405136,0.10247914493083954,0.35284918546676636,0.24486032128334045,0.10955250263214111,0.2606111168861389,0.1588868945837021,0.3936770260334015,0.1624368280172348,0.23237942159175873,0.462931752204895,-541.2698364257812,131.92340087890625,156.70352172851562,71.02751159667969,-19.38077735900879,24.94406509399414,11.528136253356934,16.319271087646484,11.052928924560547,13.254607200622559,-5.434149265289307,8.152778625488281,-6.646233558654785,8.69188404083252,-9.064496040344238,8.197955131530762,-11.237404823303223,9.930177688598633,-7.178926944732666,8.286028861999512,-5.835971355438232,7.684072017669678,-8.295631408691406,8.462210655212402,-6.575443267822266,8.672284126281738
Q3_c6CwY8Gbw0c_1.wav,Sad,57.421875,0.00848571490496397,0.006669723428785801,0.058272780033580045,892.2247112180403,1579.5383654142681,0.11426201462745667,0.050133612006902695,0.07994149625301361,0.27446630597114563,0.18711036443710327,0.11315547674894333,0.25295424461364746,0.17459723353385925,0.4757665693759918,0.15854394435882568,0.228216752409935,0.42261803150177,-533.1563720703125,118.29186248779297,155.3162841796875,59.8057861328125,-19.884456634521484,23.82518768310547,11.584822654724121,15.970011711120605,8.60768985748291,13.531588554382324,-7.921048164367676,8.90428638458252,-8.929361343383789,10.576672554016113,-10.696333885192871,9.119475364685059,-13.584273338317871,9.027521133422852,-7.745922565460205,9.458883285522461,-8.056044578552246,8.065577507019043,-10.010051727294922,10.156810760498047,-5.808692455291748,11.386837005615234
Q3_c6CwY8Gbw0c_2.wav,Sad,57.421875,0.0085443751886487,0.006389028858393431,0.05653284863509953,850.5672501633361,1518.9796322681864,0.1375187486410141,0.12341642379760742,0.08213845640420914,0.15638937056064606,0.08824604749679565,0.12645110487937927,0.3531472086906433,0.2101510763168335,0.4713016748428345,0.1824697107076645,0.2804683744907379,0.4519221782684326,-530.4137573242188,119.82219696044922,157.83731079101562,63.208885192871094,-21.910844802856445,24.695323944091797,12.260689735412598,13.427841186523438,13.041722297668457,13.909136772155762,-4.0689311027526855,8.09714126586914,-5.263490200042725,7.455676078796387,-7.5905537605285645,7.78831148147583,-7.2033257484436035,7.737433433532715,-4.427502155303955,8.842097282409668,-6.401259899139404,6.730783939361572,-10.789617538452148,7.982580184936523,-6.974994659423828,7.989762306213379
Q3_c6CwY8Gbw0c_3.wav,Sad,112.34714673913044,0.008456232957541943,0.006244547665119171,0.06742580581761007,928.5174877312369,1633.2669868272942,0.1460486799478531,0.15808512270450592,0.1230178251862526,0.36680153012275696,0.1329362690448761,0.10375816375017166,0.35904020071029663,0.1337251216173172,0.16755850613117218,0.09818881005048752,0.25065070390701294,0.4406340420246124,-522.28857421875,118.96378326416016,154.2327423095703,56.52805709838867,-21.87383460998535,25.873598098754883,14.451842308044434,13.322760581970215,5.660790920257568,16.393827438354492,-4.239755153656006,7.669234752655029,-3.3042221069335938,8.492480278015137,-8.169916152954102,8.664921760559082,-9.580202102661133,9.620434761047363,-3.996293067932129,7.9996843338012695,-7.305268287658691,9.306528091430664,-8.31566333770752,11.142555236816406,-3.867824077606201,11.58712100982666
Q3_c6CwY8Gbw0c_4.wav,Sad,117.45383522727273,0.009175668470561504,0.006822928786277771,0.07037420587225275,978.2528098984694,1667.823486328125,0.13109810650348663,0.039665937423706055,0.05850985646247864,0.25652143359184265,0.2392532378435135,0.10505388677120209,0.17198613286018372,0.12120774388313293,0.42166298627853394,0.14963358640670776,0.1886305958032608,0.53305983543396,-531.5523071289062,131.47622680664062,155.62806701660156,64.18069458007812,-28.71192741394043,23.704463958740234,9.746508598327637,12.159930229187012,-3.3104591369628906,15.55652141571045,-7.262979507446289,8.043808937072754,0.7701417207717896,7.257728576660156,-0.9190202951431274,8.13759708404541,0.46400201320648193,9.718622207641602,4.3284502029418945,11.241507530212402,-4.238833427429199,12.53889274597168,-10.042247772216797,10.492715835571289,-6.087897300720215,10.439391136169434
Q3_cCfEDTkuMvg_0.wav,Sad,89.10290948275862,0.004381291568279266,0.002919047139585018,0.0638920252338666,974.1029866142449,1740.9956727265794,0.5143647193908691,0.11880031228065491,0.06904393434524536,0.13564294576644897,0.07275572419166565,0.13985997438430786,0.0769118070602417,0.2653336226940155,0.301931768655777,0.10939959436655045,0.10408556461334229,0.13700605928897858,-604.5406494140625,91.65577697753906,135.46495056152344,49.4017219543457,-19.26005744934082,15.788407325744629,19.53849983215332,13.495322227478027,10.921159744262695,15.275627136230469,-7.706512451171875,9.204252243041992,-8.526252746582031,9.271793365478516,-11.929971694946289,9.731250762939453,-9.461139678955078,10.910561561584473,0.5117025971412659,9.327362060546875,1.4856411218643188,10.58767032623291,0.033579397946596146,13.703963279724121,-4.180817127227783,14.391003608703613
Q3_D3onzY4MNxE_0.wav,Sad,198.76802884615384,0.0073570976965129375,0.005112991668283939,0.05038405809381779,793.0547606062396,1477.1730633981833,0.12279020994901657,0.138101264834404,0.08030346035957336,0.26985859870910645,0.5718599557876587,0.1801324486732483,0.18196849524974823,0.14471687376499176,0.3752973675727844,0.14154791831970215,0.09566539525985718,0.3027237057685852,-544.8623657226562,100.239013671875,161.0261688232422,52.472633361816406,-18.124042510986328,19.316068649291992,18.291290283203125,14.748068809509277,17.997058868408203,13.33189868927002,-6.644700050354004,7.78002405166626,-9.42823314666748,9.044042587280273,-11.197494506835938,9.331271171569824,-11.462593078613281,9.68390941619873,-7.4039788246154785,9.196126937866211,-5.369983673095703,8.303762435913086,-8.536059379577637,7.274637222290039,-10.53349781036377,8.072848320007324
Q3_D3onzY4MNxE_1.wav,Sad,99.38401442307692,0.007087684702128172,0.0049365730956196785,0.05165507219360087,827.7422083288923,1543.9213221088667,0.09653270989656448,0.13787870109081268,0.08261515200138092,0.28348609805107117,0.45410609245300293,0.15353621542453766,0.25490832328796387,0.11543072015047073,0.21737432479858398,0.17066532373428345,0.10519227385520935,0.2392803579568863,-555.8585205078125,95.7273178100586,152.99557495117188,47.20343780517578,-17.20624351501465,20.951326370239258,19.57442283630371,14.143927574157715,17.086624145507812,13.814515113830566,-6.330251693725586,9.22469425201416,-11.108208656311035,9.318551063537598,-12.92741584777832,10.239821434020996,-12.785175323486328,9.990166664123535,-9.518692970275879,10.12259292602539,-5.409997463226318,8.622696876525879,-7.409122467041016,9.21727180480957,-10.177143096923828,9.552517890930176
Q3_D8Ed5PZXfF4_0.wav,Sad,103.359375,0.004530757665634155,0.004042639862746,0.05782666552197802,870.2558529723311,1632.0606219951924,0.4497634470462799,0.1608661264181137,0.18162031471729279,0.15996825695037842,0.4188973605632782,0.23848772048950195,0.10842476785182953,0.20846045017242432,0.1815069317817688,0.36367687582969666,0.13724172115325928,0.23444685339927673,-575.9000854492188,96.4520492553711,153.9901885986328,51.80350112915039,-8.551382064819336,21.631542205810547,12.050163269042969,12.297950744628906,14.865513801574707,13.983145713806152,-5.165653228759766,8.551082611083984,-5.714821815490723,9.214587211608887,-7.948015213012695,8.92977237701416,-12.33287239074707,9.398754119873047,-8.167990684509277,8.651235580444336,-4.551954746246338,7.383642673492432,-3.334848642349243,11.311944961547852,-3.4419922828674316,9.390554428100586
Q3_dCoUuknChhE_0.wav,Sad,112.34714673913044,0.003918399568647146,0.0032404663506895304,0.06257318756991051,968.0524961671315,1682.2537948301174,0.2833418548107147,0.5362505912780762,0.14963501691818237,0.22312405705451965,0.06403398513793945,0.12592454254627228,0.15592043101787567,0.11753135919570923,0.2846309244632721,0.10064080357551575,0.1364646852016449,0.0698174461722374,-627.8553466796875,97.01472473144531,125.38031005859375,42.39715576171875,-14.114629745483398,20.457077026367188,16.06559944152832,18.315956115722656,6.430968284606934,13.788349151611328,-9.567633628845215,8.715882301330566,-11.653493881225586,9.504862785339355,-17.9859619140625,11.374629974365234,-18.32500648498535,13.677308082580566,-8.684903144836426,13.188982963562012,-4.305662631988525,15.674176216125488,2.371556282043457,13.710979461669922,1.805299997329712,15.469132423400879
Q3_DYBBfpEx-JI_4.wav,Sad,143.5546875,0.017911937087774277,0.011721760034561157,0.06057046730795331,966.3292997026418,1791.6338097389048,0.1784849911928177,0.13678056001663208,0.2426173985004425,0.14144966006278992,0.29771119356155396,0.3537059426307678,0.1577131152153015,0.2184639722108841,0.18277134001255035,0.3949105143547058,0.23897798359394073,0.11782167851924896,-437.1695251464844,128.28099060058594,153.31455993652344,63.996829986572266,-29.356101989746094,15.963357925415039,20.746784210205078,16.074951171875,6.246886253356934,13.853708267211914,-2.7381579875946045,8.594428062438965,-6.151002407073975,10.11395263671875,-7.340001583099365,8.531414985656738,-6.652868747711182,8.54535961151123,-4.404439926147461,9.865138053894043,0.8457101583480835,7.987642765045166,-2.5770161151885986,8.53414535522461,-8.75245475769043,8.859580039978027
Q3_E5qEloUO3SM_1.wav,Sad,151.99908088235293,0.004146363120526075,0.0032819544430822134,0.05759275122270246,882.4925113014467,1667.216579169984,0.13523252308368683,0.24922509491443634,0.2806510329246521,0.16223593056201935,0.1149354949593544,0.11474299430847168,0.35377374291419983,0.23310242593288422,0.24109075963497162,0.3738860487937927,0.16696575284004211,0.19412782788276672,-584.3858032226562,99.82152557373047,156.3502655029297,58.452857971191406,-14.665244102478027,16.646312713623047,11.550738334655762,10.423680305480957,15.545273780822754,14.541990280151367,-5.9395060539245605,7.785633087158203,-2.403003215789795,8.580693244934082,-5.228220462799072,9.434162139892578,-10.197283744812012,8.630814552307129,-4.633206367492676,6.69292688369751,-2.3799209594726562,7.979027271270752,-4.636580944061279,10.131284713745117,-6.319761753082275,10.729898452758789
Q3_egYSmNuIFGk_1.wav,Sad,99.38401442307692,0.008764165453612804,0.005302213132381439,0.04729493312572004,751.3920301587623,1434.3023484753023,0.3116748034954071,0.17016158998012543,0.2846764028072357,0.30709701776504517,0.22943107783794403,0.11153432726860046,0.18824003636837006,0.5165345072746277,0.40277978777885437,0.16593778133392334,0.18653646111488342,0.1666719615459442,-502.9609069824219,109.87518310546875,182.7693634033203,60.259464263916016,-22.763486862182617,25.44753074645996,16.12163543701172,10.839771270751953,15.894308090209961,9.778834342956543,-7.315248012542725,8.990425109863281,-3.783693552017212,7.113223552703857,-3.971003532409668,5.591402530670166,-6.167636394500732,6.212317943572998,-6.5769853591918945,5.9762282371521,-0.4625632166862488,7.106736660003662,-6.464643478393555,5.925242900848389,-12.827863693237305,8.367383003234863
Q3_egYSmNuIFGk_2.wav,Sad,184.5703125,0.011466405354440212,0.00703167961910367,0.06135002173690671,921.7229615862678,1645.0580103697832,0.30285152792930603,0.11025967448949814,0.23650608956813812,0.2817130982875824,0.1340477168560028,0.07186967879533768,0.09178316593170166,0.3721720576286316,0.4324886202812195,0.08817179501056671,0.023512274026870728,0.09987057745456696,-495.9892272949219,122.53408813476562,147.5788116455078,59.38821792602539,-27.69121742248535,25.309574127197266,21.94525909423828,14.343585014343262,8.072299003601074,14.071795463562012,-7.685626983642578,7.375266075134277,-9.292025566101074,8.889559745788574,-16.20757293701172,8.070294380187988,-16.177358627319336,8.581801414489746,-11.355428695678711,9.424057960510254,-5.106604099273682,10.075902938842773,-4.682512283325195,9.400066375732422,-6.669586181640625,8.84178352355957
Q3_epMOLn5Axw0_0.wav,Sad,107.666015625,0.013825447298586369,0.008367424830794334,0.06560579763036394,956.0011531596035,1647.3719143595533,0.3742181062698364,0.185060054063797,0.49102890491485596,0.5117997527122498,0.11833766847848892,0.10890738666057587,0.07779286801815033,0.19012616574764252,0.12413697689771652,0.10159026086330414,0.18842004239559174,0.1383867710828781,-482.3313903808594,150.47509765625,153.39608764648438,66.46965789794922,-31.177995681762695,23.00078582763672,25.725255966186523,13.652166366577148,-1.6902023553848267,12.936258316040039,-1.799925684928894,8.192989349365234,-5.724356651306152,6.90329122543335,-10.30459213256836,7.530220985412598,-12.007051467895508,7.625749111175537,-5.781152248382568,7.925121307373047,3.877471923828125,9.557546615600586,9.868221282958984,14.528328895568848,-2.0555436611175537,10.461906433105469
Q3_f0NbGeyJYms_0.wav,Sad,89.10290948275862,0.007887008599936962,0.004304815083742142,0.04960679945054945,786.5619594315428,1470.433819110577,0.15778712928295135,0.27365222573280334,0.2156093269586563,0.21880559623241425,0.3774978518486023,0.19283385574817657,0.23218202590942383,0.18504388630390167,0.42591649293899536,0.4860802888870239,0.19849534332752228,0.2435847371816635,-510.070556640625,89.44597625732422,186.48985290527344,52.69061279296875,-25.538366317749023,14.7401762008667,14.029512405395508,11.023871421813965,14.700765609741211,12.964832305908203,-8.345537185668945,7.50280237197876,-1.430182695388794,8.243219375610352,-4.660608768463135,7.646421909332275,-7.528670310974121,9.136862754821777,-2.7881181240081787,7.142454624176025,-3.167848587036133,7.6223063468933105,-9.343647003173828,8.213091850280762,-8.91073226928711,7.098201751708984
Q3_FH28sPhm9Dc_0.wav,Sad,73.828125,0.008741380646824837,0.005453980062156916,0.06970248658240998,979.130372873371,1641.1462165642313,0.20163361728191376,0.11044793576002121,0.08587772399187088,0.3244611918926239,0.08884704858064651,0.10771898925304413,0.045195117592811584,0.17144981026649475,0.4680000841617584,0.1463189423084259,0.22080424427986145,0.08000034838914871,-549.1294555664062,98.68001556396484,139.6993865966797,45.973731994628906,-22.83694076538086,20.539104461669922,12.848847389221191,15.710634231567383,4.588507175445557,17.10708236694336,-8.771897315979004,9.750821113586426,-8.082162857055664,11.275059700012207,-10.140144348144531,13.743236541748047,-13.793238639831543,17.193571090698242,-11.991986274719238,14.717333793640137,-6.210503578186035,12.471809387207031,-4.872981548309326,14.830721855163574,-2.8592355251312256,15.0631685256958
Q3_FH28sPhm9Dc_1.wav,Sad,143.5546875,0.009109502658247948,0.0058425962924957275,0.0720250309800746,1014.2532263995007,1695.2092362798144,0.18447543680667877,0.18462593853473663,0.11967199295759201,0.36122041940689087,0.09390630573034286,0.09100653976202011,0.052204012870788574,0.1961068958044052,0.4566493630409241,0.13782285153865814,0.1876835823059082,0.06969836354255676,-544.9780883789062,109.14661407470703,138.65521240234375,48.95854949951172,-28.256567001342773,23.071048736572266,15.370794296264648,15.789624214172363,7.973038196563721,18.54077911376953,-5.860146999359131,11.718939781188965,-9.636834144592285,12.298338890075684,-11.884123802185059,13.596165657043457,-8.813077926635742,12.996551513671875,-7.110431671142578,13.77630615234375,-5.94021463394165,11.73803997039795,-8.378271102905273,15.406850814819336,-8.21926498413086,15.389650344848633
Q3_fnqb8zqHqdY_0.wav,Sad,151.99908088235293,0.008074386045336723,0.005201898515224457,0.0546782709478022,851.8818809051135,1553.675030048077,0.08954362571239471,0.24508391320705414,0.1387404501438141,0.12251507490873337,0.344598650932312,0.11483870446681976,0.13861136138439178,0.10446643084287643,0.3246580958366394,0.4366253614425659,0.12679922580718994,0.14093610644340515,-534.1613159179688,88.75224304199219,156.2178497314453,42.512901306152344,-18.123430252075195,19.684356689453125,17.3779354095459,14.151126861572266,15.563081741333008,13.7603178024292,-8.666454315185547,8.626477241516113,-10.522281646728516,10.876548767089844,-11.819096565246582,9.880892753601074,-15.349457740783691,12.328811645507812,-9.888849258422852,11.825679779052734,-5.390095233917236,10.47239875793457,-6.205052852630615,10.856924057006836,-4.42099142074585,9.177901268005371
Q3_fnqb8zqHqdY_1.wav,Sad,75.99954044117646,0.00864644069224596,0.006166133563965559,0.05578768674858557,835.7383601737454,1538.778837600557,0.11059905588626862,0.14671872556209564,0.0690467581152916,0.10660943388938904,0.32634806632995605,0.10089723020792007,0.10060663521289825,0.09131939709186554,0.30285418033599854,0.5453606247901917,0.19036808609962463,0.27121269702911377,-524.3982543945312,116.55056762695312,153.67958068847656,60.9456901550293,-15.798108100891113,25.83720588684082,17.32509422302246,12.409534454345703,11.74111270904541,13.930121421813965,-7.071855545043945,7.097023010253906,-5.193483352661133,9.722677230834961,-8.108051300048828,8.930070877075195,-13.716753005981445,10.626920700073242,-6.554980278015137,9.161688804626465,-8.151107788085938,9.164938926696777,-11.03602409362793,8.384665489196777,-5.521543502807617,7.917216777801514
Q3_fnqb8zqHqdY_2.wav,Sad,99.38401442307692,0.009596457704901695,0.005702868569642305,0.0545308709688927,823.5327167191394,1538.1184199084973,0.14130909740924835,0.2956015169620514,0.12859292328357697,0.10062022507190704,0.24781452119350433,0.14013472199440002,0.2701932191848755,0.14303812384605408,0.2707138955593109,0.48997870087623596,0.18470384180545807,0.24079594016075134,-503.8149719238281,110.22486114501953,168.77890014648438,56.49458312988281,-21.20248794555664,26.638263702392578,19.99945831298828,12.69320011138916,12.286242485046387,12.443853378295898,-7.657794952392578,8.376580238342285,-3.722118377685547,7.816850662231445,-4.530130386352539,7.097075939178467,-8.121650695800781,10.38961410522461,-3.001586675643921,8.11530590057373,-5.646188259124756,7.72581672668457,-9.607878684997559,8.664522171020508,-6.508555889129639,7.447608947753906
Q3_FOcdHIhI0_s_0.wav,Sad,69.83741554054055,0.003447720780968666,0.0052634719759225845,0.050449130318738426,853.9937378479015,1347.992253622466,0.1712954044342041,0.054758220911026,0.043534424155950546,0.14518921077251434,0.5620124936103821,0.3444433808326721,0.12507668137550354,0.194093257188797,0.1560177206993103,0.4183383584022522,0.12364467978477478,0.09515227377414703,-646.1407470703125,96.88343048095703,96.6990737915039,49.7859001159668,9.001374244689941,31.216773986816406,6.871522426605225,16.509014129638672,5.077235698699951,12.415804862976074,-5.403122425079346,8.24442195892334,-8.224902153015137,9.109235763549805,-6.889682769775391,10.487650871276855,-8.205300331115723,11.988402366638184,-8.884064674377441,11.452068328857422,-9.133342742919922,12.383317947387695,-10.477952003479004,12.886550903320312,-9.253971099853516,10.401586532592773
Q3_FOcdHIhI0_s_1.wav,Sad,73.828125,0.006280659232288599,0.006590704899281263,0.04668179613697706,769.800496825341,1307.1584205781883,0.3534931540489197,0.11856218427419662,0.09748445451259613,0.1326359510421753,0.40995362401008606,0.3463391661643982,0.21396368741989136,0.34857138991355896,0.189142107963562,0.3088856339454651,0.09578422456979752,0.16560810804367065,-578.17431640625,122.71884155273438,133.31301879882812,62.258880615234375,5.546030521392822,39.390045166015625,16.979665756225586,14.842798233032227,9.466582298278809,13.424483299255371,-3.4803121089935303,9.090862274169922,-4.399935245513916,8.168771743774414,-2.9406158924102783,6.66546630859375,-5.231698036193848,8.429091453552246,-5.351647853851318,8.864689826965332,-3.4892919063568115,9.128012657165527,-6.050722599029541,8.334216117858887,-5.9230241775512695,7.791464328765869
Q3_FUAK5TBaNY8_0.wav,Sad,71.77734375,0.011205757036805153,0.007115480024367571,0.06179633838680843,913.8483669320685,1623.8725793599453,0.5059131979942322,0.23635417222976685,0.1332518458366394,0.16463273763656616,0.14774218201637268,0.36032211780548096,0.1763327270746231,0.3750442564487457,0.47618815302848816,0.1367184817790985,0.05216133967041969,0.16396701335906982,-486.09796142578125,115.00929260253906,167.9801483154297,59.02510070800781,-27.818069458007812,24.578163146972656,17.854068756103516,14.07018756866455,10.004077911376953,14.498966217041016,-6.093202590942383,8.142763137817383,-6.786013126373291,9.2490873336792,-8.906595230102539,9.844496726989746,-3.7020628452301025,9.98084831237793,-0.06307851523160934,11.184511184692383,-1.7020392417907715,8.302511215209961,-5.569608688354492,11.1827392578125,-11.088478088378906,10.089015007019043
Q3_FUAK5TBaNY8_2.wav,Sad,117.45383522727273,0.012166169472038746,0.007009559310972691,0.06566032360018981,1000.7635924633294,1830.2872332988748,0.2812720537185669,0.20757222175598145,0.04726395756006241,0.047904472798109055,0.09851281344890594,0.3588949143886566,0.41991889476776123,0.24717913568019867,0.33696886897087097,0.11745070666074753,0.23442089557647705,0.0994119718670845,-475.2459411621094,97.61894226074219,149.23065185546875,46.18292999267578,-32.81059265136719,18.003129959106445,17.15192413330078,12.026050567626953,9.812758445739746,13.70047378540039,-9.04301643371582,9.92216682434082,-15.374706268310547,8.962624549865723,-15.370174407958984,11.058584213256836,-9.745195388793945,9.73178768157959,-10.614679336547852,10.196528434753418,-11.023964881896973,10.67043685913086,-14.467963218688965,10.242934226989746,-15.434377670288086,11.692014694213867
Q3_FUAK5TBaNY8_3.wav,Sad,198.76802884615384,0.009192673489451408,0.0072038182988762856,0.06367248465876844,948.9108010420889,1717.21795522666,0.36890989542007446,0.17143310606479645,0.05096139386296272,0.08591227978467941,0.13606567680835724,0.4225786030292511,0.17288729548454285,0.38945460319519043,0.3102702498435974,0.08042037487030029,0.06311025470495224,0.10325274616479874,-527.677978515625,125.6762924194336,138.5354766845703,54.85247802734375,-25.390783309936523,25.802047729492188,19.999401092529297,16.9239559173584,10.347725868225098,16.301589965820312,-3.6271276473999023,10.649191856384277,-10.78886890411377,11.020734786987305,-14.171856880187988,10.803647994995117,-8.28978443145752,9.127824783325195,-7.261086940765381,9.63536548614502,-7.676051616668701,9.393391609191895,-7.553178310394287,11.664819717407227,-11.193387985229492,11.939486503601074
Q3_fuCxYrru2S4_0.wav,Sad,67.99958881578948,0.004921488929539919,0.0034375437535345554,0.060006518782123354,804.5531505543752,1320.0413807771845,0.16155001521110535,0.23469328880310059,0.48209527134895325,0.21492712199687958,0.2831066846847534,0.2821796238422394,0.17280994355678558,0.15016207098960876,0.19308339059352875,0.4143812954425812,0.17219208180904388,0.15462659299373627,-583.9982299804688,97.90608978271484,170.63739013671875,58.28935623168945,-4.835497856140137,24.826339721679688,3.0886082649230957,12.969830513000488,9.509902000427246,15.495049476623535,-4.418151378631592,7.06026029586792,0.3995342254638672,6.63979434967041,-1.56477689743042,10.271561622619629,-4.093751907348633,9.958040237426758,-3.0907163619995117,7.373513221740723,0.3882431983947754,8.39401912689209,-0.03207998350262642,11.57705307006836,-3.4609198570251465,10.22683048248291
Q3_g-yM0Lsp4lc_0.wav,Sad,75.99954044117646,0.006088570691645145,0.0037794974632561207,0.05018147879677358,780.4863812572486,1448.3237355025774,0.29118165373802185,0.16366037726402283,0.2868441641330719,0.15211118757724762,0.21709460020065308,0.22081279754638672,0.2898448705673218,0.5100062489509583,0.2546998858451843,0.30546796321868896,0.1530427783727646,0.2767075300216675,-552.5001831054688,92.80239868164062,175.23870849609375,48.04122543334961,-29.778409957885742,22.40309715270996,15.859589576721191,14.008016586303711,16.33561134338379,13.094462394714355,-6.5864410400390625,9.433897018432617,-1.3175609111785889,8.05802059173584,-5.04691743850708,9.362570762634277,-6.055376052856445,7.260870456695557,-6.389420509338379,7.3441901206970215,-6.025395393371582,7.118536949157715,-8.651992797851562,7.749860763549805,-8.917301177978516,7.579964637756348
Q3_g-yM0Lsp4lc_1.wav,Sad,151.99908088235293,0.00651186890900135,0.0051062521524727345,0.05467802249126553,815.6360677689247,1520.0050685716712,0.21926790475845337,0.17492522299289703,0.4338327646255493,0.2128952145576477,0.18696527183055878,0.23123538494110107,0.28280606865882874,0.5066415667533875,0.27233949303627014,0.2669451832771301,0.13251948356628418,0.17646846175193787,-565.3312377929688,129.39352416992188,151.67245483398438,74.75344848632812,-17.708215713500977,26.910581588745117,14.595857620239258,10.505345344543457,16.281429290771484,11.45443344116211,-4.208620071411133,8.030237197875977,-0.28110164403915405,7.645422458648682,-4.215946197509766,9.156766891479492,-3.498913526535034,6.672050476074219,-2.757099151611328,6.640570163726807,-2.497220039367676,5.300017833709717,-5.075734615325928,5.680479526519775,-9.674074172973633,8.352093696594238
Q3_G4rL_OtfFAU_0.wav,Sad,151.99908088235293,0.008178365416824818,0.005224836058914661,0.054339030300976136,868.8921533924967,1628.1507115560603,0.27791160345077515,0.2093157321214676,0.0703178346157074,0.08166676014661789,0.12129208445549011,0.35924986004829407,0.16027258336544037,0.12956833839416504,0.29569441080093384,0.2209785133600235,0.5244139432907104,0.1623934954404831,-523.1387329101562,107.51910400390625,163.87767028808594,58.81832504272461,-24.51258087158203,18.57655906677246,18.344444274902344,14.37065315246582,12.79387092590332,13.086501121520996,-11.099141120910645,7.98246431350708,-7.590067386627197,6.845780372619629,-8.408523559570312,7.388304233551025,-13.448769569396973,10.48033618927002,-6.969716548919678,8.34838581085205,-5.0390496253967285,7.183802604675293,-2.5828874111175537,9.19931697845459,-3.3826282024383545,8.579853057861328
Q3_G4rL_OtfFAU_1.wav,Sad,151.99908088235293,0.010728561319410801,0.005558872129768133,0.0863509309505988,1146.6888741918742,1797.0253146051646,0.3548835515975952,0.3200420141220093,0.07079869508743286,0.08358843624591827,0.04414236545562744,0.13243162631988525,0.06228657066822052,0.08100629597902298,0.3461371064186096,0.12425246834754944,0.26650241017341614,0.1044083684682846,-500.7945251464844,100.62238311767578,151.1601104736328,46.889556884765625,-36.69099044799805,21.8654842376709,-1.6057416200637817,16.614471435546875,-18.377473831176758,13.5884370803833,-10.745633125305176,10.399518966674805,2.4666154384613037,12.135401725769043,4.437960624694824,13.687298774719238,1.0449963808059692,16.1739501953125,-7.508085250854492,17.171764373779297,-11.259687423706055,14.874763488769531,-4.218400001525879,12.425209999084473,0.8285112380981445,13.252442359924316
Q3_gvWDOIiocuE_0.wav,Sad,112.34714673913044,0.007971510291099548,0.0053319078870117664,0.08021215874445677,1109.97118070768,1878.8221053907982,0.12059444189071655,0.1315740942955017,0.35751551389694214,0.1342916041612625,0.0497945174574852,0.06234796717762947,0.21069878339767456,0.2033197432756424,0.09568990767002106,0.2939910590648651,0.25605955719947815,0.0628775879740715,-556.6741943359375,110.52876281738281,134.67491149902344,58.824581146240234,-25.852581024169922,20.397014617919922,3.76275897026062,18.143224716186523,-2.1771767139434814,16.52162742614746,-7.262510299682617,10.270967483520508,-0.6323831081390381,11.38221263885498,1.2754300832748413,14.967970848083496,-2.4207520484924316,14.747862815856934,-8.626009941101074,11.758554458618164,-5.705029487609863,10.938535690307617,-4.89995813369751,14.39160442352295,-2.2176578044891357,11.971885681152344
Q3_gvWDOIiocuE_2.wav,Sad,123.046875,0.0063038477674126625,0.0049716210924088955,0.08954158252327492,1237.606352112892,2005.005364141224,0.19514714181423187,0.0580596998333931,0.21619750559329987,0.22728340327739716,0.04799411818385124,0.06574717164039612,0.07696504145860672,0.30090683698654175,0.16134761273860931,0.04474642127752304,0.1421588659286499,0.27482932806015015,-594.6151123046875,113.33853149414062,111.06580352783203,54.308815002441406,-25.562274932861328,22.56222152709961,-0.15351364016532898,15.318541526794434,-5.558183193206787,15.181015014648438,-4.00921630859375,12.924466133117676,1.6910725831985474,10.939789772033691,-3.9268808364868164,13.903331756591797,-13.144701957702637,13.207127571105957,-9.774504661560059,14.297490119934082,1.4667530059814453,17.765987396240234,6.446596145629883,16.70246124267578,9.14256763458252,14.216107368469238
Q3_H6_7DjsbROQ_0.wav,Sad,103.359375,0.004516976419836283,0.0029054484330117702,0.05814301447733359,868.4348432270687,1587.9130963980012,0.4220195710659027,0.18279196321964264,0.06563684344291687,0.10488683730363846,0.2458065003156662,0.20938819646835327,0.15473055839538574,0.5483167767524719,0.43097296357154846,0.17351770401000977,0.3258514702320099,0.1968546360731125,-556.6073608398438,92.49317169189453,166.50686645507812,48.34158706665039,-25.167743682861328,26.2076358795166,12.038461685180664,9.907155990600586,14.666849136352539,11.494636535644531,-10.353435516357422,7.865192413330078,-11.748810768127441,7.992824077606201,-15.088071823120117,8.208327293395996,-11.862144470214844,6.580042839050293,-9.745165824890137,7.318610191345215,-11.095867156982422,8.151938438415527,-13.857748985290527,7.123856544494629,-9.685189247131348,7.9774603843688965
Q3_H6_7DjsbROQ_1.wav,Sad,78.30255681818181,0.005372706335037947,0.0033296882174909115,0.054098596800433836,823.0728382314909,1518.3418853163978,0.3934954106807709,0.19863910973072052,0.14451348781585693,0.1324375718832016,0.1570344865322113,0.1765378713607788,0.20023974776268005,0.49067097902297974,0.415330171585083,0.2613994777202606,0.40800538659095764,0.20999911427497864,-538.8242797851562,97.9706802368164,173.80775451660156,54.74026870727539,-23.166141510009766,21.608543395996094,14.237264633178711,9.740485191345215,13.746378898620605,10.009998321533203,-11.341482162475586,7.612337112426758,-6.244072437286377,6.492654800415039,-9.000767707824707,6.410545349121094,-9.591421127319336,7.365187644958496,-4.72780179977417,7.407109260559082,-6.356086730957031,8.515545845031738,-8.77016830444336,8.077199935913086,-5.594781875610352,6.85037088394165
Q3_H6_7DjsbROQ_2.wav,Sad,78.30255681818181,0.002736251102760434,0.0018868088955059648,0.06913711138278127,1084.3796130420899,2028.98481838503,0.5250338315963745,0.2629045844078064,0.05620865523815155,0.09181609749794006,0.3004401922225952,0.12882000207901,0.12032901495695114,0.4435757100582123,0.17662525177001953,0.035179536789655685,0.06457871198654175,0.13364487886428833,-619.2053833007812,108.50865936279297,131.5159912109375,52.08930587768555,-28.712085723876953,24.5318546295166,16.190717697143555,12.6529541015625,6.101378440856934,12.446887016296387,-12.492444038391113,7.737268447875977,-13.583599090576172,9.023693084716797,-13.558464050292969,9.144611358642578,-10.897246360778809,8.933711051940918,-11.907329559326172,8.44754409790039,-13.188602447509766,10.981059074401855,-7.781897068023682,9.614847183227539,-4.110266208648682,6.982708930969238
Q3_H6_7DjsbROQ_3.wav,Sad,103.359375,0.005512972828000784,0.00293036294169724,0.06067114526098901,941.0970417680311,1661.8994891826924,0.11117780953645706,0.2964264750480652,0.15917867422103882,0.33767664432525635,0.10497686266899109,0.04389511048793793,0.035717420279979706,0.12149617820978165,0.39903053641319275,0.19745996594429016,0.481008380651474,0.28149741888046265,-553.9876708984375,97.87212371826172,164.88406372070312,48.663658142089844,-26.895227432250977,18.71384048461914,19.58344078063965,10.319830894470215,3.0949480533599854,9.933526992797852,-14.616586685180664,7.675535678863525,-10.881622314453125,9.55311393737793,-17.816423416137695,9.847590446472168,-24.194425582885742,10.461531639099121,-10.265206336975098,9.405974388122559,-6.104515075683594,9.5272855758667,0.4544470012187958,9.46021842956543,4.583065986633301,7.28688383102417
Q3_H6_7DjsbROQ_4.wav,Sad,78.30255681818181,0.004462250508368015,0.003354874672368169,0.06988054816890349,990.8315915514272,2028.0317497144488,0.3168528378009796,0.17807163298130035,0.10929727554321289,0.10164052993059158,0.1798950433731079,0.3579650819301605,0.20449374616146088,0.3968059718608856,0.4017264246940613,0.22193144261837006,0.22749783098697662,0.1417522132396698,-574.3740844726562,117.29977416992188,150.41416931152344,70.50281524658203,-21.470232009887695,18.99375343322754,11.538063049316406,9.716851234436035,15.519227981567383,10.509462356567383,-8.597668647766113,7.900444030761719,-7.091197967529297,8.68450927734375,-9.097357749938965,7.884461879730225,-9.189072608947754,8.268263816833496,-4.922226905822754,8.321962356567383,-5.1196794509887695,7.790284633636475,-7.852786064147949,7.085054397583008,-7.699836254119873,7.08720588684082
Q3_Ie5koh4qvJc_0.wav,Sad,129.19921875,0.0051139299757778645,0.003375476924702525,0.054439387455938175,825.8147058697054,1537.1367282826056,0.5186104774475098,0.1565445363521576,0.05612197518348694,0.09471679478883743,0.19291885197162628,0.2684284448623657,0.14532169699668884,0.37321361899375916,0.4413260221481323,0.23716963827610016,0.35262611508369446,0.23191136121749878,-540.9524536132812,91.07475280761719,168.25216674804688,48.886566162109375,-19.313344955444336,22.290712356567383,12.681797981262207,10.74071216583252,14.744789123535156,12.954187393188477,-7.491568088531494,8.001567840576172,-8.399202346801758,7.6293625831604,-11.874484062194824,7.397786617279053,-8.627110481262207,7.20211935043335,-1.8676313161849976,7.115384101867676,-4.597064018249512,8.0023832321167,-8.921233177185059,8.507668495178223,-10.800293922424316,8.940104484558105
Q3_Ie5koh4qvJc_14.wav,Sad,123.046875,0.005907231476157904,0.0037671392783522606,0.06151850103021978,881.8014277201281,1524.1343149038462,0.2131543755531311,0.12343355268239975,0.2327936589717865,0.11932500451803207,0.25103530287742615,0.2583260238170624,0.11050048470497131,0.22698096930980682,0.1677204668521881,0.4147966802120209,0.20463477075099945,0.0970706045627594,-560.604736328125,89.32028198242188,160.14881896972656,47.69924545288086,-19.65984344482422,17.183242797851562,13.876535415649414,13.163542747497559,10.646427154541016,15.91391658782959,-8.70095443725586,8.489365577697754,-7.024062156677246,8.32418155670166,-7.060980796813965,9.010083198547363,-10.040712356567383,11.5410737991333,-5.721224308013916,11.656280517578125,0.35418644547462463,13.957723617553711,-1.7595394849777222,13.639886856079102,-5.707223415374756,10.74167537689209
Q3_Ie5koh4qvJc_15.wav,Sad,123.046875,0.006678493227809668,0.004231571219861507,0.0531438022565595,805.0203801222436,1440.1742059745704,0.21378695964813232,0.15030540525913239,0.27214834094047546,0.14932452142238617,0.27079975605010986,0.24876278638839722,0.13716307282447815,0.24843460321426392,0.20848383009433746,0.4932207763195038,0.2673581838607788,0.12218214571475983,-530.8726196289062,85.42797088623047,168.2199249267578,43.447628021240234,-17.50951385498047,22.128623962402344,14.762910842895508,12.095423698425293,13.739337921142578,13.474860191345215,-9.090265274047852,8.161660194396973,-6.872683048248291,7.496155261993408,-7.322730541229248,8.310036659240723,-10.059977531433105,9.573840141296387,-6.400141716003418,9.257027626037598,-2.4438884258270264,11.491629600524902,-5.175915718078613,12.04916000366211,-7.02869987487793,8.969561576843262
Q3_Ie5koh4qvJc_18.wav,Sad,78.30255681818181,0.00851203128695488,0.0045731160789728165,0.04594713184931507,758.8820972127829,1446.1758213827054,0.19979749619960785,0.18556134402751923,0.43481287360191345,0.18809287250041962,0.24226874113082886,0.4784991443157196,0.15367451310157776,0.10828148573637009,0.12301802635192871,0.3612317442893982,0.2739211916923523,0.10908385366201401,-513.9586791992188,90.37262725830078,177.39956665039062,52.48981857299805,-25.736276626586914,14.771894454956055,19.352842330932617,11.248860359191895,18.897972106933594,11.972516059875488,-8.525713920593262,7.476223468780518,-9.286752700805664,7.919641494750977,-13.753493309020996,9.190993309020996,-13.980644226074219,9.548359870910645,-13.530661582946777,9.181139945983887,-8.934536933898926,8.267030715942383,-6.196086406707764,9.094304084777832,-10.58088207244873,7.945092678070068
Q3_Ie5koh4qvJc_19.wav,Sad,215.33203125,0.005849044304341078,0.0050842296332120895,0.05620042067307692,904.5996996193877,1639.2352013221155,0.08816581964492798,0.2467619776725769,0.11991100758314133,0.1945430040359497,0.11308110505342484,0.10278860479593277,0.25811728835105896,0.15580415725708008,0.351273775100708,0.1693800687789917,0.32092076539993286,0.11934727430343628,-578.906494140625,111.61772155761719,135.9148406982422,59.21456527709961,-12.161317825317383,23.560501098632812,13.700581550598145,15.896177291870117,8.53268051147461,12.711589813232422,-10.763197898864746,10.169713973999023,-11.997421264648438,11.575348854064941,-14.921526908874512,10.895058631896973,-14.70201587677002,12.367926597595215,-10.243827819824219,13.149378776550293,-5.45830774307251,10.678380966186523,-3.847360849380493,7.940180778503418,-4.643564701080322,9.30672550201416
Q3_Ie5koh4qvJc_2.wav,Sad,135.99917763157896,0.004456128925085068,0.0034972589928656816,0.06404003404981334,915.5933831779022,1572.250393268053,0.09346486628055573,0.22263680398464203,0.256542444229126,0.10619637370109558,0.12260720878839493,0.14036551117897034,0.30247315764427185,0.18404614925384521,0.10549677908420563,0.12945696711540222,0.28332948684692383,0.25425979495048523,-595.0071411132812,113.59387969970703,139.49356079101562,62.77627182006836,-19.110916137695312,21.54275131225586,8.946111679077148,12.44859790802002,9.158815383911133,14.625337600708008,-6.500999927520752,9.026732444763184,-3.9477546215057373,9.069963455200195,-5.323829650878906,9.351609230041504,-6.882254600524902,9.95529556274414,-4.786489486694336,10.86849308013916,-3.261317253112793,12.065448760986328,-3.489899158477783,11.03543472290039,-5.762661933898926,11.608519554138184
Q3_Ie5koh4qvJc_22.wav,Sad,80.74951171875,0.006580105051398277,0.004547430668026209,0.05902211831613508,911.7328018923768,1606.5789531543153,0.25482866168022156,0.10687754303216934,0.15707968175411224,0.11251016706228256,0.2996159791946411,0.13467682898044586,0.11565837264060974,0.16741400957107544,0.23839612305164337,0.3354146480560303,0.10653330385684967,0.13525308668613434,-576.4050903320312,95.998779296875,132.20797729492188,48.80648422241211,-20.87859344482422,20.809444427490234,15.997212409973145,16.970829010009766,10.948128700256348,13.932418823242188,-10.408397674560547,9.105901718139648,-10.147834777832031,9.88483715057373,-11.600958824157715,9.47489070892334,-12.095758438110352,10.21084213256836,-7.4369940757751465,12.098431587219238,-7.6120805740356445,16.367969512939453,-6.814389228820801,16.868513107299805,-2.7338554859161377,12.598422050476074
Q3_Ie5koh4qvJc_23.wav,Sad,135.99917763157896,0.009006273001432419,0.004372244700789452,0.053835795804411106,845.9208342383907,1595.9208617016066,0.11811065673828125,0.15427206456661224,0.14128714799880981,0.3192846179008484,0.13908720016479492,0.17257441580295563,0.2924860119819641,0.16604290902614594,0.31897974014282227,0.19265438616275787,0.4524957835674286,0.2465105801820755,-490.6268615722656,81.8206787109375,174.2058563232422,46.07243728637695,-32.50021743774414,13.877495765686035,15.543266296386719,11.078228950500488,12.961163520812988,11.389568328857422,-12.30606460571289,7.83203125,-12.34774398803711,8.17227840423584,-15.623817443847656,9.335612297058105,-13.578551292419434,9.788952827453613,-11.555625915527344,9.015195846557617,-9.854264259338379,7.8819732666015625,-12.764699935913086,8.87006664276123,-10.416224479675293,8.947992324829102
Q3_Ie5koh4qvJc_24.wav,Sad,69.83741554054055,0.005085115786641836,0.0036066623870283365,0.05071028504609545,794.4948442688657,1473.920895789554,0.11789088696241379,0.10680922120809555,0.28727248311042786,0.13285613059997559,0.1716700941324234,0.12961728870868683,0.35808393359184265,0.46289506554603577,0.22620108723640442,0.3787167966365814,0.1611730456352234,0.3170372247695923,-564.21923828125,111.48839569091797,171.03993225097656,55.55057144165039,-23.842287063598633,27.511028289794922,18.491540908813477,14.165839195251465,14.255670547485352,10.891024589538574,-8.105976104736328,8.883904457092285,-6.693115234375,8.338573455810547,-7.633874416351318,7.42659330368042,-12.656355857849121,9.676568031311035,-10.601628303527832,10.185147285461426,-3.534114360809326,8.546335220336914,-7.649075984954834,6.6721720695495605,-10.276212692260742,9.5160551071167
Q3_Ie5koh4qvJc_25.wav,Sad,143.5546875,0.0044778152368962765,0.00324068870395422,0.05754834844863142,829.5196888908331,1452.1509365772638,0.15906944870948792,0.12445848435163498,0.2953374683856964,0.1399025171995163,0.23862850666046143,0.11586322635412216,0.27963829040527344,0.48360660672187805,0.2140231728553772,0.3729926347732544,0.1452980935573578,0.290507048368454,-571.1443481445312,93.20761108398438,168.39239501953125,45.35530471801758,-20.253210067749023,25.3336238861084,8.479863166809082,16.309202194213867,9.245522499084473,13.64556884765625,-6.935354232788086,8.364792823791504,-2.620777130126953,8.860614776611328,-2.5230884552001953,10.718958854675293,-7.215046405792236,12.491466522216797,-6.290642738342285,12.66963005065918,-3.688257932662964,10.972171783447266,-11.002619743347168,10.154650688171387,-12.641727447509766,8.72278881072998
Q3_Ie5koh4qvJc_29.wav,Sad,45.333059210526315,0.003609279403463006,0.0033704526722431183,0.05704711294416244,886.2644048388195,1541.8101354298858,0.2211751639842987,0.10844369977712631,0.2185448259115219,0.1429395079612732,0.305599570274353,0.2000788450241089,0.13691140711307526,0.27252811193466187,0.13532674312591553,0.23582342267036438,0.10810036957263947,0.23735389113426208,-635.8008422851562,83.10273742675781,115.44471740722656,48.568355560302734,-6.412251949310303,16.15833854675293,10.915185928344727,13.681214332580566,12.936890602111816,13.785387992858887,-7.074606895446777,7.677699089050293,-8.852631568908691,9.07065486907959,-8.298798561096191,8.574310302734375,-12.781346321105957,11.481644630432129,-8.721954345703125,11.550605773925781,-1.033285140991211,15.068312644958496,-0.08193830400705338,17.151626586914062,-0.6446483731269836,15.452743530273438
Q3_Ie5koh4qvJc_3.wav,Sad,117.45383522727273,0.005201506894081831,0.0036573302932083607,0.06774151911501025,900.7400736278877,1585.8123028864627,0.10391566902399063,0.2618888020515442,0.29475709795951843,0.12088935077190399,0.12887996435165405,0.14967773854732513,0.33291539549827576,0.22996185719966888,0.1276227980852127,0.13396459817886353,0.2397659420967102,0.24634060263633728,-567.8125610351562,101.19557189941406,151.43215942382812,53.88447570800781,-22.599761962890625,19.77703285217285,10.781776428222656,12.773322105407715,10.838462829589844,15.086173057556152,-6.858509540557861,9.851853370666504,-5.234124183654785,10.81161117553711,-5.515833854675293,10.221084594726562,-6.046852111816406,10.214789390563965,-4.343212604522705,10.61401653289795,-3.3927273750305176,12.34455680847168,-3.9405362606048584,11.3085355758667,-6.232576847076416,11.932209968566895
Q3_Ie5koh4qvJc_5.wav,Sad,184.5703125,0.008420157246291637,0.005717272870242596,0.056090489090776414,852.335302759759,1547.2291535546192,0.161537766456604,0.2679436206817627,0.1401858925819397,0.299064040184021,0.1525467336177826,0.17905275523662567,0.24111881852149963,0.24526682496070862,0.4628351926803589,0.17820322513580322,0.28409597277641296,0.1771736890077591,-528.3442993164062,113.26092529296875,154.0643310546875,56.86302185058594,-23.451173782348633,27.88812828063965,17.050527572631836,12.785860061645508,8.799259185791016,12.776061058044434,-10.546687126159668,12.057259559631348,-8.899829864501953,10.145248413085938,-10.728155136108398,11.369845390319824,-10.851710319519043,11.8614501953125,-9.016060829162598,10.486042022705078,-8.43474006652832,9.095794677734375,-8.712510108947754,10.89512825012207,-6.721058368682861,10.599486351013184
Q3_Ie5koh4qvJc_8.wav,Sad,151.99908088235293,0.009242506697773933,0.005406453274190426,0.0703547620844168,978.7452333569626,1581.4105959207839,0.06048218905925751,0.05218225345015526,0.09785231202840805,0.30927371978759766,0.07649838924407959,0.11325526982545853,0.23553194105625153,0.20687134563922882,0.4315015375614166,0.16117867827415466,0.38688796758651733,0.08078692853450775,-540.9700927734375,95.61161804199219,148.8369903564453,44.32270431518555,-31.6929931640625,20.21540641784668,11.215283393859863,16.808177947998047,-1.8807215690612793,19.569778442382812,-13.248435974121094,11.442214012145996,-5.684285640716553,11.82584285736084,-3.5712151527404785,13.92922306060791,-4.1480913162231445,15.414870262145996,-1.4523643255233765,15.544321060180664,5.310324668884277,11.852010726928711,-5.551383972167969,16.112873077392578,-14.766190528869629,14.967880249023438
Q3_IH2KrGjKXw0_0.wav,Sad,78.30255681818181,0.0044346037320792675,0.004206626210361719,0.04585032554531779,812.9939958193876,1446.2797339225272,0.289693146944046,0.18699179589748383,0.12468314915895462,0.2837139368057251,0.13592180609703064,0.2347695380449295,0.1082661971449852,0.23184490203857422,0.38141578435897827,0.17138230800628662,0.2782227396965027,0.1214292049407959,-598.7374267578125,96.56494903564453,138.3656005859375,45.72987747192383,0.07331747561693192,28.200973510742188,10.302191734313965,14.803201675415039,11.842662811279297,14.618538856506348,-6.882943153381348,8.993996620178223,-13.494417190551758,8.608315467834473,-13.101847648620605,8.35876178741455,-12.750775337219238,8.7809419631958,-8.997737884521484,9.047354698181152,-8.479422569274902,8.372119903564453,-9.578838348388672,11.035715103149414,-9.408832550048828,11.85023021697998
Q3_IH2KrGjKXw0_1.wav,Sad,123.046875,0.00905492901802063,0.005419782362878323,0.05112374749931015,812.0707327879867,1506.1477357978063,0.234751895070076,0.1238882839679718,0.1467001885175705,0.34702736139297485,0.1286882758140564,0.13437631726264954,0.08170133084058762,0.2204938679933548,0.40302395820617676,0.16163106262683868,0.25567176938056946,0.10901646316051483,-515.3147583007812,107.95099639892578,168.10813903808594,57.12425994873047,-18.553409576416016,22.4965763092041,19.1156005859375,13.73353099822998,14.67457103729248,13.685503005981445,-9.88621711730957,7.894693374633789,-8.383941650390625,7.7028117179870605,-8.222460746765137,7.174356460571289,-13.807412147521973,8.806960105895996,-6.599719524383545,8.329816818237305,-4.589759826660156,7.022435188293457,-5.628159999847412,9.44070816040039,-6.645480632781982,8.228221893310547
Q3_IH2KrGjKXw0_2.wav,Sad,135.99917763157896,0.008439239114522934,0.005675347987562418,0.05120979104048798,814.3699985892712,1545.281438544245,0.23778416216373444,0.24493663012981415,0.15767255425453186,0.24376551806926727,0.11660535633563995,0.18948931992053986,0.11105789244174957,0.25161004066467285,0.44778627157211304,0.204641193151474,0.33201003074645996,0.13217811286449432,-510.9234924316406,102.57766723632812,166.2647705078125,56.75388717651367,-19.728160858154297,20.890731811523438,14.261102676391602,16.14842414855957,14.088062286376953,13.743063926696777,-7.587334632873535,7.692947864532471,-6.5526251792907715,6.941203594207764,-7.08809232711792,7.035249710083008,-12.983780860900879,9.6127347946167,-5.412027359008789,8.099565505981445,-2.8443846702575684,8.292448043823242,-4.500875949859619,11.767098426818848,-5.789714813232422,9.526890754699707
Q3_ii1Jw1-7Ka4_0.wav,Sad,103.359375,0.002722857054322958,0.003354960586875677,0.05673677884615384,862.1962018535145,1344.187725360577,0.21109792590141296,0.07291989028453827,0.20306439697742462,0.29251787066459656,0.06292499601840973,0.050986554473638535,0.05207841470837593,0.23377953469753265,0.19687169790267944,0.14604642987251282,0.3568437993526459,0.12600266933441162,-690.0784912109375,89.76013946533203,96.50154876708984,41.819095611572266,-1.877051830291748,23.058013916015625,3.322657346725464,17.7628173828125,4.706597805023193,14.799201965332031,-7.410915374755859,11.635769844055176,-14.313508987426758,11.486374855041504,-13.111485481262207,12.182175636291504,-9.146896362304688,11.28610610961914,-6.497826099395752,10.943556785583496,-6.025266647338867,12.718448638916016,-9.073291778564453,14.228303909301758,-7.821864604949951,14.219313621520996
Q3_ii1Jw1-7Ka4_1.wav,Sad,103.359375,0.007870396599173546,0.0037068102974444628,0.05004909291960412,750.2546800310578,1369.7931451032064,0.3234233260154724,0.1497400850057602,0.32853755354881287,0.42656055092811584,0.147981196641922,0.12859731912612915,0.20268304646015167,0.4241339862346649,0.3510575592517853,0.21343855559825897,0.23949550092220306,0.14782220125198364,-531.7427368164062,90.75059509277344,179.5849151611328,52.79729461669922,-28.3177490234375,15.876803398132324,14.970726013183594,9.36743450164795,19.107540130615234,14.62742805480957,-4.85919713973999,7.790185451507568,-3.096341371536255,7.416709899902344,-9.410560607910156,9.128754615783691,-5.607717990875244,7.9381232261657715,-0.9756453633308411,8.62179183959961,-1.7169609069824219,9.73776912689209,-2.336595296859741,10.01534366607666,-10.880658149719238,11.965115547180176
Q3_ii1Jw1-7Ka4_2.wav,Sad,103.359375,0.009691641665995121,0.005383129231631756,0.0555308708141269,835.1169735721917,1513.624198731528,0.4157630205154419,0.19532382488250732,0.20090648531913757,0.23106013238430023,0.15477411448955536,0.2204599380493164,0.17560264468193054,0.4017603397369385,0.4086895287036896,0.1939285546541214,0.20895855128765106,0.19199247658252716,-507.5909118652344,124.70006561279297,182.3716583251953,70.6153564453125,-31.09040069580078,19.635221481323242,15.02518081665039,11.869855880737305,9.712200164794922,11.271604537963867,-4.817488670349121,7.1636247634887695,-0.10933678597211838,7.043652057647705,-5.440531253814697,6.639392852783203,-3.1729495525360107,7.924903869628906,-1.866011142730713,8.370794296264648,0.55400550365448,7.4919915199279785,-3.217393636703491,9.800270080566406,-9.885550498962402,10.947477340698242
Q3_ijfxkQPAQdE_0.wav,Sad,99.38401442307692,0.02068571373820305,0.007088379468768835,0.058925008049755964,902.9875113911252,1650.460464576837,0.2498701810836792,0.11179392039775848,0.18327596783638,0.20271191000938416,0.5791795253753662,0.2551318109035492,0.18830642104148865,0.3747057616710663,0.19396468997001648,0.38939139246940613,0.14468638598918915,0.25389012694358826,-392.1150207519531,99.44747924804688,187.09182739257812,50.759769439697266,-48.14932632446289,15.276498794555664,26.005416870117188,9.765512466430664,-0.40286335349082947,10.3555326461792,-9.31864070892334,8.212574005126953,-11.688167572021484,8.33557415008545,-15.020721435546875,9.621123313903809,-14.022520065307617,7.790339946746826,-11.238052368164062,7.612416744232178,-4.357832431793213,11.745957374572754,-9.041167259216309,7.669031143188477,-10.669243812561035,6.9347147941589355
Q3_ilCcZpD39HU_0.wav,Sad,78.30255681818181,0.00682843429967761,0.0046919542364776134,0.048129715632378986,759.3574125048335,1391.6054969976756,0.1582249253988266,0.13636337220668793,0.3126894235610962,0.16278794407844543,0.3196668326854706,0.21008802950382233,0.09831883758306503,0.22843027114868164,0.18226175010204315,0.45336928963661194,0.18732023239135742,0.08348337560892105,-553.7431640625,101.35431671142578,159.5221405029297,57.21406936645508,-14.920869827270508,23.978912353515625,14.426759719848633,11.88508415222168,18.019479751586914,12.908019065856934,-8.819517135620117,8.219221115112305,-11.151886940002441,8.417877197265625,-10.30215835571289,7.813967704772949,-12.224863052368164,9.232728958129883,-12.935346603393555,8.534270286560059,-6.834443092346191,6.780737400054932,-8.207440376281738,8.086506843566895,-11.367356300354004,8.797979354858398
Q3_ilCcZpD39HU_1.wav,Sad,117.45383522727273,0.005829973611980677,0.0036381122190505266,0.04712620928452116,739.3580315031882,1363.8214858974804,0.19605077803134918,0.21833418309688568,0.4657253623008728,0.23343892395496368,0.29226943850517273,0.2950584292411804,0.1662895381450653,0.2530369162559509,0.16918867826461792,0.3414984345436096,0.2562061548233032,0.14954021573066711,-558.1973266601562,115.28166961669922,177.2751922607422,64.86972045898438,-22.211761474609375,27.210023880004883,15.614945411682129,11.711559295654297,13.90634822845459,11.422320365905762,-7.814615249633789,6.978652000427246,-2.55487322807312,6.763686656951904,-5.3012776374816895,7.139039993286133,-3.4016947746276855,5.896873474121094,-6.299629211425781,7.503376483917236,-4.641536712646484,6.671201705932617,-5.852119445800781,7.453373908996582,-10.955778121948242,7.599611282348633
Q3_ilCcZpD39HU_2.wav,Sad,117.45383522727273,0.007218691986054182,0.005034737754613161,0.059103358477011494,850.8931217553362,1475.247171336207,0.06931759417057037,0.07909942418336868,0.2672424018383026,0.1280364841222763,0.28102993965148926,0.15868298709392548,0.08448156714439392,0.22137883305549622,0.21293973922729492,0.6293435096740723,0.2268943041563034,0.07256801426410675,-554.7764282226562,117.55906677246094,162.9900360107422,61.0963249206543,-21.631216049194336,25.932212829589844,13.319077491760254,11.911456108093262,7.468718528747559,15.587141990661621,-10.041116714477539,8.647380828857422,-7.210643291473389,7.538654327392578,-8.35241413116455,8.838324546813965,-10.014266967773438,8.85075855255127,-8.059884071350098,7.827905178070068,-0.5118277072906494,10.82115364074707,-4.356197834014893,12.64211654663086,-8.462648391723633,10.0054292678833
Q3_ilCcZpD39HU_3.wav,Sad,117.45383522727273,0.00721696438267827,0.005126585252583027,0.055589692224044494,803.7603352814982,1419.8954833009484,0.22039878368377686,0.21487733721733093,0.4585484266281128,0.19699136912822723,0.2667306959629059,0.30286499857902527,0.20682412385940552,0.30061906576156616,0.21067291498184204,0.40955960750579834,0.24187172949314117,0.1597730666399002,-523.4172973632812,106.77313232421875,177.31134033203125,58.61659240722656,-24.016563415527344,22.133481979370117,9.430667877197266,10.19057846069336,10.267443656921387,15.105246543884277,-5.318963050842285,7.334057807922363,0.6647279262542725,7.4277753829956055,-3.9946036338806152,7.607680797576904,-6.001783847808838,6.926222324371338,-2.513749361038208,7.501219749450684,1.476543664932251,11.069550514221191,-3.4344913959503174,9.012210845947266,-9.992071151733398,8.04220199584961
Q3_ilCcZpD39HU_4.wav,Sad,117.45383522727273,0.006838678382337093,0.003961107227951288,0.049358637471735446,792.4745041542408,1440.9291614038652,0.21052995324134827,0.18215017020702362,0.3945392668247223,0.1537933498620987,0.20011167228221893,0.23486380279064178,0.1394549310207367,0.3276676535606384,0.20381751656532288,0.41673797369003296,0.29416394233703613,0.1257418841123581,-542.4541625976562,126.18943786621094,179.20103454589844,65.4382553100586,-28.616580963134766,30.033872604370117,19.793712615966797,10.164164543151855,10.589543342590332,10.18066120147705,-7.326659202575684,7.187333583831787,-4.3861470222473145,8.372901916503906,-10.788479804992676,8.928962707519531,-8.851085662841797,10.562320709228516,-12.775033950805664,8.136831283569336,-8.238875389099121,6.324306488037109,-8.907319068908691,8.208879470825195,-8.946633338928223,6.3338799476623535
Q3_iRu9KQvbtVw_0.wav,Sad,135.99917763157896,0.003530435264110565,0.0025526429526507854,0.06387316823591864,887.1139586945613,1473.123293089238,0.29169705510139465,0.30290931463241577,0.28393450379371643,0.2320541888475418,0.23037920892238617,0.25846534967422485,0.3191755712032318,0.28272414207458496,0.2961629033088684,0.2740984857082367,0.2723409831523895,0.3148563802242279,-596.6796875,104.37196350097656,172.60630798339844,58.561370849609375,-22.262121200561523,30.356454849243164,5.83465576171875,14.44623851776123,6.838598728179932,14.112786293029785,-3.338322162628174,10.147698402404785,1.940460443496704,9.013904571533203,-4.5071587562561035,9.031084060668945,-8.071573257446289,9.568686485290527,-3.6232285499572754,11.499007225036621,-0.47051987051963806,10.400904655456543,-2.0980355739593506,12.079416275024414,-3.3761403560638428,9.338152885437012
Q3_ISCVfmBvYoM_0.wav,Sad,117.45383522727273,0.008939160034060478,0.003711277386173606,0.05710401555721258,1013.6259644203772,1836.5521809542774,0.05015544593334198,0.25319382548332214,0.10730233043432236,0.05930949002504349,0.21805338561534882,0.0766470730304718,0.0537453331053257,0.055021222680807114,0.2879350483417511,0.6003195643424988,0.13263121247291565,0.025752201676368713,-557.8057250976562,89.89788055419922,136.5249786376953,43.45647430419922,-22.09123420715332,18.857376098632812,28.413846969604492,13.056678771972656,0.22121071815490723,11.046387672424316,-18.245174407958984,8.427863121032715,-16.231489181518555,8.643074035644531,-21.061481475830078,8.42875862121582,-23.689285278320312,11.004000663757324,-8.149602890014648,8.946978569030762,0.9310228824615479,10.996309280395508,1.110764503479004,11.109025001525879,5.615185737609863,12.398736953735352
Q3_ItGNJM6skM4_0.wav,Sad,117.45383522727273,0.011588824912905693,0.006300315726548433,0.05282622095574649,812.9397195687769,1569.1824428786724,0.31595566868782043,0.23670022189617157,0.19153743982315063,0.19727900624275208,0.227488175034523,0.8046733140945435,0.3922066390514374,0.2615523040294647,0.25250110030174255,0.15239210426807404,0.10930465161800385,0.109642393887043,-492.8164367675781,119.15445709228516,193.40867614746094,65.54410552978516,-29.323556900024414,25.132610321044922,21.588850021362305,12.36878490447998,14.687851905822754,11.771074295043945,-6.372660160064697,7.291213512420654,-0.25869762897491455,5.964241027832031,-4.8036017417907715,6.177773475646973,0.2019839584827423,6.976271152496338,-0.8262333869934082,8.250664710998535,0.2739775776863098,6.870588302612305,-1.014452338218689,6.675710201263428,-13.331253051757812,6.707566261291504
Q3_iwxwLEvqeD8_0.wav,Sad,135.99917763157896,0.00356529513373971,0.0037643187679350376,0.08891338850881261,1269.1680054541257,2040.066250887784,0.04924415051937103,0.24830463528633118,0.3601509630680084,0.08819808065891266,0.10201005637645721,0.04861577972769737,0.16329100728034973,0.27936679124832153,0.09196752309799194,0.17077496647834778,0.10323288291692734,0.1012309268116951,-671.2647094726562,114.92127227783203,88.21682739257812,56.43734359741211,-21.98069190979004,24.594268798828125,5.553207874298096,20.99751853942871,5.317342281341553,16.403644561767578,-5.053665637969971,11.301361083984375,-6.338448524475098,10.842623710632324,-5.6752705574035645,13.301342010498047,-4.33537483215332,18.525516510009766,0.9712403416633606,16.175325393676758,4.153982639312744,18.203052520751953,-0.42795222997665405,16.272645950317383,-4.2893385887146,16.076635360717773
Q3_JNzqL24ZcZ8_0.wav,Sad,135.99917763157896,0.003357695648446679,0.0025449113454669714,0.05047676576269408,852.2261676763735,1618.8757892821548,0.11682303249835968,0.17024633288383484,0.07176776975393295,0.12058225274085999,0.10568023473024368,0.08596238493919373,0.14282329380512238,0.2217719405889511,0.6796965003013611,0.4729839861392975,0.1295224130153656,0.16601942479610443,-603.4693603515625,91.38993835449219,160.66334533691406,49.681331634521484,-15.944648742675781,23.61152458190918,8.226186752319336,12.819384574890137,14.888045310974121,11.339327812194824,-10.026935577392578,9.585258483886719,-12.06967544555664,7.358908176422119,-8.600773811340332,6.157480239868164,-11.672375679016113,7.915348052978516,-8.554215431213379,8.39945125579834,-6.502190589904785,7.561286449432373,-11.05678939819336,8.023719787597656,-6.38994836807251,6.780924320220947
Q3_JNzqL24ZcZ8_1.wav,Sad,161.4990234375,0.002704399172216654,0.0019489522092044353,0.05997756660113883,893.0549536649322,1647.7454593021284,0.2712232172489166,0.3424515128135681,0.106841079890728,0.15570807456970215,0.11439085751771927,0.06456191092729568,0.1423705518245697,0.2584207057952881,0.6926449537277222,0.3160869777202606,0.11619554460048676,0.13882504403591156,-626.9039916992188,87.42964172363281,164.20440673828125,46.337684631347656,-30.092317581176758,18.061540603637695,10.80759048461914,12.15888786315918,14.339594841003418,11.777190208435059,-11.207825660705566,8.342759132385254,-14.86652946472168,8.198969841003418,-17.17413330078125,8.702875137329102,-13.779831886291504,8.502310752868652,-10.749821662902832,9.617348670959473,-8.58200454711914,8.12371826171875,-8.2625150680542,7.659356594085693,-6.455648899078369,7.7023444175720215
Q3_JNzqL24ZcZ8_2.wav,Sad,78.30255681818181,0.0036816904321312904,0.0029391541611403227,0.062081536141181774,885.7733043080143,1505.9595750697733,0.1980680525302887,0.35495617985725403,0.12408770620822906,0.23102520406246185,0.18389594554901123,0.09820296615362167,0.1595296561717987,0.175200417637825,0.4992997348308563,0.32119065523147583,0.11072848737239838,0.17188987135887146,-592.3018188476562,96.9268798828125,156.33914184570312,50.595577239990234,-16.99049186706543,23.22072982788086,4.862825870513916,14.090879440307617,5.723365306854248,12.445577621459961,-11.670134544372559,8.669249534606934,-11.050796508789062,10.75903034210205,-14.031209945678711,9.904305458068848,-14.075241088867188,8.101123809814453,-7.025412559509277,9.877337455749512,-7.301427841186523,10.853706359863281,-6.685824394226074,12.429710388183594,-3.962371826171875,10.32465934753418
Q3_JT1XJnVmABo_1.wav,Sad,112.34714673913044,0.012416849844157696,0.008089147508144379,0.05949441661005435,875.3289566361249,1574.1590682319973,0.10548776388168335,0.13446085155010223,0.08526702225208282,0.25054267048835754,0.28229767084121704,0.13184905052185059,0.2797532081604004,0.18835508823394775,0.4744846820831299,0.25548800826072693,0.11718732118606567,0.27374619245529175,-487.6969299316406,120.99573516845703,168.18373107910156,55.75727462768555,-29.5042667388916,25.345184326171875,21.6275691986084,14.429773330688477,8.33825397491455,14.529735565185547,-6.5501389503479,8.469353675842285,-4.863063812255859,8.408318519592285,-10.806922912597656,8.915314674377441,-11.996919631958008,9.145971298217773,-5.852483749389648,8.233811378479004,-2.2958998680114746,8.735587120056152,-5.521177291870117,10.441844940185547,-7.90544319152832,9.435928344726562
Q3_jTPXwbDtIpA_0.wav,Sad,64.599609375,0.007908125407993793,0.005241238046437502,0.06924960771746817,1017.2569259715752,1771.1744856126238,0.1498389095067978,0.06657977402210236,0.06466067582368851,0.13759273290634155,0.40550705790519714,0.12727314233779907,0.13808640837669373,0.24002932012081146,0.10718502849340439,0.08144673705101013,0.20266850292682648,0.30742359161376953,-565.0147705078125,107.88805389404297,123.09310150146484,49.197628021240234,-27.14467430114746,19.531896591186523,16.908447265625,16.482881546020508,-0.91298907995224,15.748153686523438,-14.264737129211426,11.38914966583252,-10.967863082885742,10.416494369506836,-10.60903263092041,14.580883979797363,-11.435256004333496,17.148794174194336,-4.555787563323975,14.688149452209473,-0.8361425995826721,17.560773849487305,-9.217369079589844,13.234651565551758,-10.912076950073242,14.210041999816895
Q3_K84TcgjCRt4_0.wav,Sad,112.34714673913044,0.004533522296696901,0.004415387753397226,0.07757635430975275,1118.0364440304977,1939.088604266827,0.05399411544203758,0.27144521474838257,0.20436808466911316,0.09892695397138596,0.19348002970218658,0.07830189913511276,0.06144212558865547,0.04107203334569931,0.2297953963279724,0.44687801599502563,0.1010250374674797,0.07325738668441772,-640.260986328125,102.53868865966797,103.69023132324219,51.64823913574219,-12.218949317932129,22.166372299194336,2.6002752780914307,15.819559097290039,-1.059333086013794,16.31188201904297,-7.707790851593018,10.362476348876953,-4.629415035247803,11.307283401489258,-6.869203090667725,14.417890548706055,-11.168917655944824,17.418161392211914,-10.042739868164062,15.95163631439209,-3.876965045928955,15.104559898376465,1.315869688987732,16.219032287597656,0.7626668810844421,14.550909996032715
Q3_K84TcgjCRt4_1.wav,Sad,112.34714673913044,0.008197621442377567,0.006468925159424543,0.06006312227223132,953.5267989267636,1683.3901662873363,0.07717882841825485,0.20106439292430878,0.12213598936796188,0.11040784418582916,0.23396307229995728,0.09728971123695374,0.05871405452489853,0.11215437948703766,0.4340093433856964,0.3505268096923828,0.0921466052532196,0.14341944456100464,-554.830078125,125.43217468261719,131.28526306152344,65.15245819091797,-18.398672103881836,20.047025680541992,16.437715530395508,13.749984741210938,6.470199108123779,14.827012062072754,-10.394207000732422,9.03331184387207,-10.248147964477539,8.86389446258545,-12.693312644958496,8.774337768554688,-18.207735061645508,11.287534713745117,-11.287747383117676,10.096942901611328,-5.190589427947998,11.18325424194336,-2.642279863357544,11.526189804077148,-2.265568971633911,8.89413070678711
Q3_K84TcgjCRt4_2.wav,Sad,107.666015625,0.010835442692041397,0.00567572470754385,0.06100285130829718,958.4835674492638,1697.7132337988069,0.13673126697540283,0.2986000180244446,0.15466293692588806,0.09132204949855804,0.20971795916557312,0.16031673550605774,0.0781274139881134,0.07019683718681335,0.2951757609844208,0.4897153973579407,0.1284767985343933,0.14419423043727875,-497.9726257324219,105.4522476196289,155.64794921875,48.34400177001953,-27.322566986083984,24.110851287841797,21.141908645629883,11.808513641357422,1.9120591878890991,12.888656616210938,-12.655837059020996,8.923041343688965,-10.890142440795898,7.7083964347839355,-13.685199737548828,8.606654167175293,-17.422346115112305,11.725217819213867,-7.7352705001831055,10.055198669433594,-2.391688585281372,9.973793029785156,-0.38559675216674805,11.862893104553223,-1.9138768911361694,8.372836112976074
Q3_kDGmND1BgmA_0.wav,Sad,61.5234375,0.007673563901335001,0.006231008563190699,0.06365706148520907,1041.3845900640324,1774.3004958400522,0.08597192913293839,0.04157863184809685,0.08402004837989807,0.03928475081920624,0.1880434900522232,0.08439287543296814,0.01641119085252285,0.032758381217718124,0.16069099307060242,0.7558814287185669,0.16633820533752441,0.04663953185081482,-613.976806640625,88.57471466064453,90.05503845214844,40.72868347167969,-18.34699821472168,17.4570369720459,3.6459174156188965,15.56646728515625,3.2703380584716797,12.22012996673584,-8.985518455505371,9.770380020141602,-10.153412818908691,8.252455711364746,-13.622801780700684,11.75900650024414,-17.69156265258789,11.742149353027344,-4.8835062980651855,12.113504409790039,7.27347469329834,15.315305709838867,11.699538230895996,17.07012176513672,15.579431533813477,15.169411659240723
Q3_kDGmND1BgmA_1.wav,Sad,63.02400914634146,0.008202060125768185,0.006888984236866236,0.07049241126679633,1064.294270793423,1771.6084999613242,0.17132386565208435,0.059713199734687805,0.09226872026920319,0.03897982835769653,0.1493951827287674,0.0844588577747345,0.028987007215619087,0.1166573092341423,0.16229619085788727,0.692608118057251,0.15534813702106476,0.06455735117197037,-594.9971923828125,94.86572265625,96.69969940185547,42.45638656616211,-26.690311431884766,19.58985137939453,-4.510213375091553,18.66767120361328,-2.5302460193634033,14.934748649597168,-8.328197479248047,11.577644348144531,-6.935464859008789,8.409777641296387,-7.488811016082764,11.256805419921875,-9.945981979370117,12.569283485412598,-2.3849525451660156,12.09433650970459,4.820137023925781,14.655470848083496,8.728007316589355,17.027515411376953,13.325798988342285,16.939926147460938
Q3_kopwU6zpS4k_0.wav,Sad,143.5546875,0.007024690508842468,0.004573046695441008,0.060901699769522775,845.7977411807227,1457.531605883948,0.04183482751250267,0.12800687551498413,0.3768489956855774,0.1341848373413086,0.19758515059947968,0.08706673234701157,0.1983012706041336,0.1279985010623932,0.17676375806331635,0.5187658071517944,0.15927232801914215,0.09306298941373825,-557.6206665039062,92.17610931396484,160.80584716796875,50.00303649902344,-19.480955123901367,18.094783782958984,13.280377388000488,14.523384094238281,13.268919944763184,14.6077241897583,-7.1056742668151855,7.097601890563965,-5.137940883636475,8.708170890808105,-6.972379207611084,9.9833402633667,-9.750511169433594,12.283490180969238,-7.769061088562012,12.047318458557129,0.7005184292793274,9.48168659210205,0.5823892951011658,12.188854217529297,-3.4198594093322754,9.736032485961914
Q3_ldCQ6N9G6Mk_2.wav,Sad,107.666015625,0.010776969604194164,0.007919981144368649,0.05916066550038344,875.1818619965032,1525.876790614216,0.02876642346382141,0.0394083671271801,0.2434340864419937,0.5509924292564392,0.1749415546655655,0.18818660080432892,0.09168118238449097,0.14370687305927277,0.23223085701465607,0.1458422839641571,0.3030075132846832,0.09889795631170273,-531.2901000976562,142.9750213623047,139.7786407470703,71.62850952148438,-22.76111602783203,20.586498260498047,17.892770767211914,15.323528289794922,4.334422588348389,14.395068168640137,-3.7951173782348633,6.575806617736816,-4.362694263458252,7.583127498626709,-6.350271224975586,9.109210968017578,-7.115604400634766,9.233222007751465,-7.174903392791748,12.281988143920898,-0.6240821480751038,12.481816291809082,-2.7164082527160645,13.406570434570312,-7.907253742218018,10.66119384765625
Q3_ldCQ6N9G6Mk_3.wav,Sad,75.99954044117646,0.014489577151834965,0.0090912701562047,0.05957406438666301,881.6384109581612,1556.5657614614777,0.05685768648982048,0.06911104172468185,0.30464980006217957,0.369287371635437,0.141610786318779,0.16001343727111816,0.08489064127206802,0.17888399958610535,0.2411642074584961,0.19959336519241333,0.5091035962104797,0.12031660974025726,-470.9169921875,134.29437255859375,157.26573181152344,68.45108795166016,-25.006816864013672,19.258085250854492,17.493635177612305,14.358877182006836,6.6472649574279785,13.631766319274902,-4.610868453979492,8.210066795349121,-3.9288551807403564,8.141334533691406,-5.559323787689209,8.095133781433105,-8.82521915435791,8.61945629119873,-5.510814189910889,7.754765510559082,1.192063331604004,9.113513946533203,-0.8913111686706543,11.442269325256348,-4.428778171539307,8.99595832824707
Q3_ldCQ6N9G6Mk_4.wav,Sad,75.99954044117646,0.015980277210474014,0.009467131458222866,0.05474629533400229,827.2053070058462,1521.7455382740825,0.19127216935157776,0.09582220017910004,0.29662418365478516,0.5015202164649963,0.18560895323753357,0.21811261773109436,0.17843586206436157,0.3051643967628479,0.27839288115501404,0.2006354033946991,0.4409134089946747,0.2825163006782532,-442.918212890625,112.70651245117188,176.74806213378906,52.40385818481445,-28.31125259399414,25.795194625854492,20.927446365356445,15.861568450927734,9.123804092407227,14.438183784484863,-1.4106941223144531,10.584364891052246,-5.588853359222412,8.966592788696289,-6.00583028793335,8.187214851379395,-5.203986167907715,9.091678619384766,-6.595989227294922,9.888023376464844,-3.685709238052368,7.58046817779541,-8.260664939880371,8.053542137145996,-11.599302291870117,7.559808254241943
Q3_ltxNPJda7zE_2.wav,Sad,99.38401442307692,0.016205795109272003,0.011478287167847157,0.05284611832293926,848.0256233029698,1614.6223949506846,0.10076425224542618,0.2180621325969696,0.2893426716327667,0.19153732061386108,0.2779369652271271,0.1348181664943695,0.22043384611606598,0.15073059499263763,0.3528790771961212,0.667092502117157,0.2212129682302475,0.15762726962566376,-439.32598876953125,124.1834945678711,159.03514099121094,58.253692626953125,-22.327714920043945,23.642316818237305,19.99064064025879,18.706363677978516,6.520449638366699,12.05263900756836,-2.8155641555786133,9.009599685668945,-6.378666400909424,8.499183654785156,-4.2389068603515625,7.429536819458008,-4.750702381134033,8.949995040893555,-5.318035125732422,8.722783088684082,-5.280664443969727,6.839381217956543,-10.651078224182129,7.6018781661987305,-9.13040828704834,7.215199947357178
Q3_MbvPxCUMSek_0.wav,Sad,151.99908088235293,0.004982260521501303,0.0033284134697169065,0.04849580777182755,797.0783294693043,1511.265355439093,0.11748600006103516,0.11201100051403046,0.31523388624191284,0.30879831314086914,0.11196093261241913,0.12467682361602783,0.1316138356924057,0.4215731918811798,0.14272987842559814,0.17162224650382996,0.3681299090385437,0.12876194715499878,-574.2664794921875,85.66323852539062,157.34259033203125,46.935874938964844,-19.10102081298828,17.344968795776367,17.41617202758789,13.410161018371582,19.943458557128906,11.897196769714355,-6.9954729080200195,7.491506576538086,-7.7108659744262695,10.29874038696289,-6.1953864097595215,9.977795600891113,-9.146360397338867,8.61283016204834,-13.722251892089844,9.804350852966309,-10.798371315002441,7.852793216705322,-11.731494903564453,9.104691505432129,-9.353229522705078,8.516560554504395
Q3_MbvPxCUMSek_1.wav,Sad,151.99908088235293,0.005915477406233549,0.0040564644150435925,0.04816683886580622,764.1227158569868,1438.3692373143565,0.11433755606412888,0.1151149570941925,0.3182018995285034,0.2609097957611084,0.08528006821870804,0.10703720152378082,0.11082158237695694,0.3401894271373749,0.1372997760772705,0.20454902946949005,0.4757208824157715,0.1630435287952423,-565.5947875976562,104.78715515136719,148.47816467285156,60.32298278808594,-17.082799911499023,19.31529998779297,16.28433609008789,13.169797897338867,17.568466186523438,11.747716903686523,-8.901998519897461,8.442086219787598,-10.366890907287598,11.679167747497559,-8.993033409118652,11.663847923278809,-8.860543251037598,9.126352310180664,-10.25469970703125,8.829924583435059,-9.037818908691406,7.713744163513184,-11.93681526184082,9.765088081359863,-9.813455581665039,8.830001831054688
Q3_MbvPxCUMSek_2.wav,Sad,135.99917763157896,0.005542842671275139,0.004598000552505255,0.05111241104579208,817.7599512477102,1543.2560382503093,0.16563163697719574,0.12588827311992645,0.30488935112953186,0.2708261013031006,0.09898398071527481,0.16950224339962006,0.12888891994953156,0.3300613760948181,0.13242165744304657,0.23381760716438293,0.3948851525783539,0.1381572037935257,-565.1478271484375,84.03636932373047,141.55361938476562,45.98471450805664,-11.345381736755371,19.1412410736084,13.874748229980469,13.437553405761719,17.499303817749023,12.162373542785645,-7.947787761688232,8.316896438598633,-12.222111701965332,9.418418884277344,-9.272374153137207,10.948583602905273,-11.427162170410156,10.950716972351074,-12.115742683410645,9.338005065917969,-8.956273078918457,8.336906433105469,-8.368999481201172,9.870438575744629,-7.431480407714844,9.612486839294434
Q3_nBao46YGZDg_0.wav,Sad,135.99917763157896,0.002849666168913245,0.00399288022890687,0.0666800800879397,1030.8019650891847,1661.283915917478,0.020373787730932236,0.04056674987077713,0.21700617671012878,0.17025069892406464,0.5695282220840454,0.2756577134132385,0.04295909404754639,0.026770751923322678,0.1987471580505371,0.4788530766963959,0.11910159140825272,0.05455777049064636,-673.1264038085938,87.16400146484375,83.00251770019531,43.739051818847656,4.068066120147705,19.65000343322754,3.6624951362609863,16.207353591918945,-0.20609523355960846,13.305132865905762,-6.533427715301514,6.857640266418457,-9.065510749816895,6.01135778427124,-16.865015029907227,7.810419082641602,-21.439800262451172,11.821698188781738,-14.69460391998291,10.295653343200684,0.4476477801799774,9.719823837280273,4.211977958679199,12.874489784240723,-2.4379279613494873,8.392294883728027
Q3_nBIls0laAAU_0.wav,Sad,95.703125,0.00588984927162528,0.004131752997636795,0.07527210293519523,1034.2053786969352,1650.7232070227765,0.24534346163272858,0.09509259462356567,0.25301501154899597,0.1221490427851677,0.35011327266693115,0.1988726705312729,0.057618532329797745,0.09464582800865173,0.08340124040842056,0.27629879117012024,0.06829588115215302,0.12581023573875427,-584.4296264648438,104.56415557861328,138.97067260742188,51.67026901245117,-26.742496490478516,20.284942626953125,6.202629089355469,20.12693214416504,-3.0501277446746826,16.7824649810791,-8.373346328735352,11.282544136047363,-2.2688169479370117,14.41975212097168,-9.185916900634766,14.278610229492188,-14.068346977233887,14.2405366897583,-9.146897315979004,11.777053833007812,0.7857586145401001,14.625313758850098,5.681604385375977,14.806745529174805,2.6994988918304443,14.010848999023438
Q3_nBIls0laAAU_1.wav,Sad,95.703125,0.010293037630617619,0.004927340429276228,0.0622632736239154,961.5619894985879,1735.3788231044944,0.21945230662822723,0.10065453499555588,0.21298865973949432,0.12307140976190567,0.33987703919410706,0.21007665991783142,0.08865442872047424,0.1736690104007721,0.12193956971168518,0.3007005453109741,0.09526194632053375,0.17798356711864471,-503.19305419921875,92.69631958007812,154.63174438476562,46.85316848754883,-28.157047271728516,14.847440719604492,23.681358337402344,12.212162017822266,3.265425443649292,15.79329776763916,-14.617433547973633,9.613770484924316,-12.379315376281738,9.14596939086914,-17.41388511657715,9.933799743652344,-20.201051712036133,12.393939971923828,-12.14475154876709,10.793010711669922,-2.5069692134857178,12.9175443649292,0.5976100564002991,12.69735336303711,-1.960635781288147,13.237385749816895
Q3_nBIls0laAAU_2.wav,Sad,99.38401442307692,0.01511034369468689,0.006280502770096064,0.059932286723834056,879.6515042136924,1617.1213675476206,0.18642960488796234,0.10875872522592545,0.2361755073070526,0.1402011662721634,0.35581380128860474,0.25302523374557495,0.12240314483642578,0.22946713864803314,0.1846059113740921,0.48067212104797363,0.14998193085193634,0.15204176306724548,-445.4066162109375,106.77482604980469,183.25453186035156,52.89142990112305,-35.405460357666016,16.113937377929688,27.736743927001953,13.010661125183105,3.7624802589416504,12.930051803588867,-4.915092945098877,8.152810096740723,-6.583381652832031,7.76258659362793,-8.579934120178223,7.655588626861572,-11.22933292388916,9.043350219726562,-8.926231384277344,9.473042488098145,1.6072204113006592,8.822063446044922,-2.046297550201416,9.335390090942383,-7.285842418670654,8.260686874389648
Q3_nFunbdBrukY_0.wav,Sad,129.19921875,0.013985071331262589,0.006310541648417711,0.05977232419112447,919.0790746787472,1698.3742893332303,0.07216006517410278,0.2848675549030304,0.18188244104385376,0.16226321458816528,0.25681641697883606,0.09644526988267899,0.1640329360961914,0.10879730433225632,0.3366009294986725,0.4689127206802368,0.1169695258140564,0.05342213809490204,-467.18670654296875,99.8947525024414,163.28741455078125,50.57313919067383,-33.90093231201172,14.24752426147461,24.035985946655273,13.674968719482422,7.444116115570068,16.52130889892578,-10.487554550170898,8.383330345153809,-11.335973739624023,8.188485145568848,-12.535889625549316,9.4812593460083,-10.832023620605469,11.492843627929688,-7.172855854034424,10.987175941467285,-3.8672289848327637,10.579517364501953,-5.830887317657471,12.971473693847656,-8.278635025024414,10.471717834472656
Q3_NTI9ode6bRk_0.wav,Sad,99.38401442307692,0.008754163980484009,0.004515495151281357,0.07283096147979935,1099.0253196974854,1892.568870428586,0.18581844866275787,0.06006507948040962,0.03169385716319084,0.12286503612995148,0.26477178931236267,0.07699677348136902,0.15194165706634521,0.05712617188692093,0.10664546489715576,0.10435572266578674,0.15629097819328308,0.6388745903968811,-550.97802734375,110.73733520507812,134.32981872558594,48.03303527832031,-22.924551010131836,20.48983383178711,23.785449981689453,14.746393203735352,-7.448648929595947,15.880782127380371,-8.549095153808594,8.388678550720215,-6.078597545623779,8.27270793914795,-10.001923561096191,11.587186813354492,-11.72531795501709,16.757287979125977,5.844827175140381,10.776457786560059,4.9879560470581055,18.638498306274414,0.597534716129303,16.58072853088379,2.993565797805786,14.340083122253418
Q3_NTI9ode6bRk_1.wav,Sad,99.38401442307692,0.008860625326633453,0.004429075866937637,0.07103565406385574,1063.633483827466,1856.0418317219699,0.18277880549430847,0.053261153399944305,0.02249864675104618,0.05575655773282051,0.17015303671360016,0.06511899828910828,0.11968079209327698,0.06386896967887878,0.1544971615076065,0.09598065912723541,0.1509927362203598,0.7304697036743164,-538.5872802734375,106.44892883300781,141.64170837402344,50.60847473144531,-25.217092514038086,18.900678634643555,21.48763656616211,12.871644973754883,-4.529229164123535,15.94469165802002,-7.0253167152404785,8.15789794921875,-3.3940892219543457,10.19356918334961,-1.6487970352172852,11.099004745483398,-5.239362716674805,14.01583480834961,2.2544944286346436,13.870354652404785,-5.044855117797852,18.01839828491211,-4.878317832946777,12.498732566833496,2.172703504562378,10.934345245361328
Q3_Oku8sIpTMAE_0.wav,Sad,143.5546875,0.002392624272033572,0.002644212683662772,0.0648085590470572,1018.3696933907027,1618.7743869508258,0.10067524760961533,0.15440252423286438,0.18038403987884521,0.07046972960233688,0.221402108669281,0.1523127406835556,0.04653451591730118,0.1240101009607315,0.12424148619174957,0.449394166469574,0.3085361421108246,0.06202441826462746,-687.1170654296875,77.95384216308594,87.35049438476562,43.243499755859375,-5.564078330993652,17.8771915435791,-0.6071933507919312,16.397083282470703,-2.3363096714019775,12.72109317779541,-15.157952308654785,8.304141998291016,-16.74604606628418,10.968299865722656,-18.89046287536621,12.595039367675781,-18.301136016845703,15.589094161987305,-5.423226356506348,14.579940795898438,6.0192389488220215,16.01954460144043,4.3612260818481445,18.336872100830078,-1.0901739597320557,15.424269676208496
Q3_Oku8sIpTMAE_1.wav,Sad,99.38401442307692,0.0019558914937078953,0.002524936106055975,0.06873142408288044,1032.0650472369305,1562.4211319633152,0.05672473832964897,0.1434902548789978,0.23647557199001312,0.12457317113876343,0.3649735748767853,0.1652083545923233,0.043078795075416565,0.10493447631597519,0.13538558781147003,0.33594414591789246,0.23015600442886353,0.044581327587366104,-704.1868286132812,86.15574645996094,93.58393096923828,46.51288604736328,2.803290367126465,21.678979873657227,0.522104024887085,13.8710355758667,-4.040546894073486,12.669275283813477,-12.091063499450684,10.450217247009277,-13.268937110900879,12.488247871398926,-16.80784797668457,13.062878608703613,-15.154328346252441,12.508625984191895,-5.272348403930664,12.038213729858398,2.17159104347229,18.582685470581055,0.523711085319519,19.661806106567383,-4.187924385070801,14.226506233215332
Q3_Oku8sIpTMAE_2.wav,Sad,103.359375,0.0027808132581412792,0.0027471829671412706,0.06935977319633883,961.573553223851,1565.9569821765076,0.04266561567783356,0.21428874135017395,0.13199587166309357,0.06495057791471481,0.23575347661972046,0.185617595911026,0.08284249901771545,0.22430628538131714,0.19070738554000854,0.3915497660636902,0.19823423027992249,0.04837070778012276,-662.1795654296875,89.5920181274414,114.38003540039062,48.113582611083984,-4.024115562438965,21.643957138061523,1.7566382884979248,14.992079734802246,0.09472763538360596,14.238435745239258,-11.584383964538574,8.632136344909668,-10.710655212402344,8.693806648254395,-12.186053276062012,10.345457077026367,-11.982420921325684,15.078608512878418,-2.6627378463745117,11.971030235290527,5.114044666290283,13.89085865020752,3.253962278366089,17.81438446044922,-0.7343196272850037,13.176986694335938
Q3_Oku8sIpTMAE_3.wav,Sad,112.34714673913044,0.004995265044271946,0.0036982097662985325,0.05508813423603579,886.9594924343774,1575.3161250381304,0.025352321565151215,0.15337571501731873,0.5321670770645142,0.1867285519838333,0.2340390384197235,0.11385478079319,0.05191964656114578,0.11362822353839874,0.11228591948747635,0.4110161066055298,0.2794080674648285,0.04957990348339081,-603.03515625,105.05342864990234,145.81857299804688,57.260963439941406,-17.316104888916016,22.420495986938477,10.586258888244629,12.201172828674316,8.452197074890137,11.611603736877441,-12.910039901733398,9.338027000427246,-15.178842544555664,11.604608535766602,-18.528047561645508,11.516371726989746,-15.968250274658203,11.045156478881836,-9.510565757751465,12.381467819213867,-2.6846024990081787,10.797001838684082,-6.086383819580078,10.638270378112793,-10.68528938293457,9.732975959777832
Q3_Oku8sIpTMAE_4.wav,Sad,99.38401442307692,0.003330363193526864,0.0032202256843447685,0.06518025098291758,924.8148423864205,1501.1118195837853,0.04929889738559723,0.20939446985721588,0.1656249463558197,0.13763532042503357,0.37955349683761597,0.16392678022384644,0.06056472286581993,0.16453665494918823,0.21157565712928772,0.4975550174713135,0.3324865698814392,0.08976610004901886,-625.4240112304688,105.87957000732422,130.66580200195312,59.57021713256836,-5.620352745056152,27.768028259277344,6.91228723526001,13.557479858398438,10.762377738952637,14.391580581665039,-3.154036521911621,11.785527229309082,-6.2159104347229,9.649227142333984,-8.195734977722168,10.200176239013672,-5.79250431060791,11.115572929382324,-2.2961740493774414,11.708526611328125,-3.9461474418640137,9.407569885253906,-9.582948684692383,11.533260345458984,-10.969828605651855,12.413484573364258
Q3_OO7zYVeK814_0.wav,Sad,75.99954044117646,0.005404347088187933,0.004639977123588324,0.0554593762710141,823.0618386378807,1452.9890809297044,0.09610866755247116,0.3573039770126343,0.2156631201505661,0.155684694647789,0.35802605748176575,0.1434144675731659,0.225117489695549,0.1442919820547104,0.2635449469089508,0.34113773703575134,0.13076718151569366,0.12751416862010956,-594.9736938476562,108.21651458740234,142.35800170898438,52.86547088623047,-16.62069320678711,23.76784324645996,12.712600708007812,17.08260726928711,11.274356842041016,14.64915943145752,-8.746612548828125,8.920072555541992,-9.129319190979004,7.939115524291992,-6.829267978668213,9.144980430603027,-4.748387336730957,9.194534301757812,-1.6071330308914185,10.42994213104248,-1.9954750537872314,9.680891990661621,-4.216869831085205,10.770330429077148,-5.427182197570801,12.326897621154785
Q3_OO7zYVeK814_1.wav,Sad,75.99954044117646,0.00749994907528162,0.004603004083037376,0.05260012413571041,805.1979291627246,1473.0742812415265,0.07357289642095566,0.2500256299972534,0.3225914239883423,0.1880222111940384,0.338661253452301,0.13878123462200165,0.25851407647132874,0.12843535840511322,0.29014718532562256,0.43406111001968384,0.13565362989902496,0.10547257214784622,-544.5147705078125,97.0462875366211,164.87103271484375,48.20016860961914,-22.296138763427734,24.562952041625977,19.115251541137695,14.33804702758789,15.61220932006836,15.57942008972168,-9.65788745880127,8.301403045654297,-12.492328643798828,8.714838027954102,-11.032883644104004,9.779613494873047,-7.901938438415527,9.863027572631836,-8.02540397644043,11.737616539001465,-6.145421028137207,10.946344375610352,-9.03526782989502,11.44002628326416,-10.802170753479004,11.105767250061035
Q3_OO7zYVeK814_2.wav,Sad,151.99908088235293,0.005739913322031498,0.005036705639213324,0.08104433378392706,999.3610182372969,1926.865532562023,0.07718655467033386,0.28290945291519165,0.25829488039016724,0.13569684326648712,0.24739855527877808,0.11965417861938477,0.24357572197914124,0.11509188264608383,0.28349438309669495,0.5022289752960205,0.15760837495326996,0.12096168845891953,-601.6085815429688,134.21273803710938,135.6268768310547,67.56472778320312,-17.382583618164062,28.51700210571289,19.067642211914062,15.450016021728516,10.103507041931152,14.809945106506348,-8.029017448425293,8.072676658630371,-9.881197929382324,10.419188499450684,-10.593305587768555,11.352959632873535,-8.152471542358398,11.486602783203125,-5.504836559295654,10.0349702835083,-4.4616804122924805,9.423550605773926,-6.522940635681152,9.220202445983887,-7.727485179901123,10.649595260620117
Q3_P-We4q3goKU_0.wav,Sad,129.19921875,0.01091070007532835,0.00670202961191535,0.046483103985900213,764.0136746933024,1421.3607291596054,0.14903226494789124,0.10772931575775146,0.12318721413612366,0.3048335611820221,0.5590519905090332,0.26217150688171387,0.3319880962371826,0.3066665828227997,0.1570385843515396,0.1802479773759842,0.14106959104537964,0.2618272006511688,-500.0078430175781,111.44450378417969,166.3453826904297,56.636714935302734,-27.24052619934082,27.877553939819336,15.972630500793457,15.223105430603027,12.658544540405273,13.215328216552734,-7.38084602355957,9.752445220947266,-7.871054172515869,7.740904808044434,-5.590785980224609,10.02281379699707,-6.489794731140137,7.869131088256836,-7.942050933837891,7.634016513824463,-1.396883249282837,7.988922595977783,-6.596085548400879,7.713120460510254,-9.07005786895752,8.64497184753418
Q3_p2qihp_PnLY_0.wav,Sad,99.38401442307692,0.006899137049913406,0.004956377204507589,0.05418268504012753,881.5251541327013,1659.6616880874835,0.26158255338668823,0.09508936107158661,0.13484133780002594,0.20394374430179596,0.6283866763114929,0.205378919839859,0.090764120221138,0.2690142095088959,0.1064920425415039,0.13054576516151428,0.060207922011613846,0.13983231782913208,-549.3005981445312,104.82955932617188,150.46730041503906,53.23031997680664,-20.300251007080078,21.80231475830078,15.86169719696045,12.475320816040039,14.264634132385254,15.198047637939453,-8.300873756408691,7.921628952026367,-11.235918998718262,8.988442420959473,-12.230295181274414,8.610352516174316,-9.177226066589355,7.775158882141113,-5.642416000366211,6.858951568603516,-8.255125999450684,9.208836555480957,-8.105504035949707,9.34364128112793,-6.660205364227295,8.722723960876465
Q3_p2qihp_PnLY_1.wav,Sad,215.33203125,0.009942896664142609,0.005343339871615171,0.058791021980070496,885.7349642405818,1602.9624690719902,0.1859506368637085,0.06532693654298782,0.09708704054355621,0.17695733904838562,0.6091721057891846,0.2531178295612335,0.12586502730846405,0.30483949184417725,0.14708347618579865,0.24334049224853516,0.08559613674879074,0.1272420436143875,-500.3072814941406,118.01216888427734,172.9349365234375,59.42594909667969,-34.240013122558594,21.99852180480957,21.530813217163086,14.47183895111084,8.090886116027832,12.66763973236084,-8.25098991394043,7.051029205322266,-9.299423217773438,6.877335071563721,-13.427380561828613,8.949453353881836,-9.091917991638184,7.525661468505859,-8.61073112487793,8.650100708007812,-2.2269110679626465,9.37403392791748,-7.584890842437744,9.411161422729492,-8.687368392944336,8.73250675201416
Q3_pbVGv_g4n50_0.wav,Sad,80.74951171875,0.003502534469589591,0.0034097800962626934,0.08532529487527114,1198.3700798357047,1848.7142368407674,0.31113168597221375,0.08000632375478745,0.12414661049842834,0.2893731892108917,0.07620869576931,0.13677071034908295,0.0791550725698471,0.31971052289009094,0.07851052284240723,0.03195026516914368,0.12249336391687393,0.07989723980426788,-665.8419189453125,96.4463882446289,87.13168334960938,45.8857307434082,-20.998111724853516,18.244747161865234,1.032354474067688,16.822893142700195,-0.6959407925605774,16.40691566467285,-5.627655506134033,11.882925033569336,-5.682450294494629,10.412894248962402,-13.200182914733887,12.16253662109375,-14.754151344299316,15.000514030456543,3.4402225017547607,12.209766387939453,21.664064407348633,16.103160858154297,22.102991104125977,20.541292190551758,10.396533012390137,18.173025131225586
Q3_PLfFWFZflQU_0.wav,Sad,117.45383522727273,0.005281407386064529,0.004293708596378565,0.06973815247252747,973.725656594711,1593.050030048077,0.23147836327552795,0.06830558180809021,0.12939688563346863,0.11597040295600891,0.4042178690433502,0.2714335024356842,0.07818538695573807,0.06006738543510437,0.12161645293235779,0.21485187113285065,0.08104947954416275,0.19829151034355164,-596.0029296875,106.94233703613281,134.98548889160156,55.80023193359375,-14.24202823638916,22.000499725341797,7.502411365509033,15.080809593200684,5.2153215408325195,13.892027854919434,-4.4998040199279785,9.855644226074219,-3.6452395915985107,11.050068855285645,-9.937530517578125,12.09231948852539,-12.28019905090332,13.399965286254883,-9.020589828491211,13.173897743225098,-1.049065113067627,13.19051742553711,1.9030379056930542,10.74659538269043,-3.0850393772125244,12.91404914855957
Q3_PLfFWFZflQU_1.wav,Sad,161.4990234375,0.009469048120081425,0.005184457637369633,0.06786791621475054,930.0094141912712,1564.4502652182755,0.2535623610019684,0.11335166543722153,0.21881914138793945,0.15769310295581818,0.40861383080482483,0.2528877556324005,0.0792899876832962,0.13477042317390442,0.23906944692134857,0.3679634928703308,0.11570939421653748,0.1670999974012375,-506.16961669921875,104.55340576171875,167.18475341796875,51.394649505615234,-34.6138916015625,22.343425750732422,13.527002334594727,13.038455963134766,1.9613549709320068,14.33105182647705,-6.028167247772217,9.756122589111328,-1.1441570520401,9.274941444396973,-6.97957706451416,10.862738609313965,-9.314891815185547,12.192584991455078,-7.956713676452637,11.341885566711426,-2.8727915287017822,10.764360427856445,-4.187644958496094,9.797698020935059,-4.162731170654297,10.014076232910156
Q3_PXOWy7NiZhk_0.wav,Sad,69.83741554054055,0.005187269300222397,0.005666879005730152,0.05802225977294007,833.1705482895159,1477.5930751843398,0.4636971056461334,0.427808940410614,0.23171466588974,0.15098533034324646,0.27443578839302063,0.3238247036933899,0.31485795974731445,0.2792239189147949,0.28025612235069275,0.2864459753036499,0.3463716208934784,0.2754080891609192,-554.1682739257812,99.57524871826172,148.02354431152344,48.503639221191406,-8.643763542175293,26.885784149169922,7.3066725730896,15.459671974182129,10.433157920837402,13.26378345489502,-8.396979331970215,10.384471893310547,-9.048016548156738,10.612251281738281,-9.926595687866211,12.853981018066406,-13.164104461669922,13.161660194396973,-6.011120319366455,10.548168182373047,-3.4436182975769043,9.30319595336914,-3.87520694732666,10.31283950805664,-5.344295501708984,8.251445770263672
Q3_PXOWy7NiZhk_1.wav,Sad,184.5703125,0.005003097001463175,0.0040719821117818356,0.0514936040521978,825.8870482718277,1472.6391977163462,0.4569089114665985,0.25727763772010803,0.15426795184612274,0.2842218577861786,0.2926815152168274,0.2366320639848709,0.2152547687292099,0.2337101399898529,0.20159421861171722,0.3179616332054138,0.30561187863349915,0.2746492326259613,-568.44970703125,97.1869125366211,160.52584838867188,54.75678253173828,-18.1842098236084,23.400056838989258,6.713435173034668,12.992374420166016,11.036735534667969,15.122340202331543,-9.507949829101562,9.750761032104492,-6.800051212310791,9.398004531860352,-7.1238250732421875,12.063790321350098,-10.692967414855957,13.058835983276367,-7.2152557373046875,11.688088417053223,-4.272243499755859,10.844253540039062,-3.9813358783721924,11.672808647155762,-4.418731689453125,11.133814811706543
Q3_QJlnTN7HRwE_0.wav,Sad,99.38401442307692,0.003756181104108691,0.0030608288943767548,0.05486358841174078,832.1781930969613,1503.7042117170554,0.45775318145751953,0.15520651638507843,0.178397074341774,0.12902534008026123,0.2879059314727783,0.10402568429708481,0.11293230950832367,0.3021124303340912,0.15515683591365814,0.2661117613315582,0.14027763903141022,0.3151940107345581,-605.591796875,95.17362213134766,151.8151092529297,50.89683532714844,-13.028249740600586,20.23441505432129,12.585562705993652,15.188790321350098,15.948616027832031,15.64730167388916,-5.27656888961792,7.869234561920166,-7.246735572814941,9.653266906738281,-7.315828800201416,10.427640914916992,-8.883620262145996,10.975619316101074,-7.395987033843994,9.096363067626953,-8.937593460083008,9.886268615722656,-8.080357551574707,8.623863220214844,-4.145470142364502,9.992591857910156
Q3_QJlnTN7HRwE_1.wav,Sad,198.76802884615384,0.006084801163524389,0.0045068212784826756,0.06890566986386139,937.9942309462413,1638.8762521271658,0.22027269005775452,0.08500681817531586,0.14588066935539246,0.1480463594198227,0.46081045269966125,0.11414439976215363,0.1151987835764885,0.29436853528022766,0.14025451242923737,0.21072378754615784,0.10774772614240646,0.2209954559803009,-572.73095703125,106.27981567382812,150.11810302734375,56.66854476928711,-21.855451583862305,16.934730529785156,18.175519943237305,14.613563537597656,11.362071990966797,17.17577362060547,-5.640536785125732,7.634428024291992,-5.62004280090332,8.118090629577637,-12.231048583984375,10.071036338806152,-12.088263511657715,9.704808235168457,-3.2958168983459473,8.37154483795166,2.9491569995880127,14.110346794128418,-1.4638433456420898,11.596242904663086,-3.9371821880340576,11.59564208984375
Q3_QJlnTN7HRwE_2.wav,Sad,99.38401442307692,0.005043764133006334,0.0038181955460458994,0.060391826710572846,837.8853922880917,1504.301346882735,0.39071494340896606,0.11278612911701202,0.10463777929544449,0.13760647177696228,0.32894083857536316,0.14298798143863678,0.17315518856048584,0.3602578639984131,0.18604429066181183,0.23604534566402435,0.13441433012485504,0.3416486084461212,-579.3428955078125,102.76700592041016,156.74008178710938,56.70318603515625,-21.82508659362793,19.203474044799805,12.703328132629395,14.122825622558594,16.43063735961914,15.202882766723633,-3.2791953086853027,7.094968318939209,-1.9146701097488403,8.561518669128418,-6.108406066894531,11.348673820495605,-8.221864700317383,9.727567672729492,-4.9185285568237305,6.6955742835998535,-3.551779270172119,10.060193061828613,-4.440212249755859,9.55569076538086,-4.0451788902282715,8.088691711425781
Q3_QJlnTN7HRwE_3.wav,Sad,103.359375,0.005014399066567421,0.0035567302256822586,0.055449314076057486,821.3084399165648,1519.824920455701,0.33282700181007385,0.13757780194282532,0.1988062709569931,0.1400674283504486,0.2960737347602844,0.16700316965579987,0.16778284311294556,0.33969148993492126,0.1752764731645584,0.30611521005630493,0.15235157310962677,0.3186860680580139,-560.5641479492188,82.663818359375,155.3527374267578,47.68253707885742,-14.708765983581543,17.458248138427734,12.318053245544434,11.606001853942871,20.95250129699707,13.653478622436523,-4.871382713317871,7.507926940917969,-5.7624382972717285,8.495553970336914,-5.794288158416748,9.219870567321777,-9.259710311889648,8.270987510681152,-7.443192005157471,7.506356239318848,-7.795371055603027,9.521824836730957,-9.109055519104004,8.744866371154785,-7.043927192687988,7.825985908508301
Q3_qlbazHayULg_13.wav,Sad,129.19921875,0.011356531642377377,0.007550141774117947,0.05616972870879121,863.1500329110369,1586.8219651442307,0.16294144093990326,0.14994046092033386,0.3462059497833252,0.19505810737609863,0.35823479294776917,0.13537892699241638,0.23138755559921265,0.3483942449092865,0.16292141377925873,0.23590509593486786,0.10941433161497116,0.2072489857673645,-480.2221984863281,105.78248596191406,172.5640411376953,51.742530822753906,-26.99530029296875,27.307750701904297,19.689682006835938,11.924707412719727,8.74195384979248,10.483593940734863,-9.463351249694824,7.2225165367126465,-9.79015064239502,8.726746559143066,-13.448270797729492,8.029419898986816,-12.333937644958496,8.153327941894531,-10.964438438415527,7.97393274307251,-5.582467555999756,9.356573104858398,-7.629025459289551,8.894824028015137,-8.944743156433105,9.319306373596191
Q3_qlbazHayULg_3.wav,Sad,99.38401442307692,0.014214462600648403,0.008355245925486088,0.06582921442620727,909.4206643504384,1622.2750700496813,0.2782396376132965,0.15834109485149384,0.3483579754829407,0.24747201800346375,0.6423154473304749,0.18543513119220734,0.09380442649126053,0.1964665651321411,0.15478196740150452,0.2034720629453659,0.10780666768550873,0.22370660305023193,-448.6466979980469,108.6563491821289,181.2608184814453,52.96520233154297,-35.616275787353516,18.57422637939453,20.89731788635254,14.013325691223145,5.828381061553955,14.881248474121094,-8.122503280639648,9.65031623840332,-5.7039618492126465,8.100724220275879,-13.430596351623535,9.178622245788574,-14.43183708190918,9.215361595153809,-6.450358867645264,6.840158462524414,-3.313833236694336,11.1996431350708,-1.9041252136230469,9.291726112365723,-4.266813278198242,8.635387420654297
Q3_qlbazHayULg_9.wav,Sad,123.046875,0.009238068014383316,0.004829942714422941,0.05113520210838048,811.9150595375407,1534.735651299505,0.13995060324668884,0.0773153156042099,0.12677177786827087,0.14469584822654724,0.3172661066055298,0.12350646406412125,0.19816353917121887,0.20968256890773773,0.1904946118593216,0.4692729115486145,0.20438070595264435,0.3999844491481781,-496.6771240234375,108.69631958007812,176.8001708984375,57.77659606933594,-30.952455520629883,18.73014259338379,22.39527130126953,13.353569030761719,10.787931442260742,11.452478408813477,-8.992107391357422,9.541483879089355,-6.4912614822387695,7.706020832061768,-8.707099914550781,8.07877254486084,-14.18615436553955,8.337512016296387,-6.241753578186035,7.052924633026123,-5.613661289215088,7.0660905838012695,-9.248987197875977,7.393916130065918,-7.0045390129089355,7.532153129577637
Q3_qRceKZtwRWA_1.wav,Sad,117.45383522727273,0.005690199322998524,0.004606226924806833,0.05498147457279962,858.3778136603496,1528.1971106368503,0.29148149490356445,0.12372517585754395,0.11634800583124161,0.08413862437009811,0.17591223120689392,0.28858718276023865,0.12324509769678116,0.2347479611635208,0.15882627665996552,0.3839704096317291,0.28454965353012085,0.13659465312957764,-566.7494506835938,101.87035369873047,148.40646362304688,50.582550048828125,-16.622020721435547,23.791015625,13.59762954711914,14.661538124084473,13.974822998046875,13.877437591552734,-7.892971992492676,9.124844551086426,-10.010052680969238,7.968048095703125,-7.690113544464111,8.192327499389648,-7.802418231964111,9.371318817138672,-6.094104290008545,10.16970157623291,-4.304880619049072,9.585872650146484,-8.198053359985352,9.407456398010254,-9.678235054016113,8.79367733001709
Q3_REq37pDAm3A_0.wav,Sad,89.10290948275862,0.005052477587014437,0.00425068661570549,0.07743297800017832,1150.9556449712793,1924.733534961216,0.2422090321779251,0.07306507974863052,0.15987414121627808,0.1450609266757965,0.0582956038415432,0.18782396614551544,0.11568143218755722,0.39034825563430786,0.14416787028312683,0.06166776642203331,0.1816464364528656,0.09305747598409653,-620.6637573242188,115.85835266113281,103.50907135009766,54.27252197265625,-23.881778717041016,20.099109649658203,9.387591361999512,19.102275848388672,-1.3335033655166626,14.850903511047363,-8.848237991333008,11.919771194458008,-10.277190208435059,12.827683448791504,-16.122568130493164,12.075531005859375,-16.402299880981445,13.20335578918457,-1.3474760055541992,16.700157165527344,9.591422080993652,16.400136947631836,8.497309684753418,15.099172592163086,5.4841766357421875,13.500873565673828
Q3_REq37pDAm3A_1.wav,Sad,89.10290948275862,0.009190239012241364,0.005709451157599688,0.06451113861386139,901.7214157490563,1595.7032458616955,0.2024964541196823,0.09153104573488235,0.23026438057422638,0.24417445063591003,0.11757723242044449,0.279142290353775,0.11467314511537552,0.23945796489715576,0.2554560601711273,0.13599325716495514,0.23575547337532043,0.10497090965509415,-522.1782836914062,109.37691497802734,154.5561981201172,58.002254486083984,-29.656965255737305,17.521739959716797,20.062482833862305,11.202691078186035,8.69533634185791,15.878714561462402,-6.2822265625,8.485770225524902,-6.655524253845215,8.752307891845703,-12.578463554382324,10.474713325500488,-10.082091331481934,11.110787391662598,-6.553666591644287,11.684425354003906,-2.522507667541504,11.01565170288086,-4.784491062164307,12.877094268798828,-8.126376152038574,12.436656951904297
Q3_REq37pDAm3A_3.wav,Sad,89.10290948275862,0.0074656810611486435,0.003993836697191,0.0680726304945055,922.4641636952807,1618.0948016826924,0.17150379717350006,0.06017189845442772,0.14331315457820892,0.23525014519691467,0.09555716812610626,0.16418835520744324,0.1252405196428299,0.43391358852386475,0.41349169611930847,0.15730994939804077,0.2234075516462326,0.09667877852916718,-540.4807739257812,101.04817962646484,156.72918701171875,52.052276611328125,-31.370323181152344,17.293033599853516,17.049659729003906,13.479965209960938,13.557642936706543,14.877815246582031,-5.029726505279541,11.336077690124512,-9.731139183044434,11.124785423278809,-12.567888259887695,11.681426048278809,-6.692939758300781,12.244078636169434,-2.3112385272979736,16.15882110595703,-2.4275808334350586,11.279890060424805,-11.637436866760254,12.469321250915527,-12.617161750793457,11.509040832519531
Q3_REq37pDAm3A_4.wav,Sad,89.10290948275862,0.008405464701354504,0.00631453562527895,0.07065157763317191,1109.931271460973,2023.2764499470338,0.18367533385753632,0.06474403291940689,0.1594598889350891,0.24826712906360626,0.09042810648679733,0.2133297622203827,0.07840993255376816,0.18664388358592987,0.20578697323799133,0.12795524299144745,0.3447163999080658,0.10460808128118515,-554.3703002929688,119.57701110839844,121.41748046875,54.18396759033203,-26.537220001220703,22.482986450195312,18.766643524169922,15.46159553527832,4.732436180114746,16.374876022338867,-9.356931686401367,10.285037994384766,-11.286972045898438,9.81539535522461,-16.4762020111084,9.840597152709961,-18.050458908081055,13.879819869995117,-9.584781646728516,13.056145668029785,-0.20682163536548615,15.074666976928711,0.26559093594551086,18.28435516357422,-0.8014727830886841,17.764558792114258
Q3_rEz0D3VohFA_0.wav,Sad,99.38401442307692,0.007365926634520292,0.005190201103687286,0.04077010309847949,653.49682829433,1243.0018661045792,0.3342715799808502,0.29730939865112305,0.4056788384914398,0.3194562792778015,0.42350733280181885,0.3164992034435272,0.29973480105400085,0.4166306257247925,0.37418055534362793,0.3921414315700531,0.230356827378273,0.32749122381210327,-509.1630859375,98.68341064453125,189.83670043945312,60.926204681396484,-8.548348426818848,24.235292434692383,4.9448323249816895,11.721155166625977,16.727426528930664,9.759502410888672,-3.339021921157837,7.458763122558594,0.3317340910434723,6.365297794342041,-2.911072015762329,5.215561866760254,-9.184932708740234,6.181719779968262,-4.908172607421875,6.183948040008545,-2.4882121086120605,4.68203592300415,-5.786114692687988,5.758241653442383,-5.382473468780518,5.272735595703125
Q3_RiQMuhk_SuQ_0.wav,Sad,66.25600961538461,0.0054930164478719234,0.004457016475498676,0.04624809000394322,700.8454150988846,1255.475989501183,0.23374296724796295,0.2538028955459595,0.5482175946235657,0.2872998118400574,0.20472165942192078,0.17150560021400452,0.13410231471061707,0.23802676796913147,0.12235350906848907,0.14318175613880157,0.1032767966389656,0.12948481738567352,-579.4146118164062,92.09257507324219,160.56195068359375,51.567352294921875,-9.011277198791504,29.355464935302734,8.145983695983887,12.936873435974121,18.830352783203125,13.167677879333496,-5.389265537261963,6.983845233917236,-7.068389415740967,8.393505096435547,-4.70858907699585,8.774541854858398,-4.869969844818115,7.914735794067383,-7.935787200927734,8.73132610321045,-10.412193298339844,7.882950782775879,-10.167658805847168,8.233229637145996,-10.125725746154785,7.962431907653809
Q3_RL_cmmNVLfs_0.wav,Sad,129.19921875,0.005554980132728815,0.003964241128414869,0.062088989588029754,962.0426292552472,1647.5036235840284,0.2772012948989868,0.10577332228422165,0.0701078325510025,0.1781034767627716,0.06988793611526489,0.122177854180336,0.09935534000396729,0.36647528409957886,0.392866849899292,0.09717731922864914,0.1389763057231903,0.09036770462989807,-597.0963134765625,97.48725128173828,131.1336669921875,50.14617919921875,-18.189599990844727,20.805484771728516,13.661516189575195,13.68343734741211,7.298364639282227,17.512855529785156,-11.355188369750977,10.942201614379883,-10.69790267944336,10.943360328674316,-9.29446792602539,11.237588882446289,-7.818295955657959,14.665255546569824,-5.538102626800537,15.820723533630371,-6.464319229125977,12.550032615661621,-7.162613868713379,11.508740425109863,-5.308208465576172,13.725419998168945
Q3_rrD7XMtPs0Q_0.wav,Sad,103.359375,0.008466233499348164,0.004865710623562336,0.04864594631236443,784.7669772395496,1461.7705173451056,0.07664689421653748,0.2093566209077835,0.3641988933086395,0.21033813059329987,0.3483889400959015,0.15147237479686737,0.3128857910633087,0.17668455839157104,0.15548387169837952,0.334968626499176,0.12947717308998108,0.1729125678539276,-521.9596557617188,99.57109069824219,164.87559509277344,52.79420852661133,-20.915273666381836,23.866159439086914,18.185970306396484,12.92939281463623,17.83636474609375,13.453442573547363,-7.2479376792907715,7.588368892669678,-9.499266624450684,8.048909187316895,-9.510282516479492,7.7988996505737305,-8.104867935180664,8.11580753326416,-10.390547752380371,8.759440422058105,-6.705211639404297,8.005939483642578,-8.707741737365723,7.644314289093018,-11.181489944458008,7.687161922454834
Q3_S1T3UF1vhSk_0.wav,Sad,86.1328125,0.003447504248470068,0.0020294510759413242,0.07452030391483516,1090.4589678472457,2084.5655048076924,0.11898716539144516,0.1343594342470169,0.104091115295887,0.33481791615486145,0.10344119369983673,0.041732821613550186,0.07712411135435104,0.1402040272951126,0.40865784883499146,0.1714647114276886,0.36290791630744934,0.40259283781051636,-594.416259765625,106.11333465576172,154.4418182373047,57.879798889160156,-24.764745712280273,17.916364669799805,15.91344928741455,11.47305679321289,4.149415016174316,10.95571517944336,-13.404932975769043,7.274187088012695,-9.55550479888916,6.799497604370117,-16.160146713256836,8.494185447692871,-19.02125358581543,9.879255294799805,-4.668083190917969,6.6142120361328125,-5.86931848526001,8.767217636108398,-3.147632598876953,9.16303825378418,3.250272035598755,7.953939437866211
Q3_tfuul78deOs_0.wav,Sad,161.4990234375,0.005754373501986265,0.00462504243478179,0.08922111092032967,1148.3524049255545,1727.5024038461538,0.19709959626197815,0.09175503998994827,0.2536568343639374,0.08579559624195099,0.20082032680511475,0.05222267657518387,0.1523485779762268,0.3375227153301239,0.09748328477144241,0.20652398467063904,0.09345109760761261,0.19495391845703125,-600.7723388671875,96.41785430908203,108.09513854980469,45.12382125854492,-23.32820701599121,19.607826232910156,1.9274660348892212,19.018518447875977,1.4598698616027832,17.312530517578125,-4.505410194396973,13.041468620300293,-6.572219371795654,11.521722793579102,-13.862518310546875,15.67308235168457,-12.464696884155273,15.507312774658203,1.2678693532943726,18.410886764526367,5.790372371673584,17.980098724365234,-0.46820560097694397,15.126699447631836,-1.5669524669647217,16.577320098876953
Q3_tfuul78deOs_1.wav,Sad,161.4990234375,0.008118249475955963,0.005658662877976894,0.06039832522708785,908.160673221376,1622.107635299451,0.15993379056453705,0.11151958256959915,0.3341995179653168,0.14661681652069092,0.21430660784244537,0.09021396934986115,0.18482448160648346,0.26756414771080017,0.12797333300113678,0.2545580565929413,0.10981139540672302,0.26682615280151367,-532.716552734375,102.41819763183594,143.5034942626953,49.2753791809082,-20.934690475463867,19.253047943115234,19.023448944091797,13.919960975646973,9.447366714477539,15.643988609313965,-10.708158493041992,9.167012214660645,-11.418070793151855,9.486427307128906,-11.492765426635742,10.538146018981934,-13.679163932800293,12.739511489868164,-6.599220275878906,14.271199226379395,-3.1453981399536133,13.707809448242188,-7.118326663970947,11.23171615600586,-8.663761138916016,13.293953895568848
Q3_tLmXAWfbGqs_0.wav,Sad,103.359375,0.00426845345646143,0.0037377208936959505,0.04563774861080546,761.4326816232289,1387.9248820560078,0.10818623751401901,0.23122943937778473,0.3838120996952057,0.27282917499542236,0.1359053999185562,0.08655723929405212,0.11545006930828094,0.2758193016052246,0.5127325057983398,0.18112502992153168,0.0820731520652771,0.12777547538280487,-581.38525390625,95.34617614746094,157.10011291503906,58.52231979370117,-1.9445478916168213,23.747894287109375,7.386081695556641,10.499635696411133,15.572357177734375,11.199653625488281,-6.174583911895752,8.844419479370117,-9.867570877075195,6.8940749168396,-10.205187797546387,6.033703327178955,-14.794429779052734,8.15532112121582,-10.48016357421875,8.63257122039795,-1.4247043132781982,6.014559745788574,-1.3351022005081177,7.193071365356445,-3.263145923614502,8.217820167541504
Q3_TonQX8XbvX8_0.wav,Sad,107.666015625,0.0038703789468854666,0.0033587776124477386,0.044709809310532034,712.0396314002791,1225.9430031046418,0.24695716798305511,0.15497919917106628,0.33755990862846375,0.26107895374298096,0.6023660898208618,0.20090752840042114,0.08803320676088333,0.1642581671476364,0.10503973066806793,0.09687218815088272,0.07410905510187149,0.1882934868335724,-623.9274291992188,96.3105239868164,156.76760864257812,54.641395568847656,-0.6270692348480225,30.079345703125,7.170703411102295,12.640732765197754,14.658668518066406,13.51971435546875,-6.723689079284668,7.1227126121521,-13.60648250579834,9.189970970153809,-13.856087684631348,9.154627799987793,-8.61583137512207,6.552041053771973,-7.13722562789917,7.408816337585449,-7.584216594696045,6.736695766448975,-9.661993980407715,8.069899559020996,-12.436003684997559,10.096761703491211
Q3_TonQX8XbvX8_1.wav,Sad,103.359375,0.005004649981856346,0.003762987209483981,0.05091708963191432,763.9009646070614,1440.3424111984816,0.3344012200832367,0.14358675479888916,0.2515922784805298,0.240652933716774,0.5493592619895935,0.20692068338394165,0.18703700602054596,0.37346524000167847,0.3022424578666687,0.3081766963005066,0.15557676553726196,0.32962536811828613,-562.8074340820312,96.20038604736328,173.64151000976562,54.20621871948242,-21.74229621887207,19.43372917175293,11.030583381652832,15.088967323303223,19.42021369934082,12.266749382019043,-8.61208438873291,7.4538116455078125,-10.800932884216309,9.451642036437988,-11.107709884643555,10.079569816589355,-11.703421592712402,8.819958686828613,-9.193154335021973,7.309779167175293,-8.61356258392334,8.250856399536133,-11.846444129943848,7.962564468383789,-9.472477912902832,7.891038417816162
Q3_TonQX8XbvX8_2.wav,Sad,51.6796875,0.006581414025276899,0.004915923345834017,0.046972709208920826,735.1269511225595,1399.7808162664385,0.39168834686279297,0.19697096943855286,0.29104283452033997,0.22227346897125244,0.501031756401062,0.20208151638507843,0.155659481883049,0.4022620618343353,0.2588419020175934,0.288287878036499,0.14435860514640808,0.2526176869869232,-533.6819458007812,98.98194122314453,177.24118041992188,55.29037094116211,-18.92096710205078,23.01059913635254,12.095491409301758,13.564183235168457,20.42832374572754,12.298528671264648,-7.221415042877197,7.92386531829834,-8.4603853225708,7.188223838806152,-8.038344383239746,7.5190348625183105,-9.458954811096191,7.334399223327637,-8.531898498535156,7.781364917755127,-8.662287712097168,7.97042179107666,-11.548130989074707,7.321844577789307,-9.040461540222168,7.253258228302002
Q3_TonQX8XbvX8_3.wav,Sad,99.38401442307692,0.004444080404937267,0.00438458938151598,0.04757289580949657,699.902152544745,1248.797666082666,0.27339860796928406,0.13467220962047577,0.302897185087204,0.16587606072425842,0.3292829692363739,0.18972820043563843,0.13157564401626587,0.22010891139507294,0.13468831777572632,0.2763842046260834,0.1232866570353508,0.33008772134780884,-605.05078125,135.55850219726562,149.07846069335938,75.56055450439453,-12.431601524353027,32.228736877441406,13.267170906066895,14.968759536743164,10.400861740112305,13.460487365722656,-7.437866687774658,7.596161365509033,-6.644354343414307,7.958194255828857,-8.480949401855469,9.271147727966309,-11.816469192504883,9.345528602600098,-6.8663330078125,8.404906272888184,-2.485504150390625,8.483295440673828,-4.853209972381592,9.130732536315918,-7.133981227874756,7.201115131378174
Q3_tw_lArYiHTo_0.wav,Sad,112.34714673913044,0.007911709137260914,0.0033318852074444294,0.05602742960164835,926.8703250987924,1747.6205679086538,0.2887308895587921,0.18340115249156952,0.06402760744094849,0.0911349207162857,0.11321447044610977,0.3288377523422241,0.3045995831489563,0.1504572331905365,0.2372216284275055,0.16488619148731232,0.36317360401153564,0.13028272986412048,-510.91583251953125,83.0159683227539,159.55181884765625,42.70161437988281,-28.198753356933594,13.518561363220215,27.584657669067383,10.910089492797852,11.183237075805664,12.958388328552246,-12.328880310058594,8.995247840881348,-9.731742858886719,8.678513526916504,-13.998438835144043,8.821648597717285,-15.951593399047852,9.445123672485352,-9.241687774658203,8.984358787536621,-6.978344440460205,8.701240539550781,-2.5423502922058105,10.608185768127441,-3.953004837036133,9.886035919189453
Q3_TYkTOwBfFB8_0.wav,Sad,117.45383522727273,0.00448704045265913,0.0039128889329731464,0.06619965277777778,1055.8860659642903,2041.1466796875,0.2043417990207672,0.1381746083498001,0.13139519095420837,0.03800716996192932,0.013421379029750824,0.05223742127418518,0.2631533741950989,0.17892740666866302,0.07217447459697723,0.13946208357810974,0.18582561612129211,0.7230179309844971,-602.6182250976562,115.8973617553711,131.21144104003906,52.91421890258789,-20.986989974975586,21.064281463623047,17.39957046508789,15.958700180053711,8.007808685302734,11.572891235351562,-9.253608703613281,8.721928596496582,-12.411211967468262,8.335835456848145,-11.634267807006836,6.8296074867248535,-13.984847068786621,8.066561698913574,-11.071999549865723,9.62650203704834,-7.962573051452637,8.634159088134766,-5.0487589836120605,12.469758033752441,1.3360711336135864,12.240511894226074
Q3_TYkTOwBfFB8_1.wav,Sad,129.19921875,0.008129766210913658,0.005212442018091679,0.07040357395772806,937.1705555053967,1675.235657412115,0.11252289265394211,0.3753325641155243,0.4094961881637573,0.18823960423469543,0.30609944462776184,0.12619438767433167,0.20114950835704803,0.1447245180606842,0.16651000082492828,0.2816725969314575,0.11274804174900055,0.20357856154441833,-526.9268188476562,127.96141052246094,160.20248413085938,65.14263153076172,-24.83358383178711,27.737825393676758,16.463842391967773,10.81761360168457,1.723995566368103,10.723081588745117,-11.91808032989502,7.634854793548584,-6.381889820098877,8.895304679870605,-13.666714668273926,8.598997116088867,-10.87993335723877,8.832042694091797,-5.095180988311768,8.26508617401123,-4.265388488769531,8.657378196716309,-0.8636458516120911,9.858551979064941,-5.84769868850708,7.54224967956543
Q3_UE0y8MHqT-g_0.wav,Sad,184.5703125,0.007501494139432907,0.006101024337112904,0.06239998282967033,932.4443274451211,1617.3423227163462,0.36793604493141174,0.145892933011055,0.3450823128223419,0.28746849298477173,0.07178957760334015,0.08521027117967606,0.08088455349206924,0.24561117589473724,0.21637719869613647,0.059408966451883316,0.07700896263122559,0.2695688307285309,-546.303955078125,111.6735610961914,143.48297119140625,52.00484085083008,-18.44952964782715,22.352163314819336,14.913811683654785,15.684096336364746,4.573209762573242,13.187302589416504,-9.28658676147461,8.716251373291016,-8.933760643005371,7.364865303039551,-13.741048812866211,8.641921997070312,-17.726726531982422,9.403037071228027,-10.373967170715332,10.252224922180176,-2.500807523727417,11.445280075073242,2.131011724472046,13.552882194519043,0.43843191862106323,11.103163719177246
Q3_uj3Gif77SYM_0.wav,Sad,123.046875,0.003687608055770397,0.004598343279212713,0.09690264455667028,1261.6537904596378,1882.1701082904012,0.021723676472902298,0.07960084080696106,0.18236835300922394,0.21853724122047424,0.11812229454517365,0.4576012194156647,0.22560666501522064,0.052870891988277435,0.028983134776353836,0.11672526597976685,0.3786548376083374,0.07177607715129852,-665.9064331054688,117.45265197753906,84.20329284667969,64.31333923339844,-17.574100494384766,21.276309967041016,-1.7039328813552856,14.490667343139648,4.606502056121826,14.148871421813965,0.5935405492782593,11.869851112365723,-2.7849903106689453,11.877225875854492,-10.608146667480469,10.988188743591309,-12.43748950958252,11.445638656616211,3.3956546783447266,13.945596694946289,19.101133346557617,17.6146183013916,12.00834846496582,14.78516674041748,-4.611538410186768,12.877424240112305
Q3_uj3Gif77SYM_1.wav,Sad,112.34714673913044,0.004905989393591881,0.00381744303740561,0.05150365314524838,833.8150603909573,1561.5292905473812,0.059526897966861725,0.14049333333969116,0.281316339969635,0.5776907205581665,0.26159122586250305,0.33609747886657715,0.228468656539917,0.16601727902889252,0.08310982584953308,0.1291019469499588,0.22407913208007812,0.0734262466430664,-577.0471801757812,92.413818359375,153.42669677734375,51.57645034790039,-18.613256454467773,20.31639862060547,5.213260650634766,15.550058364868164,10.666484832763672,10.833921432495117,-6.457866668701172,9.147232055664062,-12.913691520690918,13.377862930297852,-12.059713363647461,11.147006034851074,-5.1109442710876465,9.684386253356934,-11.657461166381836,9.47770881652832,-9.164644241333008,8.605602264404297,-7.750085830688477,7.397193431854248,-12.599546432495117,9.84718132019043
Q3_uj3Gif77SYM_2.wav,Sad,117.45383522727273,0.007679747883230448,0.004929869901388884,0.05140558698727016,803.6927723801234,1470.0522847694926,0.07982716709375381,0.21066814661026,0.4231113791465759,0.6210235953330994,0.22823157906532288,0.23877611756324768,0.19343408942222595,0.08747225254774094,0.04650764539837837,0.16688638925552368,0.21555118262767792,0.06452103704214096,-537.4354858398438,102.46977996826172,166.76287841796875,59.42264175415039,-24.719642639160156,15.643365859985352,8.635939598083496,13.74048137664795,11.448413848876953,12.200800895690918,-7.390364170074463,7.198434829711914,-5.80472469329834,8.096598625183105,-4.227850914001465,8.769769668579102,-4.070920944213867,7.722599029541016,-8.514604568481445,9.10633373260498,-1.955970048904419,7.725465774536133,-1.8369513750076294,9.096357345581055,-9.546931266784668,10.256065368652344
Q3_uj3Gif77SYM_3.wav,Sad,135.99917763157896,0.011516664177179337,0.005712512414902449,0.05628076913299892,923.1865926465412,1687.0108581675365,0.04463791847229004,0.14581236243247986,0.2206406593322754,0.368470698595047,0.12394055724143982,0.23129631578922272,0.18666206300258636,0.0782255008816719,0.18860459327697754,0.13348619639873505,0.4393916130065918,0.10726415365934372,-504.3978576660156,96.38838958740234,148.076904296875,48.54465103149414,-31.41385269165039,17.241901397705078,21.916915893554688,12.30972957611084,2.0338220596313477,12.64307689666748,-20.367984771728516,11.081388473510742,-18.845373153686523,9.271016120910645,-19.826637268066406,9.68967056274414,-19.368186950683594,14.229386329650879,-15.41522216796875,11.395525932312012,-2.5032236576080322,15.31875228881836,-0.9423308968544006,11.373122215270996,-5.916070938110352,12.124449729919434
Q3_uj3Gif77SYM_4.wav,Sad,143.5546875,0.014006400480866432,0.006661396473646164,0.06446398157876898,965.2122549495388,1674.8838346071718,0.04579940438270569,0.12811478972434998,0.3336186408996582,0.439675509929657,0.14141462743282318,0.3176993131637573,0.24534235894680023,0.0597086064517498,0.01629823073744774,0.1117459312081337,0.5187672972679138,0.12089911103248596,-473.093017578125,105.69356536865234,159.18077087402344,48.19736862182617,-39.768558502197266,19.85556983947754,20.743120193481445,11.61648941040039,-3.5774388313293457,13.092432975769043,-15.934443473815918,10.435257911682129,-17.7225284576416,8.491323471069336,-23.9352970123291,8.949108123779297,-25.2137393951416,11.646088600158691,-13.908893585205078,11.507600784301758,3.2114062309265137,11.268516540527344,-0.2277679741382599,10.087974548339844,-9.375863075256348,9.598221778869629
Q3_uj3Gif77SYM_5.wav,Sad,151.99908088235293,0.014020577073097229,0.005782540421932936,0.06276485977280764,1069.0619990702892,1966.6941425587872,0.11006393283605576,0.33940035104751587,0.19508607685565948,0.3158702254295349,0.1364179253578186,0.10995414108037949,0.11756184697151184,0.04615723714232445,0.08463853597640991,0.14049704372882843,0.6262423396110535,0.16951791942119598,-467.2546081542969,113.6009521484375,151.71926879882812,47.80532455444336,-43.52204513549805,18.639856338500977,23.479717254638672,12.028712272644043,-5.977577209472656,11.916797637939453,-16.073904037475586,9.64530086517334,-20.13875961303711,9.159906387329102,-20.187705993652344,9.436470031738281,-20.817148208618164,11.028538703918457,-9.712590217590332,10.402324676513672,-9.343395233154297,13.907721519470215,0.056533750146627426,11.357949256896973,-0.30674007534980774,11.623398780822754
Q3_uj3Gif77SYM_6.wav,Sad,161.4990234375,0.009878233075141907,0.00555018475279212,0.06056885295214208,875.6242094619076,1551.4357560627373,0.10758862644433975,0.18250010907649994,0.19345824420452118,0.18992863595485687,0.28400784730911255,0.33628028631210327,0.19630107283592224,0.11091753095388412,0.2478685975074768,0.17461572587490082,0.3501408100128174,0.1594759225845337,-509.60797119140625,113.2276840209961,165.27337646484375,55.92205047607422,-31.5109920501709,26.178123474121094,14.529784202575684,10.775794982910156,7.912598609924316,11.9754638671875,-6.5839996337890625,7.848207473754883,-3.664816379547119,6.330156326293945,-6.575375556945801,8.984762191772461,-2.858802556991577,8.714399337768555,-6.075021266937256,8.202991485595703,-5.26451301574707,10.101731300354004,-5.995517730712891,10.442911148071289,-7.723369121551514,9.368890762329102
Q3_uj3Gif77SYM_7.wav,Sad,161.4990234375,0.01298071350902319,0.006904911249876022,0.04558121356426247,756.2336615404981,1423.2641522124118,0.20953550934791565,0.20395618677139282,0.3529483675956726,0.39348962903022766,0.20219089090824127,0.33967629075050354,0.17950086295604706,0.12600868940353394,0.2410735934972763,0.32860225439071655,0.6279101967811584,0.2719325125217438,-488.1956787109375,139.0416259765625,183.46617126464844,77.86701202392578,-33.57538986206055,18.316627502441406,22.109878540039062,14.999542236328125,10.527159690856934,11.389278411865234,-4.087857723236084,6.278363227844238,0.20802098512649536,7.983772277832031,-6.163086891174316,7.02797269821167,0.6997591853141785,9.322269439697266,-0.8348553776741028,7.801929950714111,-0.9196565747261047,5.497924327850342,-5.033021926879883,6.996763229370117,-11.904191017150879,12.456534385681152
Q3_uj3Gif77SYM_8.wav,Sad,161.4990234375,0.013924665749073029,0.007141388952732086,0.05625321943681319,951.3114875324558,1753.3517127403845,0.18395207822322845,0.47418710589408875,0.22419963777065277,0.23598091304302216,0.14871788024902344,0.1839272528886795,0.0910196527838707,0.13735049962997437,0.3420739471912384,0.22407706081867218,0.4967111349105835,0.16974607110023499,-468.2002258300781,122.73983001708984,162.94395446777344,63.3826904296875,-34.85490036010742,22.893198013305664,20.977785110473633,11.001763343811035,1.8741090297698975,15.116942405700684,-11.097872734069824,9.244580268859863,-10.708298683166504,11.898594856262207,-12.916141510009766,10.034109115600586,-10.95515251159668,12.913212776184082,-5.396844387054443,8.996346473693848,-8.509760856628418,9.001747131347656,-3.602116584777832,9.85237979888916,-4.700960159301758,12.245122909545898
Q3_UJcnNfeCN1c_0.wav,Sad,143.5546875,0.008883531205356121,0.005947700701653957,0.06620147575583452,978.797568057913,1671.625299737005,0.15434370934963226,0.06352604925632477,0.20372192561626434,0.1560690551996231,0.0772494524717331,0.19324398040771484,0.08429156243801117,0.21028776466846466,0.20576706528663635,0.12906593084335327,0.3642583191394806,0.14850078523159027,-555.86767578125,126.43721771240234,135.18838500976562,58.662445068359375,-26.756900787353516,24.187862396240234,16.285364151000977,17.113492965698242,0.8392319083213806,15.109251976013184,-8.351919174194336,10.663722038269043,-7.41532564163208,11.681843757629395,-9.154088973999023,12.341351509094238,-12.668434143066406,12.888386726379395,-13.293203353881836,13.031271934509277,-7.044459819793701,12.097743034362793,-4.838301658630371,17.59722328186035,-2.3031718730926514,17.188188552856445
Q3_UuLTvhERcnk_0.wav,Sad,123.046875,0.004398127552121878,0.0036804070696234703,0.06385151957417583,1038.0334521258897,1692.2305438701924,0.09768256545066833,0.057852279394865036,0.12518900632858276,0.08862810581922531,0.26837843656539917,0.1350919008255005,0.0562419593334198,0.13754166662693024,0.12075512111186981,0.4405559301376343,0.33734753727912903,0.07373437285423279,-639.7552490234375,115.32795715332031,98.3463134765625,64.11692810058594,-17.188058853149414,19.122556686401367,7.979965686798096,18.024492263793945,4.6957783699035645,15.70376205444336,-12.080916404724121,9.81972599029541,-9.663294792175293,11.207396507263184,-7.78035306930542,11.877117156982422,-10.11379623413086,14.636604309082031,-10.71996021270752,13.995746612548828,-4.288661479949951,15.834503173828125,-3.1587953567504883,20.09502410888672,-1.1704318523406982,19.466384887695312
Q3_UuLTvhERcnk_1.wav,Sad,117.45383522727273,0.006397532764822245,0.00404135137796402,0.0571140210017321,905.4832759954925,1657.5493919601618,0.05565973371267319,0.09053820371627808,0.14577804505825043,0.10447822511196136,0.2699369490146637,0.26586470007896423,0.09457604587078094,0.11821760982275009,0.1811690628528595,0.646565318107605,0.2954622209072113,0.04668446257710457,-559.2898559570312,97.0806655883789,146.14010620117188,46.33100891113281,-23.42673110961914,24.909154891967773,18.7441463470459,11.235092163085938,11.409521102905273,12.545218467712402,-11.30595874786377,11.100778579711914,-12.187588691711426,8.6391019821167,-11.970507621765137,8.622161865234375,-11.76972484588623,10.538044929504395,-14.035222053527832,11.33444595336914,-7.984001636505127,9.817233085632324,-8.989556312561035,9.844517707824707,-9.856729507446289,10.769206047058105
Q3_v2an-9szi8M_0.wav,Sad,123.046875,0.005494860466569662,0.005691959988325834,0.051108536130694146,866.447116063061,1674.778737628796,0.18757706880569458,0.12591469287872314,0.20377258956432343,0.1038222461938858,0.23021362721920013,0.5010784864425659,0.20179612934589386,0.2289961278438568,0.1604853868484497,0.39268824458122253,0.1146072968840599,0.06198384240269661,-568.6490478515625,104.80210876464844,135.23114013671875,53.205196380615234,-8.900686264038086,22.20266342163086,16.30392837524414,15.253252983093262,18.265867233276367,11.844207763671875,-2.836254119873047,8.344947814941406,-9.28477954864502,7.217864990234375,-6.123391151428223,6.6891255378723145,-7.153233528137207,8.217872619628906,-10.472753524780273,8.278909683227539,-4.375513553619385,6.435693264007568,-5.7757158279418945,6.223083019256592,-11.253730773925781,7.454797267913818
Q3_veG92Oi-DlU_0.wav,Sad,151.99908088235293,0.007550498936325312,0.004363997373729944,0.049372885197246856,777.9112493046232,1487.0483127771618,0.2284664511680603,0.35133811831474304,0.13985635340213776,0.14383934438228607,0.15174831449985504,0.38205277919769287,0.24299992620944977,0.25201454758644104,0.5231450200080872,0.27322739362716675,0.381091833114624,0.15653502941131592,-514.9583129882812,89.3176498413086,190.97213745117188,45.527618408203125,-30.36954689025879,22.36539077758789,14.700676918029785,14.402868270874023,18.594501495361328,12.24653434753418,-5.476881504058838,7.390307903289795,-7.152836799621582,7.960430145263672,-9.031839370727539,7.502313137054443,-2.419874668121338,5.863788604736328,-6.009366512298584,7.799699783325195,-7.492783069610596,8.400768280029297,-7.962190628051758,7.831141471862793,-9.313248634338379,7.433760166168213
Q3_veG92Oi-DlU_1.wav,Sad,151.99908088235293,0.009355801157653332,0.005200277082622051,0.06546834751220174,952.363650218051,1681.9194934373306,0.20277298986911774,0.3731875717639923,0.15194553136825562,0.29075247049331665,0.12212879955768585,0.21513459086418152,0.11739116162061691,0.11997510492801666,0.2548491358757019,0.14944037795066833,0.2906996011734009,0.09880499541759491,-503.8695983886719,108.76396942138672,155.91976928710938,54.49863815307617,-25.17991828918457,16.616188049316406,18.723834991455078,13.082048416137695,4.623921871185303,14.078542709350586,-7.374835968017578,6.7954421043396,-4.138342380523682,7.738285064697266,-10.250667572021484,8.835708618164062,-9.752690315246582,11.045520782470703,-0.3982120156288147,8.689521789550781,1.03233802318573,12.420382499694824,7.397519111633301,13.882819175720215,1.0125871896743774,8.768380165100098
Q3_veG92Oi-DlU_2.wav,Sad,103.359375,0.007518257945775986,0.006498601753264666,0.0871901771469201,1172.75322708786,1910.0500854085738,0.2096809297800064,0.38363373279571533,0.11362052708864212,0.2668662965297699,0.08748073875904083,0.25149399042129517,0.11358992010354996,0.08489810675382614,0.2896956205368042,0.1212405115365982,0.31460094451904297,0.086141437292099,-579.8193969726562,109.55137634277344,113.29609680175781,43.96979522705078,-30.320762634277344,21.126331329345703,6.787938594818115,18.64327049255371,-4.229931354522705,16.5184326171875,-9.108487129211426,13.872110366821289,-5.515741348266602,10.924727439880371,-11.439371109008789,14.39317512512207,-19.027673721313477,16.80797576904297,-10.010951042175293,14.482157707214355,3.8029446601867676,17.914899826049805,16.869888305664062,18.637653350830078,13.847599029541016,18.85853385925293
Q3_VrWAZLRdQO8_0.wav,Sad,69.83741554054055,0.0050847954116761684,0.004971527494490147,0.04939775068681319,784.9043944299837,1425.1478365384614,0.3082345128059387,0.26670414209365845,0.16406652331352234,0.17986148595809937,0.35327425599098206,0.22976890206336975,0.42496708035469055,0.25108957290649414,0.16855382919311523,0.11603840440511703,0.2073788344860077,0.48938021063804626,-552.4421997070312,83.61978149414062,151.24095153808594,47.03650665283203,-6.878943920135498,20.730072021484375,5.462853908538818,12.794692993164062,14.780374526977539,11.783332824707031,-3.4969489574432373,9.10663890838623,-3.752746343612671,8.437159538269043,-4.271305084228516,8.162826538085938,-7.280697345733643,7.451949596405029,-4.373668193817139,8.720449447631836,-3.394777536392212,10.481338500976562,-6.5710039138793945,9.624762535095215,-9.030266761779785,9.257089614868164
Q3_VrWAZLRdQO8_1.wav,Sad,67.99958881578948,0.003798394463956356,0.0049192095175385475,0.05070137097997573,815.3333645530694,1374.8323014638956,0.2239154577255249,0.1156839057803154,0.0796259269118309,0.22095564007759094,0.5316557884216309,0.2176714986562729,0.2677977979183197,0.3547995686531067,0.21679921448230743,0.1149638369679451,0.21815107762813568,0.48180872201919556,-597.0505981445312,102.43942260742188,135.33868408203125,57.50517272949219,0.38378527760505676,28.689193725585938,3.316448926925659,11.998268127441406,10.645866394042969,11.989381790161133,-1.4339426755905151,9.34915828704834,-2.8633530139923096,9.549654960632324,-5.2549729347229,9.631510734558105,-8.240355491638184,7.093013286590576,-4.954362392425537,8.296379089355469,-6.929982662200928,8.541402816772461,-12.541069984436035,7.33646821975708,-11.240617752075195,7.744703769683838
Q3_vVTP0DOL_2Q_0.wav,Sad,129.19921875,0.004948679823428392,0.004063042812049389,0.1130783090153548,1374.171867905084,2417.657394272697,0.11716968566179276,0.17125631868839264,0.07330524176359177,0.2822057008743286,0.19320857524871826,0.07369310408830643,0.2639017701148987,0.10593507438898087,0.26521024107933044,0.1524277925491333,0.048420485109090805,0.09835497289896011,-587.072021484375,112.70840454101562,112.91471099853516,56.10454177856445,-24.638416290283203,22.731245040893555,2.6827290058135986,12.788487434387207,4.903836250305176,15.767546653747559,-1.3450660705566406,12.42575454711914,-6.965078353881836,10.68909740447998,-19.517845153808594,14.323128700256348,-19.329030990600586,14.117403984069824,-2.9355361461639404,13.23809814453125,2.435786008834839,10.933012008666992,-0.9845695495605469,14.188272476196289,-0.10663536936044693,11.513572692871094
Q3_vVTP0DOL_2Q_1.wav,Sad,123.046875,0.005586316809058189,0.00529398862272501,0.12350159238643156,1508.3608695808912,2444.5848792167885,0.2546837329864502,0.19975529611110687,0.05858056992292404,0.19793397188186646,0.18848817050457,0.0645640417933464,0.216467022895813,0.08561748266220093,0.22726905345916748,0.1773620843887329,0.049948081374168396,0.11892735213041306,-577.7369995117188,123.4200668334961,99.2940444946289,50.21891784667969,-31.359834671020508,29.122812271118164,3.0353844165802,17.237380981445312,6.955169200897217,16.276058197021484,4.761875152587891,12.970800399780273,-1.6027549505233765,10.94154167175293,-10.71565055847168,14.0325927734375,-12.147765159606934,13.380313873291016,-0.3879323899745941,17.288026809692383,2.6367692947387695,17.310380935668945,2.495924472808838,16.44610023498535,3.206186056137085,14.290473937988281
Q3_vVTP0DOL_2Q_2.wav,Sad,83.35433467741936,0.0064802467823028564,0.005470332223922014,0.07274738133351893,973.0329705440713,1617.2322772393513,0.13663248717784882,0.153762549161911,0.11645800620317459,0.3826316297054291,0.30422157049179077,0.10012126713991165,0.21728502213954926,0.14509551227092743,0.30344992876052856,0.19403527677059174,0.08178597688674927,0.1594741940498352,-551.864990234375,109.99715423583984,143.22752380371094,55.50790786743164,-16.668087005615234,26.55105972290039,5.3699116706848145,9.920604705810547,5.691434383392334,13.249592781066895,-6.177849769592285,9.806645393371582,-7.213647842407227,8.485763549804688,-12.016643524169922,9.457326889038086,-11.673962593078613,12.500890731811523,-1.5323659181594849,12.254090309143066,0.8770023584365845,12.38280963897705,-4.577966690063477,12.442801475524902,-8.29001522064209,12.203889846801758
Q3_vVTP0DOL_2Q_3.wav,Sad,143.5546875,0.004708911757916212,0.003932367078959942,0.0910064631066974,1236.1860057542037,2000.9822423442583,0.12219342589378357,0.3072328269481659,0.07175647467374802,0.13076788187026978,0.24817992746829987,0.07716906070709229,0.18930652737617493,0.09477847069501877,0.27162039279937744,0.22888095676898956,0.05880573391914368,0.09714312106370926,-594.4910278320312,114.04830169677734,112.18157958984375,51.0120849609375,-25.994760513305664,26.374160766601562,4.780060768127441,13.952042579650879,3.1609294414520264,14.546961784362793,-3.31142520904541,12.355000495910645,-7.427124500274658,9.559381484985352,-20.211877822875977,12.098345756530762,-21.44106101989746,13.678377151489258,-4.521624565124512,18.44321632385254,3.0551466941833496,14.193347930908203,4.481179237365723,13.455341339111328,4.230517864227295,13.06256103515625
Q3_wfXSdMsd4q8_0.wav,Sad,107.666015625,0.004968440625816584,0.0051591102965176105,0.08436881265230395,1188.8981980073709,2063.54297913436,0.06451025605201721,0.1712469905614853,0.20947690308094025,0.08340029418468475,0.27708250284194946,0.0749184861779213,0.09513150155544281,0.03722919523715973,0.1735883355140686,0.43881163001060486,0.1146927922964096,0.14266039431095123,-638.6008911132812,119.58676147460938,100.5277328491211,58.46198272705078,-15.818794250488281,21.900489807128906,-0.44760745763778687,16.286529541015625,-6.394381523132324,14.543143272399902,-7.965465068817139,16.8251895904541,-4.027848243713379,15.206952095031738,-7.694162368774414,15.758291244506836,-11.789962768554688,16.54907989501953,-5.624418258666992,14.795038223266602,1.2370622158050537,16.81662368774414,2.5094730854034424,17.167646408081055,-1.113206148147583,13.735483169555664
Q3_wfXSdMsd4q8_1.wav,Sad,117.45383522727273,0.01123163290321827,0.009073595516383648,0.06787365615889213,1015.7989429990319,1820.8803013392858,0.09896776080131531,0.2711237072944641,0.1628386229276657,0.11338232457637787,0.35925254225730896,0.12745727598667145,0.22668752074241638,0.09013672173023224,0.242258682847023,0.389990895986557,0.11596683412790298,0.15822020173072815,-518.9088134765625,126.88750457763672,131.13168334960938,57.21134948730469,-23.401029586791992,20.751338958740234,18.140064239501953,17.288902282714844,5.1887969970703125,15.178564071655273,-10.254152297973633,9.07479476928711,-14.603204727172852,11.199477195739746,-14.799786567687988,11.683976173400879,-13.453396797180176,12.25423526763916,-7.790368556976318,10.21880054473877,-1.711446762084961,11.47354507446289,-4.5346879959106445,12.243155479431152,-7.638725280761719,10.635171890258789
Q3_wfXSdMsd4q8_2.wav,Sad,123.046875,0.01392486970871687,0.009454202838242054,0.052792628393096515,844.1794583371502,1629.0907299870141,0.12631434202194214,0.283997118473053,0.25906693935394287,0.17247921228408813,0.2107885628938675,0.13211946189403534,0.2880314886569977,0.1835876852273941,0.3894522786140442,0.6195105314254761,0.208725705742836,0.17490965127944946,-459.4031066894531,119.47955322265625,170.63922119140625,60.376182556152344,-24.05708885192871,22.63286590576172,19.85000991821289,14.649605751037598,11.82150650024414,11.790471076965332,-5.649600982666016,8.373695373535156,-3.610685110092163,6.946071147918701,-4.5590362548828125,6.850255012512207,-6.311095714569092,8.160873413085938,-3.67080020904541,7.1464080810546875,-5.293529987335205,7.332075595855713,-9.285067558288574,7.977816104888916,-8.583586692810059,7.414737701416016
Q3_wfXSdMsd4q8_3.wav,Sad,129.19921875,0.017000658437609673,0.011331597343087196,0.06406266580008489,927.4521547219675,1771.3771023450763,0.1369084268808365,0.2488783299922943,0.1878187656402588,0.17253269255161285,0.35805588960647583,0.1647462546825409,0.24747075140476227,0.13772380352020264,0.2904939353466034,0.4281950294971466,0.19200538098812103,0.26911818981170654,-434.49658203125,135.04225158691406,158.73301696777344,66.91575622558594,-27.521461486816406,21.415807723999023,18.098451614379883,16.215391159057617,5.558989524841309,10.267040252685547,-2.1008293628692627,7.940094947814941,-2.0042901039123535,7.838186264038086,-3.486741065979004,7.841869831085205,-4.0185160636901855,8.404289245605469,-3.5585238933563232,7.770664215087891,-5.2628583908081055,8.03502368927002,-9.014100074768066,11.430363655090332,-8.359221458435059,11.211712837219238
Q3_wfXSdMsd4q8_4.wav,Sad,117.45383522727273,0.012480247765779495,0.007350971456617117,0.05943402300824176,931.87020006799,1667.138446514423,0.0667327493429184,0.21684879064559937,0.27845990657806396,0.1547589749097824,0.32225334644317627,0.1154862716794014,0.17444470524787903,0.07488768547773361,0.2335093468427658,0.43619319796562195,0.12121526896953583,0.1195831373333931,-493.2843322753906,98.70056915283203,151.54150390625,45.40176773071289,-29.76575469970703,18.814929962158203,18.92570686340332,16.792211532592773,8.880882263183594,16.332862854003906,-9.33340072631836,9.849987983703613,-11.61585807800293,10.120508193969727,-13.279732704162598,11.18692684173584,-13.708138465881348,11.97635269165039,-12.92250919342041,12.02446460723877,-7.0660834312438965,11.177217483520508,-7.909687519073486,12.682219505310059,-9.822563171386719,11.434812545776367
Q3_wlOa1jkTn_U_0.wav,Sad,112.34714673913044,0.007850308902561665,0.004154592286795378,0.052569969093406596,786.8358651610386,1457.2488731971155,0.40412089228630066,0.26835691928863525,0.09325648844242096,0.1145666241645813,0.2253693789243698,0.5069315433502197,0.18089401721954346,0.15642811357975006,0.2164357602596283,0.32616308331489563,0.4565277695655823,0.2147901952266693,-492.4528503417969,93.17457580566406,189.36380004882812,52.10057067871094,-24.929574966430664,17.88990020751953,16.58100700378418,10.636727333068848,12.345123291015625,10.493827819824219,-8.744462966918945,6.928279399871826,-1.3853249549865723,6.803038597106934,-2.1758604049682617,7.105243682861328,-4.800665378570557,6.270685195922852,-8.177727699279785,7.199024677276611,-11.86825180053711,8.230774879455566,-6.756267070770264,7.694008827209473,0.7384635210037231,7.142729759216309
Q3_wlOa1jkTn_U_1.wav,Sad,198.76802884615384,0.006714425515383482,0.0033535901457071304,0.06186422815550434,882.0615794758714,1599.9146566990917,0.32199302315711975,0.2896885275840759,0.11634192615747452,0.1619809865951538,0.23550838232040405,0.4090125262737274,0.15551073849201202,0.2624054551124573,0.24354583024978638,0.22949549555778503,0.38229799270629883,0.19281812012195587,-512.6665649414062,88.26661682128906,174.91641235351562,49.40202713012695,-32.85919189453125,14.986804962158203,12.867828369140625,9.736376762390137,11.222704887390137,11.807697296142578,-8.616307258605957,10.329682350158691,-3.343426465988159,7.890845775604248,-5.537778854370117,8.371978759765625,-6.504379749298096,7.457665920257568,-8.95689868927002,8.232566833496094,-12.596915245056152,8.985657691955566,-8.751937866210938,9.783160209655762,-2.2390639781951904,9.355539321899414
Q3_wlOa1jkTn_U_2.wav,Sad,215.33203125,0.005681415554136038,0.003858706448227167,0.06295616657089816,894.0715201557446,1636.2112517404084,0.44698259234428406,0.3351529538631439,0.11846457421779633,0.18564170598983765,0.1799720674753189,0.23472273349761963,0.10274107754230499,0.2074289470911026,0.15936963260173798,0.2094801515340805,0.3196673095226288,0.1978095918893814,-539.3767700195312,99.3184814453125,165.3909912109375,52.114933013916016,-27.33453941345215,19.320018768310547,13.484689712524414,12.606968879699707,7.231112480163574,13.167927742004395,-10.763067245483398,9.125527381896973,-5.591123104095459,8.907160758972168,-5.759653568267822,8.506219863891602,-6.623748779296875,8.570030212402344,-8.220532417297363,7.447259902954102,-12.694262504577637,8.809889793395996,-5.417311668395996,9.499885559082031,1.0465033054351807,9.03661823272705
Q3_wqc8iqbDsGM_0.wav,Sad,107.666015625,0.007254061754792929,0.004556170664727688,0.06320126196540528,934.2294589994618,1628.8860452586207,0.2028796225786209,0.09957775473594666,0.2646183371543884,0.34338727593421936,0.11720461398363113,0.1444568783044815,0.11852404475212097,0.3309970796108246,0.23526062071323395,0.10390017181634903,0.19879816472530365,0.12679050862789154,-547.0381469726562,95.01902770996094,141.2433624267578,52.46018981933594,-18.575374603271484,20.88483428955078,14.8440580368042,13.51971435546875,8.612256050109863,14.56664752960205,-9.626794815063477,10.32820987701416,-7.571929931640625,10.802599906921387,-7.962162017822266,10.180676460266113,-7.883082866668701,12.385293960571289,-2.267982006072998,12.949563026428223,1.573988676071167,10.11876392364502,-0.9810346364974976,16.29901885986328,-5.521786689758301,16.769704818725586
Q3_wqc8iqbDsGM_1.wav,Sad,215.33203125,0.007454425096511841,0.005487479735165834,0.04896264562573271,798.1704744395056,1504.938652870384,0.1890399158000946,0.1522156298160553,0.436385840177536,0.3068813383579254,0.12925228476524353,0.2109699696302414,0.2136605829000473,0.4676712155342102,0.28358879685401917,0.12164003401994705,0.15741460025310516,0.14111874997615814,-548.5878295898438,120.33306884765625,161.1891326904297,64.38308715820312,-20.29720687866211,26.763046264648438,17.23442268371582,13.555601119995117,16.627092361450195,12.720989227294922,-5.765110015869141,9.093316078186035,-8.765962600708008,10.359718322753906,-10.251582145690918,9.54383373260498,-6.572080612182617,8.145886421203613,-9.328808784484863,9.589488983154297,-5.584906101226807,7.393081188201904,-7.778138637542725,7.076643466949463,-12.724174499511719,9.22048282623291
Q3_wqc8iqbDsGM_2.wav,Sad,112.34714673913044,0.009778891690075397,0.005196682643145323,0.06513020480273861,928.5058059367748,1629.7621985578226,0.2178308665752411,0.1342899650335312,0.37485748529434204,0.27960503101348877,0.10552169382572174,0.1542811244726181,0.17795872688293457,0.4131467044353485,0.21996282041072845,0.11816922575235367,0.1985374391078949,0.21379080414772034,-495.7069091796875,100.98487854003906,164.52745056152344,48.47067642211914,-29.62706756591797,22.271276473999023,20.749597549438477,15.157706260681152,6.097886562347412,15.617990493774414,-6.525594711303711,8.285511016845703,-4.620254039764404,9.374796867370605,-6.644323348999023,9.223876953125,-8.101381301879883,10.530781745910645,-5.36786413192749,10.76449203491211,-1.855204463005066,10.526082992553711,-3.744295835494995,13.547131538391113,-7.602768898010254,11.138757705688477
Q3_wqc8iqbDsGM_3.wav,Sad,107.666015625,0.007449934259057045,0.004841499030590057,0.04672963208702753,762.9826161271983,1415.0720778771,0.16116710007190704,0.14529435336589813,0.3503674864768982,0.23660124838352203,0.11579936742782593,0.15908855199813843,0.12508416175842285,0.29322075843811035,0.17484307289123535,0.33009159564971924,0.3945975601673126,0.15098844468593597,-530.9404907226562,108.38457489013672,174.5825958251953,63.23634719848633,-18.34132957458496,20.66506004333496,13.478397369384766,11.788915634155273,15.443598747253418,11.277568817138672,-7.904901027679443,6.652880668640137,-4.1855788230896,5.993022918701172,-5.9889655113220215,7.494070053100586,-4.8777618408203125,5.9898152351379395,-4.405330181121826,6.622459411621094,-5.4760236740112305,7.149165630340576,-7.860428810119629,8.6058931350708,-9.100046157836914,7.37828254699707
Q3_wqc8iqbDsGM_4.wav,Sad,112.34714673913044,0.009491314180195332,0.005882124416530132,0.07384568746420389,1041.2897488761391,1973.1554798244201,0.20492494106292725,0.10231706500053406,0.2840500771999359,0.26153871417045593,0.09929970651865005,0.13030695915222168,0.14269055426120758,0.44173353910446167,0.2202068567276001,0.09034910798072815,0.17782795429229736,0.1393282115459442,-518.6858520507812,129.53524780273438,150.7718963623047,68.24837493896484,-28.571989059448242,17.745208740234375,19.01017951965332,15.534540176391602,5.014129161834717,14.256319999694824,-6.795108795166016,9.091752052307129,-4.141963005065918,9.407234191894531,-6.493856430053711,8.643025398254395,-7.690633296966553,10.773490905761719,-5.653932094573975,11.059308052062988,-2.623830795288086,10.135029792785645,-2.979118585586548,14.327364921569824,-6.1421589851379395,11.71755313873291
Q3_wS0RzrBL9UI_0.wav,Sad,123.046875,0.002352209063246846,0.0025821642484515905,0.08228150847934612,1145.3357801506816,1890.4617871170224,0.14533698558807373,0.030810389667749405,0.04255060479044914,0.12812982499599457,0.07006357610225677,0.1972382366657257,0.08825533092021942,0.34743475914001465,0.45510661602020264,0.13768434524536133,0.24293124675750732,0.07443065941333771,-682.908203125,95.29869079589844,103.25334167480469,47.60171127319336,-12.567460060119629,22.770172119140625,1.1182960271835327,13.790119171142578,5.337769985198975,18.096492767333984,-8.109851837158203,12.636818885803223,-15.382044792175293,10.98060131072998,-15.617326736450195,13.428945541381836,-9.07788372039795,11.891402244567871,-1.1780916452407837,11.77843952178955,-2.1181693077087402,13.570343017578125,-11.155694961547852,13.803438186645508,-11.391927719116211,14.20590591430664
Q3_wS0RzrBL9UI_1.wav,Sad,112.34714673913044,0.0027661409694701433,0.002783880801871419,0.06377038976648351,977.8485603116819,1667.076923076923,0.13647301495075226,0.07086241990327835,0.04274825379252434,0.08125089108943939,0.04365774244070053,0.09619224071502686,0.0594630241394043,0.2825206518173218,0.5642918348312378,0.18224914371967316,0.34761473536491394,0.0886029526591301,-669.2222290039062,86.38025665283203,123.06092071533203,43.26832580566406,-7.42511510848999,19.833084106445312,9.035662651062012,14.106786727905273,5.605286598205566,14.374156951904297,-14.604574203491211,9.383283615112305,-15.48171329498291,11.601354598999023,-12.968329429626465,14.0490083694458,-12.166526794433594,15.765551567077637,-9.547433853149414,12.056386947631836,-10.651200294494629,10.968381881713867,-14.78018856048584,11.632399559020996,-10.042830467224121,12.385062217712402
Q3_wS0RzrBL9UI_2.wav,Sad,129.19921875,0.004103797487914562,0.004024212714284658,0.08529464450813609,1114.813488291331,1739.1008004634339,0.17251038551330566,0.07633915543556213,0.08585929125547409,0.24650442600250244,0.09613017737865448,0.23481443524360657,0.09225533157587051,0.31484049558639526,0.3919886350631714,0.12681354582309723,0.22816073894500732,0.0731089636683464,-605.5174560546875,99.3781967163086,115.55268859863281,46.100990295410156,-18.707599639892578,27.60054588317871,1.3673871755599976,14.828973770141602,8.374770164489746,16.73139762878418,-3.107475996017456,12.777172088623047,-11.891805648803711,10.75002384185791,-17.455127716064453,12.405509948730469,-11.379941940307617,13.059185981750488,-0.5624551773071289,12.325953483581543,-2.222231864929199,12.671591758728027,-10.09185791015625,12.789469718933105,-9.244561195373535,11.210326194763184
Q3_wxXpvnmq_-E_0.wav,Sad,143.5546875,0.008976980112493038,0.004653817508369684,0.045363287605070496,741.2249654074578,1402.5775636354392,0.2016965001821518,0.16386212408542633,0.3185003995895386,0.18382690846920013,0.3057888448238373,0.3183728754520416,0.1345718801021576,0.21350057423114777,0.19368454813957214,0.40328627824783325,0.30340516567230225,0.1575205773115158,-503.8509216308594,85.95249938964844,178.25184631347656,48.93914031982422,-25.459259033203125,14.72481918334961,18.46309471130371,12.186784744262695,19.283031463623047,12.803759574890137,-5.805006980895996,6.962803363800049,-5.58642053604126,8.500190734863281,-7.753759384155273,8.693597793579102,-6.5090179443359375,7.73288631439209,-9.010100364685059,8.919600486755371,-7.244650840759277,6.553719520568848,-9.28494930267334,7.831690311431885,-11.423215866088867,8.054107666015625
Q3_wxXpvnmq_-E_1.wav,Sad,135.99917763157896,0.0074012200348079205,0.0046320511028170586,0.04724642533200986,743.6096959599431,1410.312775426992,0.31032776832580566,0.16905947029590607,0.22020713984966278,0.13239458203315735,0.26647013425827026,0.32210880517959595,0.18051771819591522,0.3455442786216736,0.22029082477092743,0.3604137897491455,0.29259708523750305,0.1884087324142456,-522.3076171875,95.81786346435547,178.4936065673828,53.117191314697266,-23.50851821899414,20.459300994873047,16.073745727539062,10.718341827392578,19.293020248413086,12.785192489624023,-5.845756530761719,7.380022048950195,-4.655739784240723,7.929508686065674,-7.301960468292236,8.876693725585938,-5.31942081451416,6.806502342224121,-6.003101825714111,7.955799579620361,-5.423130512237549,6.88887882232666,-7.733363628387451,7.215878009796143,-11.508501052856445,7.19651460647583
Q3_wxXpvnmq_-E_2.wav,Sad,143.5546875,0.008146173320710659,0.00488594314083457,0.04646423237493013,730.8155144390055,1366.4255738191728,0.358518123626709,0.16682863235473633,0.20239804685115814,0.14025279879570007,0.2757178544998169,0.38239994645118713,0.21945428848266602,0.38048887252807617,0.17163635790348053,0.26740601658821106,0.2380765825510025,0.1744258552789688,-523.6178588867188,109.44606018066406,177.1939239501953,55.926753997802734,-22.227432250976562,29.643959045410156,20.94358253479004,12.277504920959473,17.2961483001709,12.489777565002441,-2.7673778533935547,9.832038879394531,-1.348106861114502,7.980006217956543,-4.639299392700195,8.305015563964844,-3.738428831100464,7.072811603546143,-7.279285907745361,7.40025520324707,-7.0906853675842285,6.609175205230713,-8.966817855834961,7.2452778816223145,-9.310781478881836,6.609806060791016
Q3_X1p8xcarVu0_0.wav,Sad,143.5546875,0.006725046783685684,0.004037455189973116,0.0823689721092645,1110.6508050843381,1759.4256410504331,0.06305480748414993,0.05669216439127922,0.09820409119129181,0.5779324173927307,0.13339459896087646,0.024337610229849815,0.0488760806620121,0.03639953210949898,0.0858442410826683,0.07360631227493286,0.31517305970191956,0.27116960287094116,-579.4391479492188,109.49723815917969,130.2145233154297,51.152706146240234,-26.97771644592285,20.695295333862305,7.769435882568359,16.45815658569336,-14.14326000213623,14.377035140991211,-14.396820068359375,10.944696426391602,-0.35969701409339905,9.230045318603516,-10.941143989562988,12.97232723236084,-22.082197189331055,13.904184341430664,-13.101435661315918,10.713085174560547,2.431471347808838,16.0157413482666,12.59047794342041,14.928071022033691,13.200401306152344,16.948373794555664
Q3_X1p8xcarVu0_1.wav,Sad,161.4990234375,0.007102523930370808,0.0051980214193463326,0.07104846805167597,1117.5150610986934,2056.3848092702515,0.1034780815243721,0.20026129484176636,0.0666813775897026,0.13351355493068695,0.07642272114753723,0.05662177875638008,0.1296064853668213,0.07422336935997009,0.20481042563915253,0.13662685453891754,0.47410690784454346,0.3417096436023712,-566.5946655273438,116.29218292236328,125.23323822021484,58.317474365234375,-22.939603805541992,22.047639846801758,12.702503204345703,12.655660629272461,-2.0866684913635254,12.804019927978516,-15.229497909545898,10.187093734741211,-7.1735920906066895,9.042142868041992,-10.089838981628418,9.675065994262695,-20.167768478393555,13.51459789276123,-11.958467483520508,11.693188667297363,-5.390566825866699,11.88950252532959,-2.2942123413085938,11.440306663513184,1.605462670326233,11.910781860351562
Q3_X1p8xcarVu0_2.wav,Sad,161.4990234375,0.00852616410702467,0.0049448017962276936,0.056781304134755656,845.3466470764102,1529.1872521198031,0.10946598649024963,0.1059296727180481,0.1417790651321411,0.4376186430454254,0.13696667551994324,0.08555152267217636,0.2603622078895569,0.15435868501663208,0.3321259319782257,0.17212332785129547,0.3122692108154297,0.3622373938560486,-525.1670532226562,105.63842010498047,170.84634399414062,54.00334930419922,-28.927541732788086,18.85223388671875,18.41651153564453,14.085137367248535,5.992127895355225,14.343703269958496,-11.04682731628418,10.159016609191895,-9.14245319366455,8.235662460327148,-13.976611137390137,9.489336013793945,-14.48762035369873,10.931657791137695,-9.69025707244873,10.601091384887695,-8.90322208404541,12.573071479797363,-6.841394901275635,10.905592918395996,-3.677381753921509,11.944741249084473
Q3_X1p8xcarVu0_3.wav,Sad,80.74951171875,0.009358309209346771,0.005756471771746874,0.05661679798002121,844.894314408792,1549.7281820467203,0.08389109373092651,0.1817791908979416,0.20588906109333038,0.5971344113349915,0.15845507383346558,0.06918421387672424,0.18920156359672546,0.18972216546535492,0.30325815081596375,0.1823066622018814,0.34076207876205444,0.21762186288833618,-520.119384765625,118.04881286621094,167.51553344726562,60.21830749511719,-27.29642105102539,21.654329299926758,18.524707794189453,14.993700981140137,5.598758697509766,12.742472648620605,-11.190342903137207,9.424064636230469,-11.64375114440918,9.430044174194336,-18.057785034179688,9.750736236572266,-13.590383529663086,9.550912857055664,-9.618269920349121,8.175889015197754,-7.918548107147217,10.898112297058105,-6.06795072555542,9.516700744628906,-6.076236724853516,10.076985359191895
Q3_x4B0raxVODA_0.wav,Sad,99.38401442307692,0.0021515937987715006,0.0018702883971855044,0.058201012716926556,895.5517065399309,1469.0941179302376,0.14919579029083252,0.11697281897068024,0.2801640033721924,0.2020670473575592,0.07901722937822342,0.21267910301685333,0.27889204025268555,0.1628771275281906,0.10722943395376205,0.16727526485919952,0.5249384641647339,0.33539879322052,-697.685546875,98.71551513671875,135.16549682617188,69.78118896484375,1.071311116218567,25.03444480895996,6.936535358428955,15.841241836547852,9.06502914428711,14.135004043579102,-8.624054908752441,14.106114387512207,-9.326638221740723,10.179838180541992,-9.115678787231445,8.433239936828613,-10.30486011505127,13.002142906188965,-0.5916212797164917,12.612078666687012,6.0519843101501465,11.347846984863281,1.3594932556152344,12.449946403503418,-3.771533966064453,12.587594985961914
Q3_x4B0raxVODA_1.wav,Sad,103.359375,0.0025561973452568054,0.0020462130196392536,0.054034207774474555,821.3614670875876,1417.7315636018736,0.11745080351829529,0.07942406833171844,0.14811696112155914,0.3382129371166229,0.17480657994747162,0.16849175095558167,0.22439898550510406,0.2808605432510376,0.3806129992008209,0.2348732352256775,0.45730340480804443,0.26968079805374146,-644.2313232421875,86.84353637695312,147.79078674316406,58.76639175415039,3.790400981903076,24.351213455200195,6.0086822509765625,12.172274589538574,9.052521705627441,13.338634490966797,-8.814114570617676,11.746814727783203,-8.627301216125488,8.73495864868164,-9.675007820129395,6.770836353302002,-11.194452285766602,10.033713340759277,-0.599412739276886,10.774463653564453,3.522456645965576,10.679405212402344,-1.5167046785354614,12.626269340515137,-3.174731492996216,11.951642990112305
Q3_x4B0raxVODA_2.wav,Sad,129.19921875,0.0036113231908529997,0.0028269344475120306,0.05131957743017896,749.4273119490365,1331.450264159097,0.13586929440498352,0.13237378001213074,0.26035022735595703,0.27589648962020874,0.13228467106819153,0.201263889670372,0.29422077536582947,0.2358805239200592,0.22276878356933594,0.24115020036697388,0.5175173878669739,0.31795257329940796,-589.9558715820312,81.41163635253906,175.6658477783203,49.084930419921875,-5.944672584533691,19.146577835083008,4.610785961151123,10.179068565368652,15.397168159484863,12.193936347961426,-4.401101112365723,7.8999152183532715,-4.723443031311035,7.317088603973389,-8.315286636352539,7.636499404907227,-12.05235767364502,8.776430130004883,-2.7266364097595215,7.61470365524292,3.744386911392212,7.9208664894104,0.5994164347648621,10.322537422180176,-6.037224769592285,9.768885612487793
Q3_x4B0raxVODA_3.wav,Sad,95.703125,0.0022753102239221334,0.0020350732374936342,0.05081161231628038,789.3730772328294,1383.1826856407222,0.11371282488107681,0.11142852902412415,0.21240167319774628,0.4667792320251465,0.18876217305660248,0.24456121027469635,0.3334890604019165,0.1899745911359787,0.2251255214214325,0.23209674656391144,0.46333736181259155,0.2849481999874115,-648.6566772460938,100.22318267822266,158.4673614501953,59.56156921386719,-2.7266082763671875,32.48149871826172,5.089922904968262,13.004901885986328,9.2778959274292,11.084554672241211,-8.603450775146484,9.432172775268555,-13.121788024902344,10.335328102111816,-14.4282808303833,8.89838695526123,-13.189247131347656,10.456400871276855,-11.607491493225098,9.075582504272461,-4.821220397949219,9.660048484802246,-5.367814064025879,7.695191383361816,-8.678910255432129,6.451401710510254
Q3_xIsvaT20pZ0_0.wav,Sad,107.666015625,0.005583980120718479,0.00439638365060091,0.05971965665672451,848.1078576269144,1482.1593311500135,0.29020893573760986,0.1088925302028656,0.1031375452876091,0.17008619010448456,0.5180261135101318,0.2421865463256836,0.1085684671998024,0.2101387083530426,0.17179815471172333,0.4168713688850403,0.12344979494810104,0.1643296480178833,-581.665283203125,116.65767669677734,154.33897399902344,62.686771392822266,-20.36745262145996,23.04364585876465,12.210474014282227,14.182990074157715,11.298906326293945,14.226876258850098,-5.943197727203369,7.487966537475586,-5.3709516525268555,9.211088180541992,-5.727746486663818,11.444626808166504,-3.648010730743408,10.021295547485352,-5.745662212371826,8.684199333190918,-5.695836067199707,11.63400936126709,-9.649328231811523,12.039073944091797,-8.91854190826416,9.164660453796387
Q3_xIsvaT20pZ0_1.wav,Sad,107.666015625,0.005205010529607534,0.00432270672172308,0.06792131696428572,900.7700412661361,1659.0836087740386,0.4064421057701111,0.1315326988697052,0.11409712582826614,0.1510411649942398,0.46716898679733276,0.23468902707099915,0.10513411462306976,0.18097735941410065,0.18716774880886078,0.38026127219200134,0.12359263747930527,0.17574386298656464,-585.9779052734375,113.7970199584961,156.88107299804688,58.58219909667969,-16.954307556152344,25.827871322631836,12.386133193969727,12.377254486083984,11.49792766571045,14.129446029663086,-5.073512077331543,7.618313312530518,-4.8333892822265625,9.136741638183594,-5.722311496734619,11.264008522033691,-3.658578395843506,8.780872344970703,-5.509800434112549,7.7144246101379395,-5.143773078918457,10.468819618225098,-6.596462249755859,11.177616119384766,-6.423467636108398,10.093952178955078
Q3_xYZ8n8ULaNo_0.wav,Sad,117.45383522727273,0.002635400742292404,0.0025547987315803766,0.047980629737091426,821.6533410504378,1426.8322690297844,0.16905151307582855,0.09973553568124771,0.17574040591716766,0.12557634711265564,0.23940947651863098,0.20868203043937683,0.12444668263196945,0.28216761350631714,0.2331264317035675,0.4849843382835388,0.34686192870140076,0.1643667072057724,-651.1867065429688,98.03094482421875,139.1085968017578,54.27149200439453,-3.4465887546539307,24.936676025390625,10.37000560760498,12.602882385253906,14.731864929199219,15.062214851379395,-5.5021562576293945,7.68745231628418,-6.493253231048584,7.704913139343262,-3.893770694732666,7.775710105895996,-5.329608917236328,6.937265872955322,-6.2696967124938965,8.369635581970215,-4.928150653839111,8.007105827331543,-7.783612251281738,7.821220397949219,-9.284219741821289,8.56359577178955
Q3_xYZ8n8ULaNo_1.wav,Sad,112.34714673913044,0.003923571202903986,0.002842682646587491,0.05121101164248915,806.1341668476794,1487.4608898369713,0.3929605782032013,0.17358414828777313,0.2946324944496155,0.31609365344047546,0.15737076103687286,0.22453705966472626,0.1625286340713501,0.29702362418174744,0.24778862297534943,0.23639878630638123,0.2573171555995941,0.18421822786331177,-591.7561645507812,98.59141540527344,159.6677703857422,58.19479751586914,-17.107913970947266,15.519530296325684,12.780660629272461,12.415502548217773,18.041828155517578,13.040532112121582,-6.215017318725586,7.503983497619629,-4.5315961837768555,6.977328300476074,-5.39982271194458,7.78709077835083,-8.712408065795898,7.396178722381592,-4.6267409324646,7.25442361831665,-0.47579148411750793,8.713434219360352,-0.5100264549255371,9.787565231323242,-5.234917163848877,9.726858139038086
Q3_yZGBxiNPu3k_1.wav,Sad,172.265625,0.008291523903608322,0.005664553958922625,0.06953513113676213,965.4973235774629,1628.110260241635,0.276613712310791,0.09564733505249023,0.20590528845787048,0.17912906408309937,0.07727505266666412,0.19129541516304016,0.143403559923172,0.4132903516292572,0.16266395151615143,0.08924151957035065,0.25931233167648315,0.1228686049580574,-534.8811645507812,114.03172302246094,144.76168823242188,54.5665283203125,-26.49327850341797,27.75212287902832,12.074745178222656,12.523919105529785,5.9082818031311035,16.134183883666992,-3.215604782104492,9.908065795898438,-0.8987404704093933,8.984795570373535,-4.62310266494751,10.614237785339355,-10.124009132385254,12.716988563537598,-12.701355934143066,11.94044303894043,-11.142709732055664,14.058874130249023,-8.66218090057373,16.50210952758789,-5.248837947845459,13.918231010437012
Q3_yZGBxiNPu3k_2.wav,Sad,172.265625,0.013222337700426579,0.007656771223992109,0.057432869412251654,865.9338429198787,1561.0324480675704,0.40963253378868103,0.13153547048568726,0.16882416605949402,0.24689947068691254,0.08856048434972763,0.0974474623799324,0.12207591533660889,0.4295038878917694,0.35739344358444214,0.15908624231815338,0.2796119153499603,0.17725808918476105,-471.4208679199219,124.176025390625,169.39231872558594,64.02571105957031,-27.358745574951172,25.160503387451172,18.5999755859375,13.028456687927246,5.67769718170166,13.281002044677734,-8.504707336425781,7.885707378387451,-7.098544597625732,7.465092182159424,-10.370408058166504,7.4233880043029785,-10.243635177612305,8.565678596496582,-8.429880142211914,8.002239227294922,-4.909793853759766,9.277555465698242,-6.2886247634887695,11.222015380859375,-7.200984001159668,7.949101448059082
Q3_zjr_-ql5Avk_0.wav,Sad,107.666015625,0.0029822606593370438,0.0032779688481241465,0.043565899282445926,700.7316908783117,1170.7350542065308,0.09447545558214188,0.23114317655563354,0.7243117094039917,0.22061888873577118,0.1422368288040161,0.11562448740005493,0.2905021905899048,0.3311949372291565,0.18002919852733612,0.3485705554485321,0.11687243729829788,0.12876646220684052,-645.4609375,103.66409301757812,156.86984252929688,51.6774787902832,3.691629409790039,35.722808837890625,10.95331859588623,15.187345504760742,11.538270950317383,11.640337944030762,-11.722743034362793,9.522024154663086,-12.407318115234375,10.222003936767578,-8.55146598815918,7.688433647155762,-13.63408088684082,9.32585334777832,-14.26974868774414,8.2623929977417,-10.626076698303223,7.4491658210754395,-9.69253921508789,7.725189208984375,-7.609585285186768,7.335496425628662
Q3_zjr_-ql5Avk_1.wav,Sad,54.978390957446805,0.003368145553395152,0.0024984758347272873,0.04672712053571428,731.0876528855135,1323.5489783653845,0.15342281758785248,0.15718857944011688,0.394468754529953,0.2066054344177246,0.27913692593574524,0.14294011890888214,0.30985888838768005,0.3609031140804291,0.18861456215381622,0.3186365067958832,0.14054150879383087,0.21833975613117218,-605.1221923828125,81.03721618652344,175.40919494628906,45.46870803833008,-9.03245735168457,21.904085159301758,10.138534545898438,13.899320602416992,16.85169792175293,11.241582870483398,-9.238697052001953,7.965804100036621,-11.052057266235352,8.26534652709961,-8.19526481628418,8.853747367858887,-9.05240535736084,8.487214088439941,-8.312677383422852,7.478504180908203,-5.7971649169921875,8.102139472961426,-10.31576919555664,8.581576347351074,-10.892789840698242,7.966991901397705
Q3_zjr_-ql5Avk_2.wav,Sad,112.34714673913044,0.003010266227647662,0.0028684912249445915,0.04030576232032854,655.0157993055756,1156.73537362038,0.17094679176807404,0.261239618062973,0.48739492893218994,0.2400812953710556,0.23496085405349731,0.19508574903011322,0.44229570031166077,0.5737270712852478,0.3440253436565399,0.4459856152534485,0.23534950613975525,0.3172682225704193,-632.7803955078125,99.61518859863281,182.8572998046875,54.71364974975586,-1.4251495599746704,32.11227798461914,7.780263423919678,14.805648803710938,16.823219299316406,10.827898025512695,-5.927187442779541,9.99404239654541,-5.012548923492432,9.097347259521484,-2.539747714996338,7.894742488861084,-7.619875907897949,7.976291179656982,-8.296077728271484,8.173531532287598,-7.0687947273254395,7.383714199066162,-8.60688304901123,7.920864105224609,-8.313021659851074,6.1397247314453125
Q3_zMa78n8ULtE_0.wav,Sad,53.8330078125,0.004573168233036995,0.0038798414170742035,0.05978515625,874.0117645582178,1519.751953125,0.08803653717041016,0.1354876160621643,0.20340855419635773,0.08581680804491043,0.20616765320301056,0.17698201537132263,0.07553070038557053,0.1918511539697647,0.1570531129837036,0.46137964725494385,0.2842656970024109,0.07387799769639969,-596.2767333984375,87.33224487304688,133.61862182617188,50.55663299560547,-8.678108215332031,19.86566162109375,9.471129417419434,15.365909576416016,11.00896167755127,13.041136741638184,-9.591087341308594,9.734383583068848,-10.88099193572998,8.156600952148438,-11.96834945678711,9.102666854858398,-14.666589736938477,11.8839693069458,-9.388659477233887,11.1275634765625,-2.4948036670684814,13.701790809631348,-3.9979143142700195,15.25370979309082,-4.91670036315918,10.81509017944336
Q3_zMa78n8ULtE_1.wav,Sad,60.09265988372093,0.0043791220523417,0.003915649838745594,0.059275596105612796,859.8187863938196,1513.1804559339412,0.10817526280879974,0.13243386149406433,0.163714200258255,0.0971335768699646,0.29782840609550476,0.22454313933849335,0.07681813836097717,0.15281029045581818,0.14117412269115448,0.4504525065422058,0.31585898995399475,0.07975976169109344,-602.8724975585938,99.04229736328125,145.94725036621094,55.005699157714844,-8.127622604370117,21.009254455566406,12.460606575012207,15.097550392150879,10.935758590698242,14.73892593383789,-10.247811317443848,9.817084312438965,-12.495748519897461,8.260673522949219,-14.332441329956055,8.909343719482422,-17.036231994628906,10.653243064880371,-12.425604820251465,9.361605644226074,-4.695534706115723,9.339061737060547,-4.4253010749816895,11.673954963684082,-5.370371341705322,9.12760066986084
Q3_ZvD8QSO7NPw_0.wav,Sad,40.374755859375,0.002592844422906637,0.0037763528525829315,0.08429672342710642,1238.0978933333636,1923.4100003464523,0.23474512994289398,0.0814104750752449,0.2907405197620392,0.34420499205589294,0.05144711583852768,0.038994938135147095,0.18572898209095,0.3132764995098114,0.08917085081338882,0.2418241947889328,0.14122197031974792,0.07781229168176651,-685.5557250976562,95.17471313476562,74.4361801147461,46.167518615722656,-17.32814598083496,18.033599853515625,-8.54585075378418,14.35027027130127,-5.547632694244385,11.249217987060547,-9.938150405883789,9.830084800720215,-5.950974941253662,7.609843730926514,-2.3693020343780518,10.184045791625977,-7.105526447296143,11.220002174377441,-10.662312507629395,11.375591278076172,-1.8373239040374756,9.935479164123535,5.8700737953186035,12.441527366638184,10.404048919677734,15.836357116699219
Q3_ZvD8QSO7NPw_1.wav,Sad,80.74951171875,0.007025433238595724,0.005160513333976269,0.05989145929101839,845.0526827882561,1468.283232131807,0.18537096679210663,0.22897322475910187,0.4087490141391754,0.1697808802127838,0.10984805971384048,0.12509381771087646,0.2968064248561859,0.3485284745693207,0.15391328930854797,0.32336103916168213,0.33921030163764954,0.10671624541282654,-548.6732788085938,105.53620147705078,162.86546325683594,50.98286819458008,-20.485990524291992,27.71813201904297,11.381595611572266,12.131476402282715,6.652729511260986,13.75705337524414,-8.809123992919922,9.439473152160645,-5.9756059646606445,10.594929695129395,-6.7115864753723145,10.141523361206055,-5.890262126922607,11.186598777770996,-5.4825758934021,9.345913887023926,-7.040771961212158,10.891798973083496,-11.465739250183105,14.397111892700195,-12.375513076782227,13.03966999053955
Q3_ZvD8QSO7NPw_2.wav,Sad,80.74951171875,0.010356802493333817,0.006301899906247854,0.06174133078688389,909.666150509668,1653.3055170774066,0.1473943144083023,0.21205955743789673,0.47812098264694214,0.17790372669696808,0.06303028762340546,0.09211231768131256,0.287539541721344,0.35204505920410156,0.12454725056886673,0.24896949529647827,0.28133681416511536,0.08082512766122818,-502.3822021484375,104.16195678710938,167.78021240234375,53.924068450927734,-27.794994354248047,21.712846755981445,11.40399169921875,12.360051155090332,9.041670799255371,12.933783531188965,-8.008773803710938,8.850274085998535,-4.252046585083008,10.067654609680176,-5.160017490386963,10.72543716430664,-7.324502944946289,9.239688873291016,-9.645724296569824,9.328071594238281,-10.442062377929688,10.234354019165039,-12.752859115600586,10.25439453125,-11.113049507141113,9.708023071289062
Q3_zvWX_dwQPtU_0.wav,Sad,89.10290948275862,0.006926043890416622,0.004236932378262281,0.05156335851648352,788.9067569001934,1430.8647836538462,0.30130788683891296,0.13243389129638672,0.19619524478912354,0.17378783226013184,0.48008236289024353,0.26350289583206177,0.09473109990358353,0.21365398168563843,0.1555640995502472,0.2723570466041565,0.18520990014076233,0.13018453121185303,-538.2387084960938,91.97106170654297,166.44651794433594,50.7030029296875,-18.650484085083008,19.995351791381836,11.906209945678711,13.318063735961914,16.593244552612305,12.995418548583984,-7.174647331237793,7.905115127563477,-9.560881614685059,8.657903671264648,-11.735993385314941,8.451494216918945,-8.06163501739502,8.889662742614746,-5.927622318267822,8.167376518249512,-5.837524890899658,8.975006103515625,-6.916644096374512,8.914740562438965,-9.281874656677246,8.737374305725098
Q3_zvWX_dwQPtU_1.wav,Sad,89.10290948275862,0.008949333801865578,0.0062359352596104145,0.07100223830751681,936.1013959305914,1600.7795614193083,0.18036997318267822,0.10906849056482315,0.2635028064250946,0.1345597505569458,0.3866048753261566,0.3391844928264618,0.09609256684780121,0.14451706409454346,0.12127107381820679,0.2917540967464447,0.2470911294221878,0.10133398324251175,-517.550048828125,109.41116333007812,159.3123779296875,53.3370361328125,-23.780288696289062,25.526960372924805,12.35921573638916,13.255670547485352,7.789536952972412,15.111895561218262,-5.003839492797852,8.125575065612793,-5.257725238800049,7.05748176574707,-10.00395393371582,9.553413391113281,-9.125519752502441,10.351317405700684,-2.8028652667999268,11.642928123474121,1.5459649562835693,13.386480331420898,-1.858832836151123,12.550847053527832,-6.928934097290039,9.596644401550293
Q3_zvWX_dwQPtU_2.wav,Sad,89.10290948275862,0.010872560553252697,0.006609729956835508,0.07680001049770156,936.6851552675375,1525.9030785891089,0.06632556021213531,0.07192595303058624,0.23208536207675934,0.12218273431062698,0.425223171710968,0.3785249888896942,0.10964499413967133,0.1354861706495285,0.13309833407402039,0.4073983132839203,0.18484486639499664,0.06049031764268875,-501.75787353515625,132.2017364501953,165.53872680664062,64.39228057861328,-30.867956161499023,29.257051467895508,12.462366104125977,12.20156478881836,-2.106292724609375,12.78148365020752,-5.2361273765563965,8.608748435974121,-1.459640622138977,7.366393566131592,-5.844812870025635,9.186155319213867,-5.275852203369141,10.583089828491211,-4.159242153167725,8.395925521850586,2.7019572257995605,9.054518699645996,-4.771069526672363,9.215253829956055,-13.860190391540527,7.927359104156494
Q3__S991V8N-8s_0.wav,Sad,89.10290948275862,0.010658910498023033,0.006375367287546396,0.06585494763421909,912.2500832423375,1595.6640677958922,0.19738160073757172,0.1430578976869583,0.18747246265411377,0.25735124945640564,0.35036033391952515,0.17229941487312317,0.15812037885189056,0.23184610903263092,0.30553820729255676,0.24533140659332275,0.1177307739853859,0.15628939867019653,-496.1003723144531,106.2703628540039,164.4683380126953,57.21384048461914,-27.798049926757812,16.108524322509766,17.64822769165039,11.987635612487793,7.515352725982666,15.451902389526367,-5.094763278961182,10.05897331237793,-4.929459571838379,11.590768814086914,-12.982368469238281,9.486183166503906,-12.3798828125,11.555070877075195,-1.60117506980896,10.693964958190918,3.818387031555176,14.334050178527832,1.0012534856796265,14.857711791992188,-5.924434185028076,12.668906211853027
Q3__vZOEQCYSaY_0.wav,Sad,172.265625,0.00741741294041276,0.005533031653612852,0.07068708992261104,1107.8589223230672,2090.3243422989567,0.31885001063346863,0.4148148000240326,0.12738041579723358,0.21932148933410645,0.09833575785160065,0.2170298844575882,0.08529326319694519,0.13281425833702087,0.3167272210121155,0.1081036925315857,0.09451509267091751,0.08050914108753204,-552.1871948242188,126.93441009521484,134.31005859375,63.72117233276367,-17.25728416442871,18.329086303710938,20.640838623046875,16.54037094116211,3.8630778789520264,13.810437202453613,-5.3017659187316895,7.314757823944092,-5.650329113006592,8.665024757385254,-12.182875633239746,8.854691505432129,-13.198975563049316,9.692915916442871,-3.540304660797119,8.632402420043945,0.14741022884845734,11.305306434631348,9.12373161315918,11.983190536499023,4.9258294105529785,13.505773544311523
Q3__vZOEQCYSaY_2.wav,Sad,172.265625,0.008097734302282333,0.006122217047959566,0.07393038002077562,1039.985319585126,1814.2469242338989,0.19362400472164154,0.3225024342536926,0.08530638366937637,0.10447145998477936,0.05245138332247734,0.13763545453548431,0.09847129881381989,0.12444467842578888,0.4329974949359894,0.17486447095870972,0.3751099109649658,0.10093559324741364,-537.3845825195312,110.38043975830078,133.47271728515625,53.456298828125,-19.008684158325195,24.49761390686035,11.533010482788086,14.276400566101074,-1.6784942150115967,14.529129028320312,-14.51167106628418,9.827651977539062,-7.636948108673096,9.354819297790527,-5.824425220489502,12.521941184997559,-6.488112449645996,14.35450267791748,-5.518747806549072,11.112210273742676,-9.129511833190918,12.268661499023438,-5.439502716064453,13.703288078308105,-4.52174711227417,11.804617881774902
