feature,domain_emotion,value
rms_mean,EMOPIA Happy,-0.14228538795843082
rms_mean,EMOPIA Happy,-0.3161806788300277
rms_mean,EMOPIA Happy,-0.10660055547353009
rms_mean,EMOPIA Happy,0.23761850178959454
rms_mean,EMOPIA Happy,0.9100691765492326
rms_mean,EMOPIA Happy,0.990778102459181
rms_mean,EMOPIA Happy,0.29101728470050287
rms_mean,EMOPIA Happy,0.826380076742778
rms_mean,EMOPIA Happy,0.9584541221676395
rms_mean,EMOPIA Happy,-0.3283418764070988
rms_mean,EMOPIA Happy,-0.7082074885853271
rms_mean,EMOPIA Happy,-0.3034343063503703
rms_mean,EMOPIA Happy,-0.46651469809656876
rms_mean,EMOPIA Happy,-0.5015310422469216
rms_mean,EMOPIA Happy,-0.12034179520094103
rms_mean,EMOPIA Happy,0.18186806617382692
rms_mean,EMOPIA Happy,0.15763865580107997
rms_mean,EMOPIA Happy,0.03362503926624379
rms_mean,EMOPIA Happy,-0.394355128573914
rms_mean,EMOPIA Happy,-0.12150212408979859
rms_mean,EMOPIA Happy,-0.35736606218130845
rms_mean,EMOPIA Happy,-0.216602017974217
rms_mean,EMOPIA Happy,-0.538710273004513
rms_mean,EMOPIA Happy,1.4178446190824674
rms_mean,EMOPIA Happy,1.3768029077054749
rms_mean,EMOPIA Happy,0.8100932912324815
rms_mean,EMOPIA Happy,1.0265217786967202
rms_mean,EMOPIA Happy,1.5122586628122516
rms_mean,EMOPIA Happy,0.5608134436262325
rms_mean,EMOPIA Happy,1.5285111907715059
rms_mean,EMOPIA Happy,1.6691135020505217
rms_mean,EMOPIA Happy,1.7423342399996622
rms_mean,EMOPIA Happy,0.7403808061640169
rms_mean,EMOPIA Happy,1.5405204432922328
rms_mean,EMOPIA Happy,-1.3291452353147357
rms_mean,EMOPIA Happy,0.21753204117015967
rms_mean,EMOPIA Happy,1.4912695040704962
rms_mean,EMOPIA Happy,1.027476795323858
rms_mean,EMOPIA Happy,0.17806081711632196
rms_mean,EMOPIA Happy,0.5797574032660262
rms_mean,EMOPIA Happy,3.224919483711152
rms_mean,EMOPIA Happy,1.5767260138574957
rms_mean,EMOPIA Happy,1.5234974700012778
rms_mean,EMOPIA Happy,1.7951265244302983
rms_mean,EMOPIA Happy,0.5759417646041923
rms_mean,EMOPIA Happy,0.7827257027481809
rms_mean,EMOPIA Happy,0.5899505394921578
rms_mean,EMOPIA Happy,0.6066859357899648
rms_mean,EMOPIA Happy,0.16456252634786925
rms_mean,EMOPIA Happy,-0.6408386744453803
rms_mean,EMOPIA Happy,-0.41077055468405094
rms_mean,EMOPIA Happy,-0.4924030362048751
rms_mean,EMOPIA Happy,0.31852947733735193
rms_mean,EMOPIA Happy,0.7166207475450749
rms_mean,EMOPIA Happy,0.42602163248498875
rms_mean,EMOPIA Happy,1.35291281021929
rms_mean,EMOPIA Happy,0.7270965668284701
rms_mean,EMOPIA Happy,0.25779573326708477
rms_mean,EMOPIA Happy,0.5463723710702976
rms_mean,EMOPIA Happy,1.1879014112079498
rms_mean,EMOPIA Happy,1.780456835156152
rms_mean,EMOPIA Happy,1.1467107843539652
rms_mean,EMOPIA Happy,0.8716562078648142
rms_mean,EMOPIA Happy,1.5382249543275295
rms_mean,EMOPIA Happy,1.2957103904416316
rms_mean,EMOPIA Happy,1.68165246486738
rms_mean,EMOPIA Happy,0.5549199796233439
rms_mean,EMOPIA Happy,1.5292396880815242
rms_mean,EMOPIA Happy,1.3098142475120962
rms_mean,EMOPIA Happy,1.1315235031010686
rms_mean,EMOPIA Happy,0.9114429742595801
rms_mean,EMOPIA Happy,-0.3733503558463072
rms_mean,EMOPIA Happy,-0.39611403242783233
rms_mean,EMOPIA Happy,-0.39832376099263783
rms_mean,EMOPIA Happy,-0.0936925665880947
rms_mean,EMOPIA Happy,0.17323714418881894
rms_mean,EMOPIA Happy,0.28781991326946627
rms_mean,EMOPIA Happy,0.38711297801093497
rms_mean,EMOPIA Happy,-0.6878194100377114
rms_mean,EMOPIA Happy,-0.5774647684988581
rms_mean,EMOPIA Happy,-0.48890993122092047
rms_mean,EMOPIA Happy,0.3283008029009221
rms_mean,EMOPIA Happy,-0.19025819426372237
rms_mean,EMOPIA Happy,1.2458537683955975
rms_mean,EMOPIA Happy,1.2915151221835024
rms_mean,EMOPIA Happy,1.7347938500562978
rms_mean,EMOPIA Happy,1.1015297354144156
rms_mean,EMOPIA Happy,2.339033196312579
rms_mean,EMOPIA Happy,1.2183540436429876
rms_mean,EMOPIA Happy,1.3649239270965499
rms_mean,EMOPIA Happy,2.274472627441356
rms_mean,EMOPIA Happy,1.1162409066211272
rms_mean,EMOPIA Happy,2.450381423354069
rms_mean,EMOPIA Happy,-0.13638679697511097
rms_mean,EMOPIA Happy,0.07911557138804251
rms_mean,EMOPIA Happy,1.3525119735675823
rms_mean,EMOPIA Happy,1.580049928487306
rms_mean,EMOPIA Happy,0.9700126664997774
rms_mean,EMOPIA Happy,0.19269543318345161
rms_mean,EMOPIA Happy,0.4525861493984835
rms_mean,EMOPIA Happy,1.0604852275026426
rms_mean,EMOPIA Happy,1.8136894562064063
rms_mean,EMOPIA Happy,1.4502002934348415
rms_mean,EMOPIA Happy,1.8529593297561235
rms_mean,EMOPIA Happy,-0.1240082853412113
rms_mean,EMOPIA Happy,0.1208983644815525
rms_mean,EMOPIA Happy,0.4657060923157455
rms_mean,EMOPIA Happy,0.11147345966378147
rms_mean,EMOPIA Happy,0.7943972736943197
rms_mean,EMOPIA Happy,1.064027271845244
rms_mean,EMOPIA Happy,1.4473214939240722
rms_mean,EMOPIA Happy,1.175904510049164
rms_mean,EMOPIA Happy,2.342082351400312
rms_mean,EMOPIA Happy,1.6397289128566355
rms_mean,EMOPIA Happy,-0.2676676752231837
rms_mean,EMOPIA Happy,0.3216072969065788
rms_mean,EMOPIA Happy,1.5488569134694394
rms_mean,EMOPIA Happy,2.0078586920499415
rms_mean,EMOPIA Happy,-0.33969079715306016
rms_mean,EMOPIA Happy,0.15056423846533679
rms_mean,EMOPIA Happy,0.00631990672536163
rms_mean,EMOPIA Happy,-0.18311164963512724
rms_mean,EMOPIA Happy,0.01995918945560791
rms_mean,EMOPIA Happy,-0.6034774358825606
rms_mean,EMOPIA Happy,0.48075913989921554
rms_mean,EMOPIA Happy,0.2009925188291727
rms_mean,EMOPIA Happy,0.05289036736111
rms_mean,EMOPIA Happy,-0.11816212938500686
rms_mean,EMOPIA Happy,0.35695188432664493
rms_mean,EMOPIA Happy,0.31266572651649027
rms_mean,EMOPIA Happy,0.8135901249294769
rms_mean,EMOPIA Happy,1.9021713505355173
rms_mean,EMOPIA Happy,0.9369508671156164
rms_mean,EMOPIA Happy,1.7370730259014606
rms_mean,EMOPIA Happy,0.9739401665527808
rms_mean,EMOPIA Happy,1.9717186070074368
rms_mean,EMOPIA Happy,-0.24122830324105995
rms_mean,EMOPIA Happy,0.157424021756771
rms_mean,EMOPIA Happy,0.22381527220792002
rms_mean,EMOPIA Happy,0.05513738305629714
rms_mean,EMOPIA Happy,-0.08248708477185034
rms_mean,EMOPIA Happy,1.5157482721277367
rms_mean,EMOPIA Happy,1.8264770775740573
rms_mean,EMOPIA Happy,2.190669568842641
rms_mean,EMOPIA Happy,1.2482802284058037
rms_mean,EMOPIA Happy,2.23276673905426
rms_mean,EMOPIA Happy,-0.21767367340611088
rms_mean,EMOPIA Happy,0.15690736195628144
rms_mean,EMOPIA Happy,-0.629043356835261
rms_mean,EMOPIA Happy,-0.6217363610237071
rms_mean,EMOPIA Happy,1.676001833301164
rms_mean,EMOPIA Happy,0.4493673378674633
rms_mean,EMOPIA Happy,0.5880151043802864
rms_mean,EMOPIA Happy,0.7183709122278072
rms_mean,EMOPIA Happy,1.5873162580222824
rms_mean,EMOPIA Happy,1.883989213578524
rms_mean,EMOPIA Happy,1.5784062651707533
rms_mean,EMOPIA Happy,0.6276503918078381
rms_mean,EMOPIA Happy,0.9491933972458682
rms_mean,EMOPIA Happy,1.0944775738346184
rms_mean,EMOPIA Happy,0.2459553215336457
rms_mean,EMOPIA Happy,0.8146656255966968
rms_mean,EMOPIA Happy,1.0158296940570544
rms_mean,EMOPIA Happy,1.2405005016942483
rms_mean,EMOPIA Happy,-0.004939175340817229
rms_mean,EMOPIA Happy,-0.0008897929803409111
rms_mean,EMOPIA Happy,0.3994657382203948
rms_mean,EMOPIA Happy,-0.23884518951993874
rms_mean,EMOPIA Happy,0.0595879516353383
rms_mean,EMOPIA Happy,1.4872371339632615
rms_mean,EMOPIA Happy,1.0862914174018066
rms_mean,EMOPIA Happy,0.8267531810912525
rms_mean,EMOPIA Happy,0.8733858646258355
rms_mean,EMOPIA Happy,-0.4258220874778577
rms_mean,EMOPIA Happy,0.9240441599752732
rms_mean,EMOPIA Happy,0.5714733681159351
rms_mean,EMOPIA Happy,-0.08473002218716483
rms_mean,EMOPIA Happy,-0.08199477812839814
rms_mean,EMOPIA Happy,0.19579480937493546
rms_mean,EMOPIA Happy,0.46274316371702734
rms_mean,EMOPIA Happy,0.08502185284200225
rms_mean,EMOPIA Happy,1.9727666084159945
rms_mean,EMOPIA Happy,0.7023961733899693
rms_mean,EMOPIA Happy,1.9556490190316707
rms_mean,EMOPIA Happy,1.7564749181113786
rms_mean,EMOPIA Happy,0.4947255006763562
rms_mean,EMOPIA Happy,-0.05425594965215609
rms_mean,EMOPIA Happy,-0.05717285194928163
rms_mean,EMOPIA Happy,1.2964773401048628
rms_mean,EMOPIA Happy,-0.05321109434522325
rms_mean,EMOPIA Happy,-0.40257507646863777
rms_mean,EMOPIA Happy,-0.5039153211908615
rms_mean,EMOPIA Happy,-0.017820480623577287
rms_mean,EMOPIA Happy,-0.03819311996876982
rms_mean,EMOPIA Happy,-0.10372280466331897
rms_mean,EMOPIA Happy,0.26768078457834477
rms_mean,EMOPIA Happy,1.0733001150843977
rms_mean,EMOPIA Happy,0.4520294059328195
rms_mean,EMOPIA Happy,0.06327273577396737
rms_mean,EMOPIA Happy,0.7276062352920083
rms_mean,EMOPIA Happy,0.5253508191340202
rms_mean,EMOPIA Happy,1.8797452390063198
rms_mean,EMOPIA Happy,0.8942939238589943
rms_mean,EMOPIA Happy,0.012443385713852109
rms_mean,EMOPIA Happy,0.5908333123041578
rms_mean,EMOPIA Happy,0.15612561396317345
rms_mean,EMOPIA Happy,0.6030310978779342
rms_mean,EMOPIA Happy,0.6605737627204146
rms_mean,EMOPIA Happy,0.32716494369137505
rms_mean,EMOPIA Happy,1.723999458852623
rms_mean,EMOPIA Happy,1.3785402549371366
rms_mean,EMOPIA Happy,0.1949186783330172
rms_mean,EMOPIA Happy,0.5502602535472692
rms_mean,EMOPIA Happy,0.6832180039624031
rms_mean,EMOPIA Happy,0.7262934952576764
rms_mean,EMOPIA Happy,1.6566220803249188
rms_mean,EMOPIA Happy,2.198399657061848
rms_mean,EMOPIA Happy,0.6515514423885734
rms_mean,EMOPIA Happy,0.538903991897512
rms_mean,EMOPIA Happy,0.3573289504327187
rms_mean,EMOPIA Happy,0.922532865971614
rms_mean,EMOPIA Happy,1.761875492859412
rms_mean,EMOPIA Happy,-0.7907429595341733
rms_mean,EMOPIA Happy,-0.11244927491995607
rms_mean,EMOPIA Happy,0.48878449558222403
rms_mean,EMOPIA Happy,0.45544630534404973
rms_mean,EMOPIA Happy,1.3411801815971482
rms_mean,EMOPIA Happy,1.795368424688711
rms_mean,EMOPIA Happy,1.6115130421559358
rms_mean,EMOPIA Happy,0.008528120500491324
rms_mean,EMOPIA Happy,-0.38803857216335896
rms_mean,EMOPIA Happy,0.35781228486042593
rms_mean,EMOPIA Happy,0.992384478645339
rms_mean,EMOPIA Happy,0.9838144978140614
rms_mean,EMOPIA Happy,0.4051764952843663
rms_mean,EMOPIA Happy,0.632743813819273
rms_mean,EMOPIA Happy,0.5742920421289486
rms_mean,EMOPIA Happy,0.6721313748742922
rms_mean,EMOPIA Happy,0.927829269799118
rms_mean,EMOPIA Happy,-0.2881759465051676
rms_mean,EMOPIA Happy,-0.420620066699164
rms_mean,EMOPIA Happy,-0.10984104014909299
rms_mean,EMOPIA Happy,1.4280708476368098
rms_mean,EMOPIA Happy,0.911309672768439
rms_mean,EMOPIA Happy,0.5543560117761823
rms_mean,EMOPIA Happy,0.475407038420698
rms_mean,EMOPIA Angry,1.9114987262028782
rms_mean,EMOPIA Angry,3.4733710909335826
rms_mean,EMOPIA Angry,2.7348533307126366
rms_mean,EMOPIA Angry,0.5920213734962491
rms_mean,EMOPIA Angry,2.6901824163257553
rms_mean,EMOPIA Angry,-0.25812193679847334
rms_mean,EMOPIA Angry,0.053215697573769684
rms_mean,EMOPIA Angry,0.3683263234524751
rms_mean,EMOPIA Angry,0.3880351353544207
rms_mean,EMOPIA Angry,1.6813089571786475
rms_mean,EMOPIA Angry,0.8515402671079111
rms_mean,EMOPIA Angry,1.285449205202546
rms_mean,EMOPIA Angry,1.4007214366285823
rms_mean,EMOPIA Angry,2.2468430968660615
rms_mean,EMOPIA Angry,0.7496499206901301
rms_mean,EMOPIA Angry,0.7741650436995047
rms_mean,EMOPIA Angry,0.5494569489319044
rms_mean,EMOPIA Angry,1.607680624285419
rms_mean,EMOPIA Angry,-0.5465362590622069
rms_mean,EMOPIA Angry,0.4199955661246356
rms_mean,EMOPIA Angry,-0.19016089815785855
rms_mean,EMOPIA Angry,0.5627665901250345
rms_mean,EMOPIA Angry,0.7411118669642566
rms_mean,EMOPIA Angry,1.4721694045721878
rms_mean,EMOPIA Angry,-0.15917739020388266
rms_mean,EMOPIA Angry,2.351928018180099
rms_mean,EMOPIA Angry,0.7154923457616095
rms_mean,EMOPIA Angry,1.4520094183925105
rms_mean,EMOPIA Angry,2.0146780421093573
rms_mean,EMOPIA Angry,1.7193012804233354
rms_mean,EMOPIA Angry,-0.35026414558689045
rms_mean,EMOPIA Angry,0.23520346096306918
rms_mean,EMOPIA Angry,1.80385287816465
rms_mean,EMOPIA Angry,1.6151956123712
rms_mean,EMOPIA Angry,-0.7133876614360622
rms_mean,EMOPIA Angry,-0.6030354668651448
rms_mean,EMOPIA Angry,-0.41600135646652403
rms_mean,EMOPIA Angry,0.5000174766571306
rms_mean,EMOPIA Angry,1.9379136285056666
rms_mean,EMOPIA Angry,1.226785596002693
rms_mean,EMOPIA Angry,1.1495877195082018
rms_mean,EMOPIA Angry,1.2916700968191859
rms_mean,EMOPIA Angry,1.1252674217551264
rms_mean,EMOPIA Angry,1.3779294451324202
rms_mean,EMOPIA Angry,0.008357531878956288
rms_mean,EMOPIA Angry,-0.008714380770644669
rms_mean,EMOPIA Angry,-0.19741277892981482
rms_mean,EMOPIA Angry,1.7124730746704486
rms_mean,EMOPIA Angry,0.2310080761826541
rms_mean,EMOPIA Angry,1.6978511595321166
rms_mean,EMOPIA Angry,1.251644925834477
rms_mean,EMOPIA Angry,0.6737706103441027
rms_mean,EMOPIA Angry,1.4960727855985736
rms_mean,EMOPIA Angry,1.714415501119271
rms_mean,EMOPIA Angry,0.9153133783941925
rms_mean,EMOPIA Angry,1.0855829619243695
rms_mean,EMOPIA Angry,1.4905002239616147
rms_mean,EMOPIA Angry,0.89586324595933
rms_mean,EMOPIA Angry,1.7145632513734443
rms_mean,EMOPIA Angry,1.3540593894788162
rms_mean,EMOPIA Angry,1.3249292849498424
rms_mean,EMOPIA Angry,-0.09272822817834292
rms_mean,EMOPIA Angry,-0.22816755364329327
rms_mean,EMOPIA Angry,1.3794134729219887
rms_mean,EMOPIA Angry,1.8086855233079098
rms_mean,EMOPIA Angry,1.429400599924383
rms_mean,EMOPIA Angry,1.4078202071213628
rms_mean,EMOPIA Angry,0.3756551089308575
rms_mean,EMOPIA Angry,1.2023089253465318
rms_mean,EMOPIA Angry,0.5109360806139157
rms_mean,EMOPIA Angry,-0.42690854123964106
rms_mean,EMOPIA Angry,-0.4744236480193797
rms_mean,EMOPIA Angry,0.2717719984382302
rms_mean,EMOPIA Angry,0.9325896711272407
rms_mean,EMOPIA Angry,1.569987297217547
rms_mean,EMOPIA Angry,2.1862086297804644
rms_mean,EMOPIA Angry,1.507322778926722
rms_mean,EMOPIA Angry,0.8844195925977137
rms_mean,EMOPIA Angry,1.7085523329098247
rms_mean,EMOPIA Angry,-0.6550771730132333
rms_mean,EMOPIA Angry,-0.24838615053106272
rms_mean,EMOPIA Angry,-0.0028099636732051244
rms_mean,EMOPIA Angry,0.35093595540488015
rms_mean,EMOPIA Angry,1.2121489990567698
rms_mean,EMOPIA Angry,1.6144647846155318
rms_mean,EMOPIA Angry,0.8404396553458975
rms_mean,EMOPIA Angry,1.3434971106618225
rms_mean,EMOPIA Angry,2.4474343417857742
rms_mean,EMOPIA Angry,0.03733720614124954
rms_mean,EMOPIA Angry,1.0061543828542316
rms_mean,EMOPIA Angry,0.7569712487424434
rms_mean,EMOPIA Angry,0.8074163083149624
rms_mean,EMOPIA Angry,1.2749155908670455
rms_mean,EMOPIA Angry,0.9555093710449948
rms_mean,EMOPIA Angry,2.419213577149227
rms_mean,EMOPIA Angry,2.310766288852154
rms_mean,EMOPIA Angry,3.1091070549835633
rms_mean,EMOPIA Angry,1.9437397426292897
rms_mean,EMOPIA Angry,0.8874748068441375
rms_mean,EMOPIA Angry,0.6385606061602943
rms_mean,EMOPIA Angry,1.4427685022587486
rms_mean,EMOPIA Angry,0.8535609965305496
rms_mean,EMOPIA Angry,0.8710836173687527
rms_mean,EMOPIA Angry,1.2382341433001691
rms_mean,EMOPIA Angry,2.810204095985363
rms_mean,EMOPIA Angry,2.9497726215742825
rms_mean,EMOPIA Angry,2.7329647375583193
rms_mean,EMOPIA Angry,-0.6183927541281603
rms_mean,EMOPIA Angry,-0.320264901352962
rms_mean,EMOPIA Angry,0.35879153812231573
rms_mean,EMOPIA Angry,1.3521831476864405
rms_mean,EMOPIA Angry,1.5049375678045094
rms_mean,EMOPIA Angry,1.8938253255311501
rms_mean,EMOPIA Angry,0.85690075819077
rms_mean,EMOPIA Angry,-0.1233477205218872
rms_mean,EMOPIA Angry,0.7245675672096956
rms_mean,EMOPIA Angry,-0.1894735332135608
rms_mean,EMOPIA Angry,0.6582169830351243
rms_mean,EMOPIA Angry,0.6768957379600138
rms_mean,EMOPIA Angry,-0.6216892860215814
rms_mean,EMOPIA Angry,0.7375719200227472
rms_mean,EMOPIA Angry,0.6863391698207153
rms_mean,EMOPIA Angry,-0.46551621865806014
rms_mean,EMOPIA Angry,-0.7647984576857108
rms_mean,EMOPIA Angry,-0.4273413049967407
rms_mean,EMOPIA Angry,-0.2647098736048967
rms_mean,EMOPIA Angry,0.8668168044291744
rms_mean,EMOPIA Angry,0.1825787355746285
rms_mean,EMOPIA Angry,0.9295335247025562
rms_mean,EMOPIA Angry,0.9228393195745116
rms_mean,EMOPIA Angry,0.8782770039549022
rms_mean,EMOPIA Angry,0.7966675938460106
rms_mean,EMOPIA Angry,0.13182093019594976
rms_mean,EMOPIA Angry,0.7494509006316725
rms_mean,EMOPIA Angry,1.62260479822449
rms_mean,EMOPIA Angry,1.0278492005386433
rms_mean,EMOPIA Angry,-0.471573396467831
rms_mean,EMOPIA Angry,0.7417226767689725
rms_mean,EMOPIA Angry,1.6961077531417768
rms_mean,EMOPIA Angry,1.9690213492127648
rms_mean,EMOPIA Angry,1.4732959419991332
rms_mean,EMOPIA Angry,1.9320444011375417
rms_mean,EMOPIA Angry,1.9701711910962025
rms_mean,EMOPIA Angry,-0.9889895430859773
rms_mean,EMOPIA Angry,-0.9142790677554344
rms_mean,EMOPIA Angry,1.0041914484837107
rms_mean,EMOPIA Angry,1.7685102716233896
rms_mean,EMOPIA Angry,2.244882959030309
rms_mean,EMOPIA Angry,1.2279594414763104
rms_mean,EMOPIA Angry,0.7572951806877127
rms_mean,EMOPIA Angry,0.6317755136519213
rms_mean,EMOPIA Angry,0.2668192188217447
rms_mean,EMOPIA Angry,0.4290994520542156
rms_mean,EMOPIA Angry,0.5279441390527208
rms_mean,EMOPIA Angry,0.618684002171582
rms_mean,EMOPIA Angry,0.6514987743168994
rms_mean,EMOPIA Angry,1.2013597348335139
rms_mean,EMOPIA Angry,0.41895502214215885
rms_mean,EMOPIA Angry,0.9052477175450944
rms_mean,EMOPIA Angry,2.2325688842186215
rms_mean,EMOPIA Angry,2.9423636687655637
rms_mean,EMOPIA Angry,1.8937745218159965
rms_mean,EMOPIA Angry,2.226597117241916
rms_mean,EMOPIA Angry,2.832243120492197
rms_mean,EMOPIA Angry,1.6276546409022685
rms_mean,EMOPIA Angry,0.7740135647322905
rms_mean,EMOPIA Angry,1.0932529246458342
rms_mean,EMOPIA Angry,0.7882807860427802
rms_mean,EMOPIA Angry,1.144541838588023
rms_mean,EMOPIA Angry,1.7402107379238843
rms_mean,EMOPIA Angry,1.6238438961762942
rms_mean,EMOPIA Angry,1.1539591694574394
rms_mean,EMOPIA Angry,1.2911699831828083
rms_mean,EMOPIA Angry,1.4179522856714788
rms_mean,EMOPIA Angry,1.9502111571532428
rms_mean,EMOPIA Angry,0.9700574110562399
rms_mean,EMOPIA Angry,1.1608048535526856
rms_mean,EMOPIA Angry,0.9378073058917855
rms_mean,EMOPIA Angry,1.537736026830274
rms_mean,EMOPIA Angry,-0.5468166116738324
rms_mean,EMOPIA Angry,0.6480422573296373
rms_mean,EMOPIA Angry,1.103787238115036
rms_mean,EMOPIA Angry,-0.4914263464331949
rms_mean,EMOPIA Angry,0.5728669746143046
rms_mean,EMOPIA Angry,-0.10499219840856572
rms_mean,EMOPIA Angry,1.2596700484729142
rms_mean,EMOPIA Angry,1.0277834819713265
rms_mean,EMOPIA Angry,0.6178730070855772
rms_mean,EMOPIA Angry,0.9156692374448536
rms_mean,EMOPIA Angry,1.9117478508428005
rms_mean,EMOPIA Angry,0.8774942072612483
rms_mean,EMOPIA Angry,1.738922234524304
rms_mean,EMOPIA Angry,0.7040608107173751
rms_mean,EMOPIA Angry,1.2357794848975991
rms_mean,EMOPIA Angry,1.2946355889081131
rms_mean,EMOPIA Angry,1.8284243979587391
rms_mean,EMOPIA Angry,1.0267086804378076
rms_mean,EMOPIA Angry,1.022268016252784
rms_mean,EMOPIA Angry,1.4510891254055451
rms_mean,EMOPIA Angry,-0.09109843101340731
rms_mean,EMOPIA Angry,1.0829050468285906
rms_mean,EMOPIA Angry,1.999490527811902
rms_mean,EMOPIA Angry,-0.8442378733281267
rms_mean,EMOPIA Angry,1.4066309807064525
rms_mean,EMOPIA Angry,1.707279676540655
rms_mean,EMOPIA Angry,0.1784632850799914
rms_mean,EMOPIA Angry,1.0257664812617284
rms_mean,EMOPIA Angry,0.9917958080742958
rms_mean,EMOPIA Angry,-1.1033653685929556
rms_mean,EMOPIA Angry,-0.5696956453150089
rms_mean,EMOPIA Angry,0.35712946428513115
rms_mean,EMOPIA Angry,0.7638908079647888
rms_mean,EMOPIA Angry,-0.4177423158889405
rms_mean,EMOPIA Angry,0.6301027197647574
rms_mean,EMOPIA Angry,1.755435539351721
rms_mean,EMOPIA Angry,1.560752440242489
rms_mean,EMOPIA Angry,1.0586497685091432
rms_mean,EMOPIA Angry,0.49728502913314454
rms_mean,EMOPIA Angry,1.455782176854402
rms_mean,EMOPIA Angry,1.8885906785133635
rms_mean,EMOPIA Angry,0.09138245467531887
rms_mean,EMOPIA Angry,0.0659561274170217
rms_mean,EMOPIA Angry,0.7091833632994212
rms_mean,EMOPIA Angry,1.0539343447820422
rms_mean,EMOPIA Angry,2.374195892449703
rms_mean,EMOPIA Angry,2.873485949328739
rms_mean,EMOPIA Angry,1.7705025696091057
rms_mean,EMOPIA Angry,1.4136046062678627
rms_mean,EMOPIA Angry,0.05009255083666409
rms_mean,EMOPIA Angry,0.6263472066006668
rms_mean,EMOPIA Angry,1.0869847249825095
rms_mean,EMOPIA Angry,2.653931868159458
rms_mean,EMOPIA Angry,1.336964871506425
rms_mean,EMOPIA Angry,0.01876168995862928
rms_mean,EMOPIA Angry,0.8692222904285395
rms_mean,EMOPIA Angry,0.21146822159029463
rms_mean,EMOPIA Angry,0.3329400210552731
rms_mean,EMOPIA Angry,0.9367562749038884
rms_mean,EMOPIA Angry,1.1593056778663962
rms_mean,EMOPIA Angry,0.369525104694546
rms_mean,EMOPIA Angry,0.7918855193733458
rms_mean,EMOPIA Angry,1.3004906005577763
rms_mean,EMOPIA Angry,-0.0642068360530184
rms_mean,EMOPIA Angry,-0.21047562592866037
rms_mean,EMOPIA Angry,-0.07848209740099253
rms_mean,EMOPIA Angry,0.12757031385363862
rms_mean,EMOPIA Angry,1.043552908547445
rms_mean,EMOPIA Angry,2.500267409015286
rms_mean,EMOPIA Angry,1.4590343137582045
rms_mean,EMOPIA Angry,0.9107102821474036
rms_mean,EMOPIA Angry,0.43805675295242924
rms_mean,EMOPIA Angry,0.6636163925603391
rms_mean,EMOPIA Angry,0.7088382242987393
rms_mean,EMOPIA Angry,0.6503330854030395
rms_mean,EMOPIA Angry,1.010288360391786
rms_mean,EMOPIA Angry,0.5583086806422102
rms_mean,EMOPIA Angry,0.08928179096690252
rms_mean,EMOPIA Angry,1.0074452166994616
rms_mean,EMOPIA Angry,2.4412880244299218
rms_mean,EMOPIA Angry,2.6045487926693993
rms_mean,EMOPIA Angry,0.5345253175667641
rms_mean,EMOPIA Angry,0.1533435279468648
rms_mean,EMOPIA Angry,-0.7301700162137218
rms_mean,EMOPIA Calm,0.6020749160279647
rms_mean,EMOPIA Calm,-0.3037949428146178
rms_mean,EMOPIA Calm,-0.36845746868300583
rms_mean,EMOPIA Calm,-0.6181980453941467
rms_mean,EMOPIA Calm,-0.06290411693497695
rms_mean,EMOPIA Calm,-0.9290692993307937
rms_mean,EMOPIA Calm,-1.0193918961561212
rms_mean,EMOPIA Calm,-0.9830986425733101
rms_mean,EMOPIA Calm,-1.2666975941221492
rms_mean,EMOPIA Calm,-1.2483446063684844
rms_mean,EMOPIA Calm,0.40956122877380535
rms_mean,EMOPIA Calm,-0.7130762556361623
rms_mean,EMOPIA Calm,-0.6524599077654827
rms_mean,EMOPIA Calm,-0.43704329980223916
rms_mean,EMOPIA Calm,-0.44399711657562685
rms_mean,EMOPIA Calm,-0.6210595996071031
rms_mean,EMOPIA Calm,-0.4250533899803921
rms_mean,EMOPIA Calm,-0.844979595917203
rms_mean,EMOPIA Calm,-0.7438163485420495
rms_mean,EMOPIA Calm,-0.5925135047578842
rms_mean,EMOPIA Calm,-0.33277869535680865
rms_mean,EMOPIA Calm,-0.8940796387831413
rms_mean,EMOPIA Calm,-0.658631102628645
rms_mean,EMOPIA Calm,-0.4043826866366308
rms_mean,EMOPIA Calm,-0.7261009415874964
rms_mean,EMOPIA Calm,-0.5299660913609328
rms_mean,EMOPIA Calm,-1.167350958261324
rms_mean,EMOPIA Calm,-1.2433946232867792
rms_mean,EMOPIA Calm,-0.9914711181357937
rms_mean,EMOPIA Calm,-1.0802297528857754
rms_mean,EMOPIA Calm,-0.7452144994094345
rms_mean,EMOPIA Calm,-0.38294806320899044
rms_mean,EMOPIA Calm,-0.7834753482540799
rms_mean,EMOPIA Calm,-0.762960493463132
rms_mean,EMOPIA Calm,-0.6088196329670733
rms_mean,EMOPIA Calm,0.6125880224417538
rms_mean,EMOPIA Calm,-0.006811105808736566
rms_mean,EMOPIA Calm,-0.5079275329432419
rms_mean,EMOPIA Calm,-0.8910015861693432
rms_mean,EMOPIA Calm,-0.9008742278575319
rms_mean,EMOPIA Calm,-0.813470164641279
rms_mean,EMOPIA Calm,-0.597535731654727
rms_mean,EMOPIA Calm,-0.15243634311829626
rms_mean,EMOPIA Calm,-0.9595723276529978
rms_mean,EMOPIA Calm,-0.6523242175675485
rms_mean,EMOPIA Calm,-0.5064488651786634
rms_mean,EMOPIA Calm,0.7907242583062282
rms_mean,EMOPIA Calm,-0.9627225075596355
rms_mean,EMOPIA Calm,-0.9739055005753628
rms_mean,EMOPIA Calm,-1.1930447624190328
rms_mean,EMOPIA Calm,-0.9496055942217255
rms_mean,EMOPIA Calm,-1.1685749957081268
rms_mean,EMOPIA Calm,-0.8876971307607109
rms_mean,EMOPIA Calm,-0.905374085362051
rms_mean,EMOPIA Calm,-0.6876447431362913
rms_mean,EMOPIA Calm,-0.7076497546802725
rms_mean,EMOPIA Calm,-0.6840613916445542
rms_mean,EMOPIA Calm,-0.6296870259236416
rms_mean,EMOPIA Calm,-1.2339827107034953
rms_mean,EMOPIA Calm,-1.1109555718120712
rms_mean,EMOPIA Calm,-0.0046243321335781035
rms_mean,EMOPIA Calm,-0.7372210708318305
rms_mean,EMOPIA Calm,-0.5478981714997437
rms_mean,EMOPIA Calm,-0.5294406923892699
rms_mean,EMOPIA Calm,-0.205608257145228
rms_mean,EMOPIA Calm,-1.05459118028995
rms_mean,EMOPIA Calm,-1.045993001066321
rms_mean,EMOPIA Calm,-0.8831267190141584
rms_mean,EMOPIA Calm,-0.8729008982878033
rms_mean,EMOPIA Calm,-0.7721718711982827
rms_mean,EMOPIA Calm,-0.6864900655781251
rms_mean,EMOPIA Calm,-0.7293168400614506
rms_mean,EMOPIA Calm,-0.576590851380317
rms_mean,EMOPIA Calm,-0.6098245211311172
rms_mean,EMOPIA Calm,-0.8041064922829396
rms_mean,EMOPIA Calm,-1.0590159974445634
rms_mean,EMOPIA Calm,-0.9565515457410445
rms_mean,EMOPIA Calm,-0.8373270532769673
rms_mean,EMOPIA Calm,-1.3148642352443498
rms_mean,EMOPIA Calm,0.19943916028153313
rms_mean,EMOPIA Calm,-0.6563122509463074
rms_mean,EMOPIA Calm,-0.6484848666212233
rms_mean,EMOPIA Calm,-0.7871068817096191
rms_mean,EMOPIA Calm,-1.128290766558913
rms_mean,EMOPIA Calm,-0.964793458086025
rms_mean,EMOPIA Calm,-0.06567583246813818
rms_mean,EMOPIA Calm,-0.6452449645570761
rms_mean,EMOPIA Calm,-1.1379525320463861
rms_mean,EMOPIA Calm,-1.122065738401245
rms_mean,EMOPIA Calm,-0.9814902855083332
rms_mean,EMOPIA Calm,-0.9208562845118659
rms_mean,EMOPIA Calm,-0.8250524212578955
rms_mean,EMOPIA Calm,0.34465423915678306
rms_mean,EMOPIA Calm,0.567422354443497
rms_mean,EMOPIA Calm,-0.7472077878345537
rms_mean,EMOPIA Calm,-0.6323510166066736
rms_mean,EMOPIA Calm,-0.6928618535505636
rms_mean,EMOPIA Calm,-0.38219754318758553
rms_mean,EMOPIA Calm,0.040564756843455826
rms_mean,EMOPIA Calm,-0.7912900899115216
rms_mean,EMOPIA Calm,-0.8133589441226678
rms_mean,EMOPIA Calm,-0.8027498233481194
rms_mean,EMOPIA Calm,-0.9762688637696045
rms_mean,EMOPIA Calm,-0.9314321381747751
rms_mean,EMOPIA Calm,-0.5143027000618641
rms_mean,EMOPIA Calm,-1.0966272928255658
rms_mean,EMOPIA Calm,-0.9957548850674709
rms_mean,EMOPIA Calm,-0.3464756566168744
rms_mean,EMOPIA Calm,-0.501930713675798
rms_mean,EMOPIA Calm,-0.7217326960010388
rms_mean,EMOPIA Calm,-0.8432860610637442
rms_mean,EMOPIA Calm,-0.8027961992165438
rms_mean,EMOPIA Calm,-0.5563877519561259
rms_mean,EMOPIA Calm,-0.8020420087432409
rms_mean,EMOPIA Calm,-0.5643902692717603
rms_mean,EMOPIA Calm,-0.5054759041200239
rms_mean,EMOPIA Calm,-0.9493804149108407
rms_mean,EMOPIA Calm,-0.8917257721549172
rms_mean,EMOPIA Calm,-0.9753531734127971
rms_mean,EMOPIA Calm,-0.9421377393992003
rms_mean,EMOPIA Calm,-0.937549383221146
rms_mean,EMOPIA Calm,-1.0347566991063608
rms_mean,EMOPIA Calm,-0.9437021675636763
rms_mean,EMOPIA Calm,-0.8863391218196307
rms_mean,EMOPIA Calm,-1.0557627535790723
rms_mean,EMOPIA Calm,-1.1236874372675534
rms_mean,EMOPIA Calm,-0.9506933297286009
rms_mean,EMOPIA Calm,-0.7182138978537868
rms_mean,EMOPIA Calm,-0.47771854860085156
rms_mean,EMOPIA Calm,-0.4712107791247773
rms_mean,EMOPIA Calm,-0.7557944896133715
rms_mean,EMOPIA Calm,-0.49157677669986305
rms_mean,EMOPIA Calm,-0.5824818684152698
rms_mean,EMOPIA Calm,-0.7308137435632326
rms_mean,EMOPIA Calm,-0.5819556537876325
rms_mean,EMOPIA Calm,-0.8650850496686855
rms_mean,EMOPIA Calm,-0.939050889353086
rms_mean,EMOPIA Calm,-0.9302905693733939
rms_mean,EMOPIA Calm,-0.8771695755838893
rms_mean,EMOPIA Calm,-0.562777950449184
rms_mean,EMOPIA Calm,-0.4722756762642913
rms_mean,EMOPIA Calm,-0.8165364485045393
rms_mean,EMOPIA Calm,-0.33342341314572255
rms_mean,EMOPIA Calm,-0.8822036294924125
rms_mean,EMOPIA Calm,-0.7757298208324368
rms_mean,EMOPIA Calm,-0.7331016585795813
rms_mean,EMOPIA Calm,-0.6634355493795538
rms_mean,EMOPIA Calm,-0.44911966915767293
rms_mean,EMOPIA Calm,-0.7663365518143559
rms_mean,EMOPIA Calm,-0.8391314008210498
rms_mean,EMOPIA Calm,-0.7837017510489267
rms_mean,EMOPIA Calm,-0.6514536213340485
rms_mean,EMOPIA Calm,-0.8832654970525747
rms_mean,EMOPIA Calm,-0.965976450558828
rms_mean,EMOPIA Calm,-0.903743239496557
rms_mean,EMOPIA Calm,-0.9669850091747574
rms_mean,EMOPIA Calm,-1.0001886161766862
rms_mean,EMOPIA Calm,-0.9180225791244289
rms_mean,EMOPIA Calm,-0.44703520204652347
rms_mean,EMOPIA Calm,-0.5190396804112217
rms_mean,EMOPIA Calm,-0.8869450376884872
rms_mean,EMOPIA Calm,-0.8400746486976624
rms_mean,EMOPIA Calm,0.12707194805150807
rms_mean,EMOPIA Calm,-0.8756428423777946
rms_mean,EMOPIA Calm,-0.8155288803280004
rms_mean,EMOPIA Calm,-0.8319438403490198
rms_mean,EMOPIA Calm,-1.0690133179749803
rms_mean,EMOPIA Calm,-1.2509871278209674
rms_mean,EMOPIA Calm,-1.0209591791165205
rms_mean,EMOPIA Calm,-0.8556026993656413
rms_mean,EMOPIA Calm,-0.9231748448885019
rms_mean,EMOPIA Calm,-0.9657821496528017
rms_mean,EMOPIA Calm,-0.6983216798792353
rms_mean,EMOPIA Calm,-0.5204027580715774
rms_mean,EMOPIA Calm,-0.699545396889759
rms_mean,EMOPIA Calm,-0.43209856022323817
rms_mean,EMOPIA Calm,-0.5002217978810591
rms_mean,EMOPIA Calm,-0.8458589895830192
rms_mean,EMOPIA Calm,-1.26456797462655
rms_mean,EMOPIA Calm,-0.3342741423300575
rms_mean,EMOPIA Calm,0.4380183005992159
rms_mean,EMOPIA Calm,-0.6794827650770886
rms_mean,EMOPIA Calm,-0.5444077465282836
rms_mean,EMOPIA Calm,-0.9177728136119477
rms_mean,EMOPIA Calm,-1.0686713250759359
rms_mean,EMOPIA Calm,-0.9576211037718592
rms_mean,EMOPIA Calm,-0.8063686558748606
rms_mean,EMOPIA Calm,0.35089610478427696
rms_mean,EMOPIA Calm,0.23954123597266794
rms_mean,EMOPIA Calm,-0.6877784524554196
rms_mean,EMOPIA Calm,-0.7148351012289377
rms_mean,EMOPIA Calm,-0.764411720230191
rms_mean,EMOPIA Calm,-1.019111951372483
rms_mean,EMOPIA Calm,-0.9084267361182533
rms_mean,EMOPIA Calm,-0.9289292978084033
rms_mean,EMOPIA Calm,-0.8140451438441465
rms_mean,EMOPIA Calm,-0.6311391848689607
rms_mean,EMOPIA Calm,-0.4099247194355879
rms_mean,EMOPIA Calm,-0.6336817010725073
rms_mean,EMOPIA Calm,-1.0130076402994685
rms_mean,EMOPIA Calm,-0.4361005180147567
rms_mean,EMOPIA Calm,-0.7502918413458876
rms_mean,EMOPIA Calm,-0.5919571108590772
rms_mean,EMOPIA Calm,-0.9305702811124608
rms_mean,EMOPIA Calm,-0.8825267457817074
rms_mean,EMOPIA Calm,-0.7669716565149665
rms_mean,EMOPIA Calm,-0.7302265295207223
rms_mean,EMOPIA Calm,-0.8056703960971426
rms_mean,EMOPIA Calm,-1.0080035908786866
rms_mean,EMOPIA Calm,-1.1099561601953025
rms_mean,EMOPIA Calm,-1.0515057867723685
rms_mean,EMOPIA Calm,-1.0256399374645793
rms_mean,EMOPIA Calm,-0.3631659587913739
rms_mean,EMOPIA Calm,-0.3962383617032284
rms_mean,EMOPIA Calm,-0.8781611219465894
rms_mean,EMOPIA Calm,-0.9772092568503062
rms_mean,EMOPIA Calm,-0.6614008372830128
rms_mean,EMOPIA Calm,-0.391983783603318
rms_mean,EMOPIA Calm,-0.9307452975807378
rms_mean,EMOPIA Calm,-0.9433968209224675
rms_mean,EMOPIA Calm,-0.8060321977842219
rms_mean,EMOPIA Calm,-0.3493502613254605
rms_mean,EMOPIA Calm,-0.8079961808553012
rms_mean,EMOPIA Calm,-1.0789625730638934
rms_mean,EMOPIA Calm,-0.8474258647154188
rms_mean,EMOPIA Calm,-0.4677025262440887
rms_mean,EMOPIA Calm,-0.8146403979241539
rms_mean,EMOPIA Calm,-0.5473484193710433
rms_mean,EMOPIA Calm,-1.13436256791512
rms_mean,EMOPIA Calm,-0.9066555391635369
rms_mean,EMOPIA Calm,-1.057441956191784
rms_mean,EMOPIA Calm,-0.9264564036686298
rms_mean,EMOPIA Calm,-1.0059794823098518
rms_mean,EMOPIA Calm,-0.6642292409066155
rms_mean,EMOPIA Calm,-0.8124840365647238
rms_mean,EMOPIA Calm,-0.8795327057335722
rms_mean,EMOPIA Calm,-0.553965020658948
rms_mean,EMOPIA Calm,-1.1895849245467296
rms_mean,EMOPIA Calm,-0.8244604298017987
rms_mean,EMOPIA Calm,-0.7892838092519155
rms_mean,EMOPIA Calm,0.4463561690438128
rms_mean,EMOPIA Calm,-0.7246278668924789
rms_mean,EMOPIA Calm,-0.5417769064346178
rms_mean,EMOPIA Calm,-0.43527425850974466
rms_mean,EMOPIA Calm,-0.44166166046803473
rms_mean,EMOPIA Calm,-0.9832203500973543
rms_mean,EMOPIA Calm,-0.6657304557328413
rms_mean,EMOPIA Calm,-0.675293031627365
rms_mean,EMOPIA Calm,-0.5789515928232065
rms_mean,EMOPIA Calm,-1.0026768912577397
rms_mean,EMOPIA Calm,-0.8697813054803101
rms_mean,EMOPIA Calm,-1.078519497084789
rms_mean,EMOPIA Calm,-1.0563997226362032
rms_mean,EMOPIA Calm,-1.0393212264776508
rms_mean,EMOPIA Calm,-1.0958797441223698
rms_mean,EMOPIA Calm,-0.8577465345797144
rms_mean,EMOPIA Calm,-0.7656332815784928
rms_mean,EMOPIA Calm,-0.5227300576193993
rms_mean,EMOPIA Calm,-1.0497645943053808
rms_mean,EMOPIA Calm,-0.8427109070774608
rms_mean,EMOPIA Calm,-0.8353926668656418
rms_mean,EMOPIA Calm,-1.186380066559034
rms_mean,EMOPIA Calm,-1.0276677164852996
rms_mean,EMOPIA Calm,-0.8051218091912613
rms_mean,EMOPIA Calm,-0.9544891596024251
rms_mean,EMOPIA Calm,-0.9630103175973423
rms_mean,EMOPIA Calm,-1.2922325492782956
rms_mean,EMOPIA Calm,-1.3137861128257649
rms_mean,EMOPIA Calm,-0.6937682221247818
rms_mean,EMOPIA Calm,-0.4034521396888162
rms_mean,EMOPIA Calm,-0.9413386295860062
rms_mean,EMOPIA Calm,-0.9316289443098676
rms_mean,EMOPIA Calm,-0.8542297173112683
rms_mean,EMOPIA Calm,-0.45372393062729277
rms_mean,EMOPIA Calm,-1.073454448249134
rms_mean,EMOPIA Calm,-0.8347129923919844
rms_mean,EMOPIA Calm,-0.7013308678240795
rms_mean,EMOPIA Calm,-0.9203712605110792
rms_mean,EMOPIA Calm,-0.43016056162115784
rms_mean,EMOPIA Calm,-0.3202327412029987
rms_mean,EMOPIA Calm,-0.800368923550363
rms_mean,EMOPIA Calm,-0.8194891814035382
rms_mean,EMOPIA Calm,-0.5375011212792951
rms_mean,EMOPIA Calm,-0.979899581569169
rms_mean,EMOPIA Calm,-0.901132849063472
rms_mean,EMOPIA Calm,-0.8674724164531202
rms_mean,EMOPIA Calm,-0.9868998907332669
rms_mean,EMOPIA Calm,-1.3064046592757086
rms_mean,EMOPIA Calm,-0.7256913075034723
rms_mean,EMOPIA Calm,-0.6744428267933028
rms_mean,EMOPIA Calm,-0.8292947062570077
rms_mean,EMOPIA Calm,-0.749429634716729
rms_mean,EMOPIA Calm,-1.1779052261713985
rms_mean,EMOPIA Calm,-0.934797185170293
rms_mean,EMOPIA Calm,-0.927446784808511
rms_mean,EMOPIA Calm,-1.0358728660501588
rms_mean,EMOPIA Calm,-0.8577265510082638
rms_mean,EMOPIA Calm,-0.22418249158274345
rms_mean,EMOPIA Calm,-0.1846192149257582
rms_mean,EMOPIA Calm,-0.9376280357618192
rms_mean,EMOPIA Calm,-0.9250798094235019
rms_mean,EMOPIA Calm,-0.9127877573232134
rms_mean,EMOPIA Calm,-0.8877358744196381
rms_mean,EMOPIA Calm,-1.1486562106531608
rms_mean,EMOPIA Calm,-1.0385176305565842
rms_mean,EMOPIA Calm,-0.984630910587823
rms_mean,EMOPIA Calm,-0.8100040345657136
rms_mean,EMOPIA Calm,-0.8719346372604008
rms_mean,EMOPIA Calm,-0.8416476412498959
rms_mean,EMOPIA Sad,-1.068818842285538
rms_mean,EMOPIA Sad,-0.6461569844619857
rms_mean,EMOPIA Sad,-1.2093063208551749
rms_mean,EMOPIA Sad,-0.9321137352660956
rms_mean,EMOPIA Sad,-0.7882704732223872
rms_mean,EMOPIA Sad,-0.3553595484771311
rms_mean,EMOPIA Sad,-1.057438868351302
rms_mean,EMOPIA Sad,-0.9513829668574186
rms_mean,EMOPIA Sad,-0.8793109638300264
rms_mean,EMOPIA Sad,-0.9438252733551108
rms_mean,EMOPIA Sad,-1.0070746752428208
rms_mean,EMOPIA Sad,-0.44789408779062884
rms_mean,EMOPIA Sad,-1.1987544999130364
rms_mean,EMOPIA Sad,-0.6159354157130956
rms_mean,EMOPIA Sad,-0.6017792401378136
rms_mean,EMOPIA Sad,-1.02023924619426
rms_mean,EMOPIA Sad,-0.8986993977163146
rms_mean,EMOPIA Sad,-1.0411154948442998
rms_mean,EMOPIA Sad,-0.8310679423516728
rms_mean,EMOPIA Sad,-0.06380145503229517
rms_mean,EMOPIA Sad,-0.1411461496026875
rms_mean,EMOPIA Sad,-0.8102053850698339
rms_mean,EMOPIA Sad,-0.44410571534288595
rms_mean,EMOPIA Sad,-0.8285089965063004
rms_mean,EMOPIA Sad,-1.1698253671907606
rms_mean,EMOPIA Sad,-1.1958836821786212
rms_mean,EMOPIA Sad,-1.1255615816588374
rms_mean,EMOPIA Sad,-1.1518762747987206
rms_mean,EMOPIA Sad,-0.9492402386050341
rms_mean,EMOPIA Sad,-0.8755468280170478
rms_mean,EMOPIA Sad,-1.3176727718187748
rms_mean,EMOPIA Sad,-0.6990428362854577
rms_mean,EMOPIA Sad,-1.2965690716733551
rms_mean,EMOPIA Sad,-1.0001009331591253
rms_mean,EMOPIA Sad,-1.0841805573952827
rms_mean,EMOPIA Sad,-1.0244166865431856
rms_mean,EMOPIA Sad,-1.0103969585606694
rms_mean,EMOPIA Sad,-0.2382610633178981
rms_mean,EMOPIA Sad,-0.51789484898593
rms_mean,EMOPIA Sad,-0.6313750259686821
rms_mean,EMOPIA Sad,-0.6226151720781077
rms_mean,EMOPIA Sad,-0.3562733162162753
rms_mean,EMOPIA Sad,-0.7294712903468737
rms_mean,EMOPIA Sad,-0.9648482818199211
rms_mean,EMOPIA Sad,-0.40141113538902506
rms_mean,EMOPIA Sad,-0.529020279994111
rms_mean,EMOPIA Sad,-1.15324771293284
rms_mean,EMOPIA Sad,-0.5756575078977093
rms_mean,EMOPIA Sad,-0.5416904469010313
rms_mean,EMOPIA Sad,-0.534351174417216
rms_mean,EMOPIA Sad,-0.5453790762749744
rms_mean,EMOPIA Sad,-0.4553670113324296
rms_mean,EMOPIA Sad,-1.0552147492846067
rms_mean,EMOPIA Sad,-0.6828972175203702
rms_mean,EMOPIA Sad,-0.7166047833939907
rms_mean,EMOPIA Sad,-1.0365143212151746
rms_mean,EMOPIA Sad,-1.113129411513873
rms_mean,EMOPIA Sad,0.6376699098330706
rms_mean,EMOPIA Sad,-1.084607786343977
rms_mean,EMOPIA Sad,-0.506852148798295
rms_mean,EMOPIA Sad,-0.16876181402636492
rms_mean,EMOPIA Sad,0.1263893605207843
rms_mean,EMOPIA Sad,-0.6165974953221082
rms_mean,EMOPIA Sad,-0.5097028664389862
rms_mean,EMOPIA Sad,-0.46364533689068654
rms_mean,EMOPIA Sad,-0.5931537947000685
rms_mean,EMOPIA Sad,-0.5215812644365082
rms_mean,EMOPIA Sad,-0.4027200301880432
rms_mean,EMOPIA Sad,-1.1720183165468958
rms_mean,EMOPIA Sad,-0.8175756524807809
rms_mean,EMOPIA Sad,-0.20137278869963826
rms_mean,EMOPIA Sad,-0.08121093273421108
rms_mean,EMOPIA Sad,-0.45323943097676644
rms_mean,EMOPIA Sad,-0.9876280384764279
rms_mean,EMOPIA Sad,-0.8416087810686955
rms_mean,EMOPIA Sad,-0.7886478888953178
rms_mean,EMOPIA Sad,-0.5801444314288717
rms_mean,EMOPIA Sad,-0.2610770584042531
rms_mean,EMOPIA Sad,-0.6060250790665381
rms_mean,EMOPIA Sad,-0.8146744224306373
rms_mean,EMOPIA Sad,-1.0382385596900632
rms_mean,EMOPIA Sad,-0.9311740413190953
rms_mean,EMOPIA Sad,-1.261033737276875
rms_mean,EMOPIA Sad,-0.9136246203559317
rms_mean,EMOPIA Sad,-1.045085583791557
rms_mean,EMOPIA Sad,-0.9635508062045963
rms_mean,EMOPIA Sad,-0.8642970094723152
rms_mean,EMOPIA Sad,-0.767800712554759
rms_mean,EMOPIA Sad,-0.53839787676521
rms_mean,EMOPIA Sad,-0.8715770886366352
rms_mean,EMOPIA Sad,-1.0458514847542546
rms_mean,EMOPIA Sad,-0.7801105343031334
rms_mean,EMOPIA Sad,-0.4765608997244889
rms_mean,EMOPIA Sad,-0.9671558891020064
rms_mean,EMOPIA Sad,-1.0431382051457445
rms_mean,EMOPIA Sad,-1.1518049340312653
rms_mean,EMOPIA Sad,-0.9525936333723
rms_mean,EMOPIA Sad,-0.5498926834088247
rms_mean,EMOPIA Sad,-0.4470045566862363
rms_mean,EMOPIA Sad,-1.048544606007898
rms_mean,EMOPIA Sad,-0.47047330959900213
rms_mean,EMOPIA Sad,-0.5475052583632471
rms_mean,EMOPIA Sad,-1.2627095316128252
rms_mean,EMOPIA Sad,-0.6186759032745662
rms_mean,EMOPIA Sad,-0.39081110335250707
rms_mean,EMOPIA Sad,0.9847105541662751
rms_mean,EMOPIA Sad,-0.7490408581212603
rms_mean,EMOPIA Sad,-0.8739631154148223
rms_mean,EMOPIA Sad,-0.7002138269631644
rms_mean,EMOPIA Sad,-0.7004299757971492
rms_mean,EMOPIA Sad,-0.7477591712752155
rms_mean,EMOPIA Sad,-1.1616695065513918
rms_mean,EMOPIA Sad,-0.48495772844402246
rms_mean,EMOPIA Sad,-0.15344530956222543
rms_mean,EMOPIA Sad,-1.1573080192573018
rms_mean,EMOPIA Sad,-1.1832817973292389
rms_mean,EMOPIA Sad,-1.2650188867291452
rms_mean,EMOPIA Sad,-1.142745239177335
rms_mean,EMOPIA Sad,-0.049847096050251116
rms_mean,EMOPIA Sad,-0.6139554690893329
rms_mean,EMOPIA Sad,-1.0361684248196485
rms_mean,EMOPIA Sad,-0.5777352167164787
rms_mean,EMOPIA Sad,-0.2477046117008849
rms_mean,EMOPIA Sad,-0.6433025963693965
rms_mean,EMOPIA Sad,-0.5771798715182174
rms_mean,EMOPIA Sad,-0.7244862923192822
rms_mean,EMOPIA Sad,-0.2550204632059105
rms_mean,EMOPIA Sad,0.20948186624098392
rms_mean,EMOPIA Sad,0.3959905776679418
rms_mean,EMOPIA Sad,0.42420621532407005
rms_mean,EMOPIA Sad,-0.9800246099782541
rms_mean,EMOPIA Sad,-0.8632653211833103
rms_mean,EMOPIA Sad,-0.90988745945133
rms_mean,EMOPIA Sad,-1.246843828500811
rms_mean,EMOPIA Sad,-0.8664717813523898
rms_mean,EMOPIA Sad,-0.3155675385796488
rms_mean,EMOPIA Sad,0.28714897796698213
rms_mean,EMOPIA Sad,0.14636069712513905
rms_mean,EMOPIA Sad,-0.5081034815897665
rms_mean,EMOPIA Sad,-0.49478358643578707
rms_mean,EMOPIA Sad,-1.3040265560127324
rms_mean,EMOPIA Sad,-1.358668311241349
rms_mean,EMOPIA Sad,-1.2554583499745704
rms_mean,EMOPIA Sad,-0.9783975510869564
rms_mean,EMOPIA Sad,-1.186701493275237
rms_mean,EMOPIA Sad,-0.9272153132943762
rms_mean,EMOPIA Sad,-0.6650243889621976
rms_mean,EMOPIA Sad,-0.8852309949133299
rms_mean,EMOPIA Sad,-0.23828879562113173
rms_mean,EMOPIA Sad,-0.7401948942639437
rms_mean,EMOPIA Sad,-0.3593753724202538
rms_mean,EMOPIA Sad,-1.165160310220274
rms_mean,EMOPIA Sad,-0.9425968954532863
rms_mean,EMOPIA Sad,-0.4186608610416711
rms_mean,EMOPIA Sad,-0.954374967765605
rms_mean,EMOPIA Sad,-0.9774176569525082
rms_mean,EMOPIA Sad,-1.1334253500666331
rms_mean,EMOPIA Sad,-0.8420804050070081
rms_mean,EMOPIA Sad,-0.9723295949660633
rms_mean,EMOPIA Sad,-0.9760036007935576
rms_mean,EMOPIA Sad,-0.18250864682333692
rms_mean,EMOPIA Sad,0.17506095095407934
rms_mean,EMOPIA Sad,-0.44755990188449757
rms_mean,EMOPIA Sad,-0.8914509543516973
rms_mean,EMOPIA Sad,-0.9712394124912518
rms_mean,EMOPIA Sad,-0.45354402022315626
rms_mean,EMOPIA Sad,-0.6693118263457726
rms_mean,EMOPIA Sad,-0.5517309389371049
rms_mean,EMOPIA Sad,-0.6817925862825387
rms_mean,EMOPIA Sad,-0.9161214598247427
rms_mean,EMOPIA Sad,-0.9083688828050054
rms_mean,EMOPIA Sad,-0.5441278600057884
rms_mean,EMOPIA Sad,-1.1720454079775708
rms_mean,EMOPIA Sad,-0.883421811694518
rms_mean,EMOPIA Sad,-0.5876658282401883
rms_mean,EMOPIA Sad,-1.0693324725066755
rms_mean,EMOPIA Sad,-1.1191375043121468
rms_mean,EMOPIA Sad,-0.9772233560464819
rms_mean,EMOPIA Sad,-0.7799467622351212
rms_mean,EMOPIA Sad,-1.0473589335226
rms_mean,EMOPIA Sad,-0.613507091346369
rms_mean,EMOPIA Sad,-1.0419839936767084
rms_mean,EMOPIA Sad,-0.5862249136951342
rms_mean,EMOPIA Sad,-0.6648310784955743
rms_mean,EMOPIA Sad,-1.1420048565945062
rms_mean,EMOPIA Sad,-0.9895672605624826
rms_mean,EMOPIA Sad,-0.6425288884137855
rms_mean,EMOPIA Sad,-0.16247368905274484
rms_mean,EMOPIA Sad,0.14902929043832894
rms_mean,EMOPIA Sad,0.15080299262212427
rms_mean,EMOPIA Sad,-0.36746574753687733
rms_mean,EMOPIA Sad,0.020700620738969815
rms_mean,EMOPIA Sad,0.13880306188398675
rms_mean,EMOPIA Sad,-0.49191772089837427
rms_mean,EMOPIA Sad,-1.0531083177232132
rms_mean,EMOPIA Sad,-0.8029530382087475
rms_mean,EMOPIA Sad,-0.9158907457054523
rms_mean,EMOPIA Sad,-0.6586998507753008
rms_mean,EMOPIA Sad,-0.432829737545751
rms_mean,EMOPIA Sad,-0.6627336774110809
rms_mean,EMOPIA Sad,-0.9671959727671811
rms_mean,EMOPIA Sad,-1.128143831960714
rms_mean,EMOPIA Sad,-0.9842260539173727
rms_mean,EMOPIA Sad,-0.9044481993055246
rms_mean,EMOPIA Sad,-0.7926042864743865
rms_mean,EMOPIA Sad,-1.0142245990176
rms_mean,EMOPIA Sad,-0.9817536841278722
rms_mean,EMOPIA Sad,-0.19813533360342725
rms_mean,EMOPIA Sad,0.13882858026384298
rms_mean,EMOPIA Sad,0.5236554199240411
rms_mean,EMOPIA Sad,-0.04191507471550737
rms_mean,EMOPIA Sad,-0.6211891723852159
rms_mean,EMOPIA Sad,-0.7633050498524108
rms_mean,EMOPIA Sad,-0.8925499342588377
rms_mean,EMOPIA Sad,-0.6957885437194208
rms_mean,EMOPIA Sad,-0.6707201146517336
rms_mean,EMOPIA Sad,-0.37989482984137224
rms_mean,EMOPIA Sad,-0.6712819850978161
rms_mean,EMOPIA Sad,-0.4158750463123218
rms_mean,EMOPIA Sad,-1.3090830987217605
rms_mean,EMOPIA Sad,-1.2572940711432068
rms_mean,EMOPIA Sad,-1.0899333790032353
rms_mean,EMOPIA Sad,-0.48022587507509573
rms_mean,EMOPIA Sad,-0.6773768578659557
rms_mean,EMOPIA Sad,-0.5841721406448179
rms_mean,EMOPIA Sad,-0.7619761714819544
rms_mean,EMOPIA Sad,-0.7147481756062087
rms_mean,EMOPIA Sad,-0.53662965112869
rms_mean,EMOPIA Sad,-0.43251594303905777
rms_mean,EMOPIA Sad,-1.334183047066852
rms_mean,EMOPIA Sad,-1.2835611358001136
rms_mean,EMOPIA Sad,-1.1515492258823914
rms_mean,EMOPIA Sad,-1.3187042853243638
rms_mean,EMOPIA Sad,-0.9047405537122466
rms_mean,EMOPIA Sad,-0.9521552765456393
rms_mean,EMOPIA Sad,-1.2736516148095307
rms_mean,EMOPIA Sad,-1.1124823632793084
rms_mean,EMOPIA Sad,-0.5659866245416283
rms_mean,EMOPIA Sad,0.050931394748175964
rms_mean,EMOPIA Sad,-1.2302542889700794
rms_mean,EMOPIA Sad,-1.1819743590587541
rms_mean,EMOPIA Sad,-1.2267503765444248
rms_mean,EMOPIA Sad,-1.0312081295159514
rms_mean,EMOPIA Sad,-1.0554861879416177
rms_mean,EMOPIA Sad,-1.2789760422459697
rms_mean,EMOPIA Sad,-0.7243933657990049
rms_mean,EMOPIA Sad,-0.30758960746561076
rms_mean,EMOPIA Sad,-0.7368284490010356
rms_mean,EMOPIA Sad,-0.48368483903029397
rms_mean,EMOPIA Sad,-0.24306061613294735
rms_mean,EMOPIA Sad,-0.26979141034352044
rms_mean,EMOPIA Sad,-0.675350884940613
rms_mean,EMOPIA Sad,-0.5902325810784868
rms_mean,MusicGen Happy,22.184657638823293
rms_mean,MusicGen Happy,21.04609511232897
rms_mean,MusicGen Happy,25.91064125999549
rms_mean,MusicGen Happy,21.177847323209644
rms_mean,MusicGen Happy,15.668712959401441
rms_mean,MusicGen Happy,20.184083774519863
rms_mean,MusicGen Happy,18.236325266059005
rms_mean,MusicGen Happy,22.213365000511455
rms_mean,MusicGen Happy,15.963051973639764
rms_mean,MusicGen Happy,19.301180457552586
rms_mean,MusicGen Happy,12.414744325316269
rms_mean,MusicGen Happy,23.29479991453347
rms_mean,MusicGen Happy,17.522707385424148
rms_mean,MusicGen Happy,20.13348140986601
rms_mean,MusicGen Happy,16.403735517237347
rms_mean,MusicGen Angry,16.34156668473615
rms_mean,MusicGen Angry,19.150117241842327
rms_mean,MusicGen Angry,16.632771715665097
rms_mean,MusicGen Angry,16.67818184741198
rms_mean,MusicGen Angry,13.341353752171555
rms_mean,MusicGen Angry,7.211546205476301
rms_mean,MusicGen Angry,11.996459160944662
rms_mean,MusicGen Angry,19.047905760014057
rms_mean,MusicGen Angry,11.597628556854648
rms_mean,MusicGen Angry,14.209936014533845
rms_mean,MusicGen Angry,23.281477222844703
rms_mean,MusicGen Angry,10.650155116188984
rms_mean,MusicGen Angry,20.86446950019359
rms_mean,MusicGen Angry,16.07190802210374
rms_mean,MusicGen Angry,13.94131486630457
rms_mean,MusicGen Calm,12.099034192294246
rms_mean,MusicGen Calm,23.17104952183474
rms_mean,MusicGen Calm,15.421083533404136
rms_mean,MusicGen Calm,12.744616110460855
rms_mean,MusicGen Calm,10.461892394843975
rms_mean,MusicGen Calm,14.10061014822694
rms_mean,MusicGen Calm,13.283568954026101
rms_mean,MusicGen Calm,8.963303048679466
rms_mean,MusicGen Calm,13.781403414552486
rms_mean,MusicGen Calm,20.40106690804867
rms_mean,MusicGen Calm,19.763397318951068
rms_mean,MusicGen Calm,16.771798645685088
rms_mean,MusicGen Calm,11.55789072981852
rms_mean,MusicGen Calm,13.478770810336906
rms_mean,MusicGen Calm,15.772160509602179
rms_mean,MusicGen Sad,11.101587607300079
rms_mean,MusicGen Sad,14.338751863896213
rms_mean,MusicGen Sad,13.662435096326424
rms_mean,MusicGen Sad,16.20912652629976
rms_mean,MusicGen Sad,13.786922842028638
rms_mean,MusicGen Sad,10.524344609536143
rms_mean,MusicGen Sad,24.137181442548144
rms_mean,MusicGen Sad,18.52482698003459
rms_mean,MusicGen Sad,20.681417655320747
rms_mean,MusicGen Sad,19.548815476619453
rms_mean,MusicGen Sad,6.534409121037906
rms_mean,MusicGen Sad,16.094011832999627
rms_mean,MusicGen Sad,12.483474760588049
rms_mean,MusicGen Sad,15.108880254995404
rms_mean,MusicGen Sad,18.63886407526642
mfcc_1_mean,EMOPIA Happy,0.09679170807217931
mfcc_1_mean,EMOPIA Happy,0.09664739044891917
mfcc_1_mean,EMOPIA Happy,0.2957150925044404
mfcc_1_mean,EMOPIA Happy,0.4550928377673275
mfcc_1_mean,EMOPIA Happy,1.0133652395468273
mfcc_1_mean,EMOPIA Happy,1.0281460491476317
mfcc_1_mean,EMOPIA Happy,0.6274849001726729
mfcc_1_mean,EMOPIA Happy,0.8909536890086479
mfcc_1_mean,EMOPIA Happy,1.2245489095085478
mfcc_1_mean,EMOPIA Happy,-0.2653459583363879
mfcc_1_mean,EMOPIA Happy,-1.0307603907988332
mfcc_1_mean,EMOPIA Happy,-0.04282235399302381
mfcc_1_mean,EMOPIA Happy,-0.48487357357053734
mfcc_1_mean,EMOPIA Happy,-0.46465344393649716
mfcc_1_mean,EMOPIA Happy,0.004269940840178605
mfcc_1_mean,EMOPIA Happy,0.23324495314837126
mfcc_1_mean,EMOPIA Happy,0.29086273872187735
mfcc_1_mean,EMOPIA Happy,0.15655076442799926
mfcc_1_mean,EMOPIA Happy,-0.2666399690669054
mfcc_1_mean,EMOPIA Happy,0.3182476603344277
mfcc_1_mean,EMOPIA Happy,-0.40095082461951725
mfcc_1_mean,EMOPIA Happy,-0.15051872775131137
mfcc_1_mean,EMOPIA Happy,-0.5077548157616302
mfcc_1_mean,EMOPIA Happy,1.4655298801651584
mfcc_1_mean,EMOPIA Happy,1.323401633562449
mfcc_1_mean,EMOPIA Happy,0.995232681114354
mfcc_1_mean,EMOPIA Happy,1.002979218550965
mfcc_1_mean,EMOPIA Happy,1.4190361119090404
mfcc_1_mean,EMOPIA Happy,0.525998659179603
mfcc_1_mean,EMOPIA Happy,1.2170678866656337
mfcc_1_mean,EMOPIA Happy,0.9985549697593628
mfcc_1_mean,EMOPIA Happy,1.312890313544842
mfcc_1_mean,EMOPIA Happy,1.0066285525592766
mfcc_1_mean,EMOPIA Happy,1.4471948295636157
mfcc_1_mean,EMOPIA Happy,-2.1287698890697517
mfcc_1_mean,EMOPIA Happy,0.4138780366297126
mfcc_1_mean,EMOPIA Happy,1.2697743980832557
mfcc_1_mean,EMOPIA Happy,0.8469409159658253
mfcc_1_mean,EMOPIA Happy,0.2954499508244986
mfcc_1_mean,EMOPIA Happy,0.8528698717596287
mfcc_1_mean,EMOPIA Happy,2.089994473491302
mfcc_1_mean,EMOPIA Happy,1.2978480914016477
mfcc_1_mean,EMOPIA Happy,1.2047471891078334
mfcc_1_mean,EMOPIA Happy,1.530073420000097
mfcc_1_mean,EMOPIA Happy,0.6143437923534493
mfcc_1_mean,EMOPIA Happy,0.7177128748964847
mfcc_1_mean,EMOPIA Happy,0.9104757240929686
mfcc_1_mean,EMOPIA Happy,0.6822185707635213
mfcc_1_mean,EMOPIA Happy,0.43618648329283005
mfcc_1_mean,EMOPIA Happy,-0.8399732386773592
mfcc_1_mean,EMOPIA Happy,-0.36157635286377665
mfcc_1_mean,EMOPIA Happy,-0.28206517363668226
mfcc_1_mean,EMOPIA Happy,0.44633980610545243
mfcc_1_mean,EMOPIA Happy,0.778154363424308
mfcc_1_mean,EMOPIA Happy,0.4083346736587782
mfcc_1_mean,EMOPIA Happy,1.2957571639762842
mfcc_1_mean,EMOPIA Happy,0.6416884392804395
mfcc_1_mean,EMOPIA Happy,0.543345488329886
mfcc_1_mean,EMOPIA Happy,0.5560954096199129
mfcc_1_mean,EMOPIA Happy,1.0753185204381999
mfcc_1_mean,EMOPIA Happy,1.4437304607778785
mfcc_1_mean,EMOPIA Happy,1.2197580864955915
mfcc_1_mean,EMOPIA Happy,1.0133835123208317
mfcc_1_mean,EMOPIA Happy,1.3577354300892546
mfcc_1_mean,EMOPIA Happy,1.257721079687929
mfcc_1_mean,EMOPIA Happy,1.3545268801395796
mfcc_1_mean,EMOPIA Happy,0.7283360690406502
mfcc_1_mean,EMOPIA Happy,1.3697831547782542
mfcc_1_mean,EMOPIA Happy,1.1747813313955953
mfcc_1_mean,EMOPIA Happy,1.0359899170743478
mfcc_1_mean,EMOPIA Happy,1.1549937817175788
mfcc_1_mean,EMOPIA Happy,-0.28125445913289404
mfcc_1_mean,EMOPIA Happy,-0.5639984141472525
mfcc_1_mean,EMOPIA Happy,-0.36542333116234105
mfcc_1_mean,EMOPIA Happy,0.08823818526933212
mfcc_1_mean,EMOPIA Happy,0.2862770182742762
mfcc_1_mean,EMOPIA Happy,0.3990778355136382
mfcc_1_mean,EMOPIA Happy,0.7302893912903478
mfcc_1_mean,EMOPIA Happy,-0.4218041618098741
mfcc_1_mean,EMOPIA Happy,-0.29491801912314214
mfcc_1_mean,EMOPIA Happy,-0.48969907756272646
mfcc_1_mean,EMOPIA Happy,0.3598913122905145
mfcc_1_mean,EMOPIA Happy,0.10311035874015867
mfcc_1_mean,EMOPIA Happy,1.169149587864681
mfcc_1_mean,EMOPIA Happy,1.2226373535994317
mfcc_1_mean,EMOPIA Happy,1.4009826111926678
mfcc_1_mean,EMOPIA Happy,0.8360085763186054
mfcc_1_mean,EMOPIA Happy,1.8335554818544577
mfcc_1_mean,EMOPIA Happy,1.1608638171380619
mfcc_1_mean,EMOPIA Happy,1.0379089312585679
mfcc_1_mean,EMOPIA Happy,1.952648845798935
mfcc_1_mean,EMOPIA Happy,0.7688188404768225
mfcc_1_mean,EMOPIA Happy,1.7512694513749771
mfcc_1_mean,EMOPIA Happy,0.21147275646522046
mfcc_1_mean,EMOPIA Happy,0.3547618835878429
mfcc_1_mean,EMOPIA Happy,1.0762657213763884
mfcc_1_mean,EMOPIA Happy,1.5265997283704802
mfcc_1_mean,EMOPIA Happy,0.8022960541079511
mfcc_1_mean,EMOPIA Happy,0.59236127231237
mfcc_1_mean,EMOPIA Happy,0.6838463393049352
mfcc_1_mean,EMOPIA Happy,1.0099362975678337
mfcc_1_mean,EMOPIA Happy,1.4408191230910918
mfcc_1_mean,EMOPIA Happy,1.2546758659630282
mfcc_1_mean,EMOPIA Happy,1.486679310877138
mfcc_1_mean,EMOPIA Happy,0.308631333329283
mfcc_1_mean,EMOPIA Happy,0.22958368589989198
mfcc_1_mean,EMOPIA Happy,0.5152937969230504
mfcc_1_mean,EMOPIA Happy,0.30880846736299866
mfcc_1_mean,EMOPIA Happy,1.0572836654095863
mfcc_1_mean,EMOPIA Happy,1.0621076777467546
mfcc_1_mean,EMOPIA Happy,1.4547754203791652
mfcc_1_mean,EMOPIA Happy,1.0199934086316165
mfcc_1_mean,EMOPIA Happy,1.8675812516194743
mfcc_1_mean,EMOPIA Happy,1.0567850797188947
mfcc_1_mean,EMOPIA Happy,-0.3078864678737117
mfcc_1_mean,EMOPIA Happy,0.37796010247084927
mfcc_1_mean,EMOPIA Happy,1.4100306176349
mfcc_1_mean,EMOPIA Happy,1.6204449665196585
mfcc_1_mean,EMOPIA Happy,-0.2887298882694801
mfcc_1_mean,EMOPIA Happy,0.4546762931027777
mfcc_1_mean,EMOPIA Happy,0.23117714637582962
mfcc_1_mean,EMOPIA Happy,-0.2059329659453858
mfcc_1_mean,EMOPIA Happy,0.5195166722868494
mfcc_1_mean,EMOPIA Happy,-0.28889322449425436
mfcc_1_mean,EMOPIA Happy,0.6574011603554697
mfcc_1_mean,EMOPIA Happy,0.1524669858948884
mfcc_1_mean,EMOPIA Happy,0.41696613543646055
mfcc_1_mean,EMOPIA Happy,0.0008365238961225388
mfcc_1_mean,EMOPIA Happy,0.49876178432786267
mfcc_1_mean,EMOPIA Happy,0.480559491023169
mfcc_1_mean,EMOPIA Happy,0.9870054578473001
mfcc_1_mean,EMOPIA Happy,1.6814588776617014
mfcc_1_mean,EMOPIA Happy,0.7392919022544465
mfcc_1_mean,EMOPIA Happy,1.6050753260994055
mfcc_1_mean,EMOPIA Happy,1.105148637543547
mfcc_1_mean,EMOPIA Happy,1.5593244020436305
mfcc_1_mean,EMOPIA Happy,-0.3158190892741636
mfcc_1_mean,EMOPIA Happy,0.34465405625335466
mfcc_1_mean,EMOPIA Happy,0.35803159139336954
mfcc_1_mean,EMOPIA Happy,0.3746008953640765
mfcc_1_mean,EMOPIA Happy,0.05252498076207011
mfcc_1_mean,EMOPIA Happy,0.8388397375480258
mfcc_1_mean,EMOPIA Happy,1.3481936858351469
mfcc_1_mean,EMOPIA Happy,1.8352507477855622
mfcc_1_mean,EMOPIA Happy,1.3739321932185238
mfcc_1_mean,EMOPIA Happy,1.77288092222964
mfcc_1_mean,EMOPIA Happy,0.07584402370175881
mfcc_1_mean,EMOPIA Happy,0.32850204277470796
mfcc_1_mean,EMOPIA Happy,-0.5381211828469441
mfcc_1_mean,EMOPIA Happy,-0.7163948409991834
mfcc_1_mean,EMOPIA Happy,1.4687787048003942
mfcc_1_mean,EMOPIA Happy,0.44636702880958146
mfcc_1_mean,EMOPIA Happy,0.8008700319080955
mfcc_1_mean,EMOPIA Happy,0.7140702533357663
mfcc_1_mean,EMOPIA Happy,1.3012009589745823
mfcc_1_mean,EMOPIA Happy,1.677002931200908
mfcc_1_mean,EMOPIA Happy,1.4033148138176401
mfcc_1_mean,EMOPIA Happy,0.8549343223083736
mfcc_1_mean,EMOPIA Happy,0.6846630204288072
mfcc_1_mean,EMOPIA Happy,0.9803578972472411
mfcc_1_mean,EMOPIA Happy,0.4020906057418366
mfcc_1_mean,EMOPIA Happy,0.9827937698961576
mfcc_1_mean,EMOPIA Happy,1.0781873459568947
mfcc_1_mean,EMOPIA Happy,1.2949785200554425
mfcc_1_mean,EMOPIA Happy,0.26737252836855535
mfcc_1_mean,EMOPIA Happy,0.06366652502595227
mfcc_1_mean,EMOPIA Happy,0.7148078767435369
mfcc_1_mean,EMOPIA Happy,-0.4701076805199406
mfcc_1_mean,EMOPIA Happy,-0.11859805613435566
mfcc_1_mean,EMOPIA Happy,1.40359412622028
mfcc_1_mean,EMOPIA Happy,1.3338353875189761
mfcc_1_mean,EMOPIA Happy,0.8203055510012109
mfcc_1_mean,EMOPIA Happy,1.1256130256872383
mfcc_1_mean,EMOPIA Happy,-0.2031062796810277
mfcc_1_mean,EMOPIA Happy,1.1171352043766953
mfcc_1_mean,EMOPIA Happy,0.8318427567593523
mfcc_1_mean,EMOPIA Happy,0.4073319085710659
mfcc_1_mean,EMOPIA Happy,0.19857702589691345
mfcc_1_mean,EMOPIA Happy,0.5969481115012361
mfcc_1_mean,EMOPIA Happy,0.7238193376377603
mfcc_1_mean,EMOPIA Happy,0.4925572452689729
mfcc_1_mean,EMOPIA Happy,1.5708231976849871
mfcc_1_mean,EMOPIA Happy,0.8738238956638874
mfcc_1_mean,EMOPIA Happy,1.5169345496634046
mfcc_1_mean,EMOPIA Happy,1.436151361617349
mfcc_1_mean,EMOPIA Happy,0.7604070249009484
mfcc_1_mean,EMOPIA Happy,0.30748499644582167
mfcc_1_mean,EMOPIA Happy,0.3833196189604739
mfcc_1_mean,EMOPIA Happy,1.4238377494208974
mfcc_1_mean,EMOPIA Happy,0.09954455741300931
mfcc_1_mean,EMOPIA Happy,-0.505507637472841
mfcc_1_mean,EMOPIA Happy,-0.4612718620044128
mfcc_1_mean,EMOPIA Happy,0.04819657080555237
mfcc_1_mean,EMOPIA Happy,0.348171378792329
mfcc_1_mean,EMOPIA Happy,0.18010996382603184
mfcc_1_mean,EMOPIA Happy,0.405569891077782
mfcc_1_mean,EMOPIA Happy,1.1292340182501561
mfcc_1_mean,EMOPIA Happy,0.7690526574013281
mfcc_1_mean,EMOPIA Happy,0.3314995235389434
mfcc_1_mean,EMOPIA Happy,1.0470885762563829
mfcc_1_mean,EMOPIA Happy,0.7768625901763218
mfcc_1_mean,EMOPIA Happy,1.7378986286825548
mfcc_1_mean,EMOPIA Happy,1.0448499749839633
mfcc_1_mean,EMOPIA Happy,-0.025202551973939252
mfcc_1_mean,EMOPIA Happy,0.7155936060257272
mfcc_1_mean,EMOPIA Happy,0.24332704943375194
mfcc_1_mean,EMOPIA Happy,0.659522666708759
mfcc_1_mean,EMOPIA Happy,0.6544305293816073
mfcc_1_mean,EMOPIA Happy,0.3811768565231393
mfcc_1_mean,EMOPIA Happy,1.5670746686177928
mfcc_1_mean,EMOPIA Happy,1.400688382239821
mfcc_1_mean,EMOPIA Happy,0.515258743030063
mfcc_1_mean,EMOPIA Happy,0.3089572599513211
mfcc_1_mean,EMOPIA Happy,0.6137292304848923
mfcc_1_mean,EMOPIA Happy,0.5702247388903963
mfcc_1_mean,EMOPIA Happy,1.4876962466875476
mfcc_1_mean,EMOPIA Happy,1.5725259218911953
mfcc_1_mean,EMOPIA Happy,0.9692872065968455
mfcc_1_mean,EMOPIA Happy,0.7911992594946913
mfcc_1_mean,EMOPIA Happy,0.3614258523931311
mfcc_1_mean,EMOPIA Happy,1.103738650635165
mfcc_1_mean,EMOPIA Happy,1.7229078686375772
mfcc_1_mean,EMOPIA Happy,-1.3677304807832233
mfcc_1_mean,EMOPIA Happy,-0.11316321106618218
mfcc_1_mean,EMOPIA Happy,0.7181745421254135
mfcc_1_mean,EMOPIA Happy,0.6872629751300083
mfcc_1_mean,EMOPIA Happy,1.30976529627633
mfcc_1_mean,EMOPIA Happy,1.52483510048091
mfcc_1_mean,EMOPIA Happy,1.4308097449879735
mfcc_1_mean,EMOPIA Happy,0.3019919768318382
mfcc_1_mean,EMOPIA Happy,-0.5913583505382056
mfcc_1_mean,EMOPIA Happy,0.47889480401999035
mfcc_1_mean,EMOPIA Happy,0.9877885767332041
mfcc_1_mean,EMOPIA Happy,0.9450336417866441
mfcc_1_mean,EMOPIA Happy,0.5033113321412102
mfcc_1_mean,EMOPIA Happy,0.8773695596482565
mfcc_1_mean,EMOPIA Happy,0.6051052269823137
mfcc_1_mean,EMOPIA Happy,0.9723689658697552
mfcc_1_mean,EMOPIA Happy,1.300603178225009
mfcc_1_mean,EMOPIA Happy,0.09938159410198956
mfcc_1_mean,EMOPIA Happy,-0.2025883024750655
mfcc_1_mean,EMOPIA Happy,-0.053263193310898835
mfcc_1_mean,EMOPIA Happy,1.4375654505770386
mfcc_1_mean,EMOPIA Happy,0.5703918042527224
mfcc_1_mean,EMOPIA Happy,0.8041826247954685
mfcc_1_mean,EMOPIA Happy,0.9622920903769472
mfcc_1_mean,EMOPIA Angry,1.475890915939423
mfcc_1_mean,EMOPIA Angry,2.4024260925565244
mfcc_1_mean,EMOPIA Angry,1.8876854050756497
mfcc_1_mean,EMOPIA Angry,0.6858630568930155
mfcc_1_mean,EMOPIA Angry,1.9772533224527717
mfcc_1_mean,EMOPIA Angry,0.08699638246454156
mfcc_1_mean,EMOPIA Angry,0.474363528980648
mfcc_1_mean,EMOPIA Angry,0.6819396312746374
mfcc_1_mean,EMOPIA Angry,0.8336383364906027
mfcc_1_mean,EMOPIA Angry,1.2323663005586452
mfcc_1_mean,EMOPIA Angry,0.8376773653730919
mfcc_1_mean,EMOPIA Angry,1.110409704801801
mfcc_1_mean,EMOPIA Angry,1.2735098751690184
mfcc_1_mean,EMOPIA Angry,1.9452964782015625
mfcc_1_mean,EMOPIA Angry,1.0917140465989865
mfcc_1_mean,EMOPIA Angry,0.7110358541097661
mfcc_1_mean,EMOPIA Angry,0.7916724870500311
mfcc_1_mean,EMOPIA Angry,1.3669631809614888
mfcc_1_mean,EMOPIA Angry,-0.6278300616235288
mfcc_1_mean,EMOPIA Angry,0.5362851122028292
mfcc_1_mean,EMOPIA Angry,-0.012870294089727879
mfcc_1_mean,EMOPIA Angry,0.9370655935794495
mfcc_1_mean,EMOPIA Angry,1.01412672943493
mfcc_1_mean,EMOPIA Angry,1.4892438387715958
mfcc_1_mean,EMOPIA Angry,0.3223873759308188
mfcc_1_mean,EMOPIA Angry,1.9310355103754961
mfcc_1_mean,EMOPIA Angry,0.7658705843282717
mfcc_1_mean,EMOPIA Angry,1.3539898843321025
mfcc_1_mean,EMOPIA Angry,1.537190106104188
mfcc_1_mean,EMOPIA Angry,1.3113031926027434
mfcc_1_mean,EMOPIA Angry,-0.1592109744710901
mfcc_1_mean,EMOPIA Angry,0.6050627148142218
mfcc_1_mean,EMOPIA Angry,1.3908348820863734
mfcc_1_mean,EMOPIA Angry,1.3630449761356833
mfcc_1_mean,EMOPIA Angry,-0.3943979841132771
mfcc_1_mean,EMOPIA Angry,-0.37063219049486795
mfcc_1_mean,EMOPIA Angry,-0.4012871928267008
mfcc_1_mean,EMOPIA Angry,0.5250697310154189
mfcc_1_mean,EMOPIA Angry,1.6217315189750723
mfcc_1_mean,EMOPIA Angry,1.0838340060380174
mfcc_1_mean,EMOPIA Angry,1.2175877284403718
mfcc_1_mean,EMOPIA Angry,1.34500937527956
mfcc_1_mean,EMOPIA Angry,0.8982877838320167
mfcc_1_mean,EMOPIA Angry,1.0957974522183436
mfcc_1_mean,EMOPIA Angry,0.24927726131160124
mfcc_1_mean,EMOPIA Angry,-0.10942922563544177
mfcc_1_mean,EMOPIA Angry,-0.08580551215776021
mfcc_1_mean,EMOPIA Angry,1.3884012469199873
mfcc_1_mean,EMOPIA Angry,0.6778055093845748
mfcc_1_mean,EMOPIA Angry,1.7258710413363356
mfcc_1_mean,EMOPIA Angry,1.308755072913514
mfcc_1_mean,EMOPIA Angry,0.7326249501391175
mfcc_1_mean,EMOPIA Angry,1.4069182794340647
mfcc_1_mean,EMOPIA Angry,1.6736601322993636
mfcc_1_mean,EMOPIA Angry,1.1201233622970517
mfcc_1_mean,EMOPIA Angry,1.0434821273299175
mfcc_1_mean,EMOPIA Angry,1.5975040581277349
mfcc_1_mean,EMOPIA Angry,0.8324125689772862
mfcc_1_mean,EMOPIA Angry,1.802891156678745
mfcc_1_mean,EMOPIA Angry,1.223895937523206
mfcc_1_mean,EMOPIA Angry,1.3316288568295023
mfcc_1_mean,EMOPIA Angry,0.11063240209614378
mfcc_1_mean,EMOPIA Angry,0.015425655826758082
mfcc_1_mean,EMOPIA Angry,1.4281534803097384
mfcc_1_mean,EMOPIA Angry,1.4878088666416156
mfcc_1_mean,EMOPIA Angry,1.187587935576412
mfcc_1_mean,EMOPIA Angry,1.4257362533485816
mfcc_1_mean,EMOPIA Angry,0.8128409363635255
mfcc_1_mean,EMOPIA Angry,1.2765383077749355
mfcc_1_mean,EMOPIA Angry,0.7940964264587814
mfcc_1_mean,EMOPIA Angry,-0.22153605037638938
mfcc_1_mean,EMOPIA Angry,-0.544727722933932
mfcc_1_mean,EMOPIA Angry,0.3716496559054849
mfcc_1_mean,EMOPIA Angry,1.1499161880268798
mfcc_1_mean,EMOPIA Angry,1.3659775699065162
mfcc_1_mean,EMOPIA Angry,1.676477868633597
mfcc_1_mean,EMOPIA Angry,1.2711698413551862
mfcc_1_mean,EMOPIA Angry,0.903507084749689
mfcc_1_mean,EMOPIA Angry,1.4023139132987046
mfcc_1_mean,EMOPIA Angry,-0.5497217839434682
mfcc_1_mean,EMOPIA Angry,0.34666182391131034
mfcc_1_mean,EMOPIA Angry,0.3755212465118912
mfcc_1_mean,EMOPIA Angry,0.6147204352461936
mfcc_1_mean,EMOPIA Angry,1.1588795430466834
mfcc_1_mean,EMOPIA Angry,1.5878914602601415
mfcc_1_mean,EMOPIA Angry,0.928458371195854
mfcc_1_mean,EMOPIA Angry,1.3502715612790788
mfcc_1_mean,EMOPIA Angry,1.9803462691383371
mfcc_1_mean,EMOPIA Angry,0.4553911687714814
mfcc_1_mean,EMOPIA Angry,0.9872519538394823
mfcc_1_mean,EMOPIA Angry,0.7828862660639432
mfcc_1_mean,EMOPIA Angry,1.0703729382168388
mfcc_1_mean,EMOPIA Angry,1.1238644330891414
mfcc_1_mean,EMOPIA Angry,0.933100028706734
mfcc_1_mean,EMOPIA Angry,1.646675347146134
mfcc_1_mean,EMOPIA Angry,1.7775934333540058
mfcc_1_mean,EMOPIA Angry,2.3004028557559777
mfcc_1_mean,EMOPIA Angry,1.7365471892337379
mfcc_1_mean,EMOPIA Angry,0.7179713041288337
mfcc_1_mean,EMOPIA Angry,0.9663553586535225
mfcc_1_mean,EMOPIA Angry,1.4267438663151113
mfcc_1_mean,EMOPIA Angry,0.91632338468814
mfcc_1_mean,EMOPIA Angry,1.0964038099842857
mfcc_1_mean,EMOPIA Angry,1.295650510642299
mfcc_1_mean,EMOPIA Angry,2.015600043899202
mfcc_1_mean,EMOPIA Angry,2.1606179991908974
mfcc_1_mean,EMOPIA Angry,1.9413495590166066
mfcc_1_mean,EMOPIA Angry,-0.25919810216828665
mfcc_1_mean,EMOPIA Angry,-0.20435367619214614
mfcc_1_mean,EMOPIA Angry,0.5226674206044697
mfcc_1_mean,EMOPIA Angry,1.1148764657614945
mfcc_1_mean,EMOPIA Angry,1.2941510244326706
mfcc_1_mean,EMOPIA Angry,1.400374015944194
mfcc_1_mean,EMOPIA Angry,0.9984378748402324
mfcc_1_mean,EMOPIA Angry,0.14804646624083814
mfcc_1_mean,EMOPIA Angry,0.8336532530408112
mfcc_1_mean,EMOPIA Angry,-0.22759142393320292
mfcc_1_mean,EMOPIA Angry,0.7685704799158644
mfcc_1_mean,EMOPIA Angry,0.7903930199559661
mfcc_1_mean,EMOPIA Angry,-0.2172288965039176
mfcc_1_mean,EMOPIA Angry,1.198618351541247
mfcc_1_mean,EMOPIA Angry,0.9603678554001539
mfcc_1_mean,EMOPIA Angry,-0.1903705291136982
mfcc_1_mean,EMOPIA Angry,-0.5997265352047222
mfcc_1_mean,EMOPIA Angry,-0.02415279975307345
mfcc_1_mean,EMOPIA Angry,0.013248212410189886
mfcc_1_mean,EMOPIA Angry,1.231413878827884
mfcc_1_mean,EMOPIA Angry,0.31555149388438763
mfcc_1_mean,EMOPIA Angry,1.163141947268532
mfcc_1_mean,EMOPIA Angry,0.924895926092502
mfcc_1_mean,EMOPIA Angry,1.0261972018629966
mfcc_1_mean,EMOPIA Angry,0.860615290454974
mfcc_1_mean,EMOPIA Angry,0.0642117249360435
mfcc_1_mean,EMOPIA Angry,0.7747254214453143
mfcc_1_mean,EMOPIA Angry,1.3824741556949607
mfcc_1_mean,EMOPIA Angry,1.0485563647968201
mfcc_1_mean,EMOPIA Angry,-0.39815024231802265
mfcc_1_mean,EMOPIA Angry,0.6871354386257326
mfcc_1_mean,EMOPIA Angry,1.4392998724524382
mfcc_1_mean,EMOPIA Angry,1.5279105202199814
mfcc_1_mean,EMOPIA Angry,1.132104708337627
mfcc_1_mean,EMOPIA Angry,1.3835007872630052
mfcc_1_mean,EMOPIA Angry,1.598120857478823
mfcc_1_mean,EMOPIA Angry,-1.0754376961534093
mfcc_1_mean,EMOPIA Angry,-0.8402775363015961
mfcc_1_mean,EMOPIA Angry,0.447971303784419
mfcc_1_mean,EMOPIA Angry,1.4436562509405952
mfcc_1_mean,EMOPIA Angry,1.6602680535228955
mfcc_1_mean,EMOPIA Angry,1.4939928954439705
mfcc_1_mean,EMOPIA Angry,1.1580979158158
mfcc_1_mean,EMOPIA Angry,0.5351205025453634
mfcc_1_mean,EMOPIA Angry,0.5460520963650722
mfcc_1_mean,EMOPIA Angry,0.5542800654596365
mfcc_1_mean,EMOPIA Angry,0.8918475632798446
mfcc_1_mean,EMOPIA Angry,0.9596641671441066
mfcc_1_mean,EMOPIA Angry,0.7349284384049407
mfcc_1_mean,EMOPIA Angry,1.2006358149568375
mfcc_1_mean,EMOPIA Angry,0.707518904484547
mfcc_1_mean,EMOPIA Angry,0.5627631075627523
mfcc_1_mean,EMOPIA Angry,1.6814756587806852
mfcc_1_mean,EMOPIA Angry,2.089733806776423
mfcc_1_mean,EMOPIA Angry,1.7354534331897586
mfcc_1_mean,EMOPIA Angry,1.4878032729352877
mfcc_1_mean,EMOPIA Angry,2.1456600555563763
mfcc_1_mean,EMOPIA Angry,1.3545656631701195
mfcc_1_mean,EMOPIA Angry,0.8251519381636909
mfcc_1_mean,EMOPIA Angry,0.806427192687972
mfcc_1_mean,EMOPIA Angry,0.8724362835808167
mfcc_1_mean,EMOPIA Angry,1.3671858104733394
mfcc_1_mean,EMOPIA Angry,1.471808256147577
mfcc_1_mean,EMOPIA Angry,1.5686293460631904
mfcc_1_mean,EMOPIA Angry,0.9263875811132715
mfcc_1_mean,EMOPIA Angry,1.3134243260422775
mfcc_1_mean,EMOPIA Angry,1.3007404104869198
mfcc_1_mean,EMOPIA Angry,1.683018775899671
mfcc_1_mean,EMOPIA Angry,1.0394203507083624
mfcc_1_mean,EMOPIA Angry,1.271120989653256
mfcc_1_mean,EMOPIA Angry,1.074339994744575
mfcc_1_mean,EMOPIA Angry,1.4645360650075707
mfcc_1_mean,EMOPIA Angry,-0.5511038023202111
mfcc_1_mean,EMOPIA Angry,0.853459821320343
mfcc_1_mean,EMOPIA Angry,0.6485549002547965
mfcc_1_mean,EMOPIA Angry,-0.9245940821780992
mfcc_1_mean,EMOPIA Angry,0.916637378070012
mfcc_1_mean,EMOPIA Angry,0.22547790545522478
mfcc_1_mean,EMOPIA Angry,1.3002727766379085
mfcc_1_mean,EMOPIA Angry,1.142867745139989
mfcc_1_mean,EMOPIA Angry,0.8185230232513915
mfcc_1_mean,EMOPIA Angry,1.1872366508190202
mfcc_1_mean,EMOPIA Angry,1.59122456340405
mfcc_1_mean,EMOPIA Angry,0.9824928284957174
mfcc_1_mean,EMOPIA Angry,1.514331611652162
mfcc_1_mean,EMOPIA Angry,1.0207153696616689
mfcc_1_mean,EMOPIA Angry,1.0725444150133239
mfcc_1_mean,EMOPIA Angry,1.2546534911377158
mfcc_1_mean,EMOPIA Angry,1.5667908812500921
mfcc_1_mean,EMOPIA Angry,1.1361552975465263
mfcc_1_mean,EMOPIA Angry,1.2683733611049988
mfcc_1_mean,EMOPIA Angry,1.243449297362962
mfcc_1_mean,EMOPIA Angry,0.41824038173795286
mfcc_1_mean,EMOPIA Angry,1.1512702378719832
mfcc_1_mean,EMOPIA Angry,1.880596687503198
mfcc_1_mean,EMOPIA Angry,-1.2267877270082705
mfcc_1_mean,EMOPIA Angry,1.2479264999078017
mfcc_1_mean,EMOPIA Angry,1.7314151501347805
mfcc_1_mean,EMOPIA Angry,0.4566862982432645
mfcc_1_mean,EMOPIA Angry,1.1912145218456578
mfcc_1_mean,EMOPIA Angry,1.0276564133870636
mfcc_1_mean,EMOPIA Angry,-1.1247898483430767
mfcc_1_mean,EMOPIA Angry,-0.33686932492726196
mfcc_1_mean,EMOPIA Angry,0.7572435975156516
mfcc_1_mean,EMOPIA Angry,0.9786327982157212
mfcc_1_mean,EMOPIA Angry,-0.3576644875718088
mfcc_1_mean,EMOPIA Angry,0.6888922353264437
mfcc_1_mean,EMOPIA Angry,1.3906529001738395
mfcc_1_mean,EMOPIA Angry,1.495482685895964
mfcc_1_mean,EMOPIA Angry,1.1842335763484568
mfcc_1_mean,EMOPIA Angry,0.572955213405914
mfcc_1_mean,EMOPIA Angry,1.4105116763790981
mfcc_1_mean,EMOPIA Angry,1.7729219427427112
mfcc_1_mean,EMOPIA Angry,0.5417643340078705
mfcc_1_mean,EMOPIA Angry,0.42391426452320463
mfcc_1_mean,EMOPIA Angry,0.7378725925021837
mfcc_1_mean,EMOPIA Angry,1.1880891316633906
mfcc_1_mean,EMOPIA Angry,2.1060152213281214
mfcc_1_mean,EMOPIA Angry,2.1057631316296113
mfcc_1_mean,EMOPIA Angry,1.4688957997195247
mfcc_1_mean,EMOPIA Angry,1.2096931442429495
mfcc_1_mean,EMOPIA Angry,0.3484003478380171
mfcc_1_mean,EMOPIA Angry,0.8715968547178786
mfcc_1_mean,EMOPIA Angry,1.079473152584798
mfcc_1_mean,EMOPIA Angry,1.9698688842724525
mfcc_1_mean,EMOPIA Angry,0.8144649757673882
mfcc_1_mean,EMOPIA Angry,0.2742729244946348
mfcc_1_mean,EMOPIA Angry,1.0038134266213303
mfcc_1_mean,EMOPIA Angry,0.13655102682327844
mfcc_1_mean,EMOPIA Angry,0.37795935664333963
mfcc_1_mean,EMOPIA Angry,1.0740461387054836
mfcc_1_mean,EMOPIA Angry,1.310348533389451
mfcc_1_mean,EMOPIA Angry,0.5511360295896097
mfcc_1_mean,EMOPIA Angry,1.1064269858963467
mfcc_1_mean,EMOPIA Angry,1.4889585597488737
mfcc_1_mean,EMOPIA Angry,0.486111058096717
mfcc_1_mean,EMOPIA Angry,-0.08735385006931888
mfcc_1_mean,EMOPIA Angry,0.17521435204786653
mfcc_1_mean,EMOPIA Angry,0.30118163524180447
mfcc_1_mean,EMOPIA Angry,0.9075528260797702
mfcc_1_mean,EMOPIA Angry,1.8800190440964053
mfcc_1_mean,EMOPIA Angry,0.8805549889451095
mfcc_1_mean,EMOPIA Angry,1.201633359251977
mfcc_1_mean,EMOPIA Angry,0.5343496898133807
mfcc_1_mean,EMOPIA Angry,0.924159048512242
mfcc_1_mean,EMOPIA Angry,0.961304987666953
mfcc_1_mean,EMOPIA Angry,0.8708040400743398
mfcc_1_mean,EMOPIA Angry,0.9972251593083461
mfcc_1_mean,EMOPIA Angry,0.6794467028211765
mfcc_1_mean,EMOPIA Angry,0.4361514293998419
mfcc_1_mean,EMOPIA Angry,1.1978411992754259
mfcc_1_mean,EMOPIA Angry,1.8379051478950215
mfcc_1_mean,EMOPIA Angry,1.7792872076300894
mfcc_1_mean,EMOPIA Angry,0.7168380192268041
mfcc_1_mean,EMOPIA Angry,0.5719103090638658
mfcc_1_mean,EMOPIA Angry,-0.7819187710965227
mfcc_1_mean,EMOPIA Calm,0.6893233236274461
mfcc_1_mean,EMOPIA Calm,-0.20131219160479796
mfcc_1_mean,EMOPIA Calm,-0.25699119856505825
mfcc_1_mean,EMOPIA Calm,-0.5086498087740918
mfcc_1_mean,EMOPIA Calm,-0.04441208533140815
mfcc_1_mean,EMOPIA Calm,-1.1772267431156953
mfcc_1_mean,EMOPIA Calm,-1.1931277856370976
mfcc_1_mean,EMOPIA Calm,-0.9371597840730611
mfcc_1_mean,EMOPIA Calm,-1.7091173612841115
mfcc_1_mean,EMOPIA Calm,-1.928321287378754
mfcc_1_mean,EMOPIA Calm,0.8308746726508729
mfcc_1_mean,EMOPIA Calm,-0.738744308175372
mfcc_1_mean,EMOPIA Calm,-0.7110852949527546
mfcc_1_mean,EMOPIA Calm,-0.25171521475659675
mfcc_1_mean,EMOPIA Calm,-0.046428802919488435
mfcc_1_mean,EMOPIA Calm,-0.45901051299292633
mfcc_1_mean,EMOPIA Calm,-0.21501639919436133
mfcc_1_mean,EMOPIA Calm,-0.6421864953709244
mfcc_1_mean,EMOPIA Calm,-0.6496015124791693
mfcc_1_mean,EMOPIA Calm,-0.5302989439180292
mfcc_1_mean,EMOPIA Calm,0.004674925178317509
mfcc_1_mean,EMOPIA Calm,-0.9817520650914532
mfcc_1_mean,EMOPIA Calm,-1.085368389454182
mfcc_1_mean,EMOPIA Calm,-0.32809541009509613
mfcc_1_mean,EMOPIA Calm,-1.0074995224049546
mfcc_1_mean,EMOPIA Calm,-0.49649580366486246
mfcc_1_mean,EMOPIA Calm,-1.6435807521190957
mfcc_1_mean,EMOPIA Calm,-1.924488479802887
mfcc_1_mean,EMOPIA Calm,-1.1383273634840698
mfcc_1_mean,EMOPIA Calm,-1.0734455908731717
mfcc_1_mean,EMOPIA Calm,-0.6856831557765614
mfcc_1_mean,EMOPIA Calm,0.10220007626373412
mfcc_1_mean,EMOPIA Calm,-0.5948324150815776
mfcc_1_mean,EMOPIA Calm,-0.5029322950794826
mfcc_1_mean,EMOPIA Calm,-0.3178171611744843
mfcc_1_mean,EMOPIA Calm,0.9148380692012081
mfcc_1_mean,EMOPIA Calm,0.12303215737004497
mfcc_1_mean,EMOPIA Calm,-0.3253671730621088
mfcc_1_mean,EMOPIA Calm,-1.3209767916397361
mfcc_1_mean,EMOPIA Calm,-0.8826830510595403
mfcc_1_mean,EMOPIA Calm,-1.0797015920302788
mfcc_1_mean,EMOPIA Calm,-0.7477464462257156
mfcc_1_mean,EMOPIA Calm,0.05107770247816855
mfcc_1_mean,EMOPIA Calm,-0.9644376794378718
mfcc_1_mean,EMOPIA Calm,-0.5208627342566416
mfcc_1_mean,EMOPIA Calm,-0.18079857884542067
mfcc_1_mean,EMOPIA Calm,1.0096838349555683
mfcc_1_mean,EMOPIA Calm,-0.8583228329153545
mfcc_1_mean,EMOPIA Calm,-0.981681957305477
mfcc_1_mean,EMOPIA Calm,-1.3453981676397735
mfcc_1_mean,EMOPIA Calm,-1.0457388446898896
mfcc_1_mean,EMOPIA Calm,-1.2462217544463652
mfcc_1_mean,EMOPIA Calm,-0.8422577083416676
mfcc_1_mean,EMOPIA Calm,-0.8644908264262361
mfcc_1_mean,EMOPIA Calm,-0.4756469414395679
mfcc_1_mean,EMOPIA Calm,-0.44936397997361033
mfcc_1_mean,EMOPIA Calm,-0.252434938304118
mfcc_1_mean,EMOPIA Calm,-0.272410436514752
mfcc_1_mean,EMOPIA Calm,-1.459959510717398
mfcc_1_mean,EMOPIA Calm,-1.0679630128443336
mfcc_1_mean,EMOPIA Calm,0.21913799870319944
mfcc_1_mean,EMOPIA Calm,-0.730796024397202
mfcc_1_mean,EMOPIA Calm,-0.30713094460569196
mfcc_1_mean,EMOPIA Calm,-0.41817347348932127
mfcc_1_mean,EMOPIA Calm,-0.04089849192998572
mfcc_1_mean,EMOPIA Calm,-1.4076911729621262
mfcc_1_mean,EMOPIA Calm,-1.332067246719157
mfcc_1_mean,EMOPIA Calm,-0.9137728708299273
mfcc_1_mean,EMOPIA Calm,-0.7508602760815718
mfcc_1_mean,EMOPIA Calm,-0.5268271168571883
mfcc_1_mean,EMOPIA Calm,-0.35241833686376267
mfcc_1_mean,EMOPIA Calm,-0.5886771006383725
mfcc_1_mean,EMOPIA Calm,-0.31645677179554255
mfcc_1_mean,EMOPIA Calm,-0.07083190614552135
mfcc_1_mean,EMOPIA Calm,-0.5163333237860753
mfcc_1_mean,EMOPIA Calm,-1.3391988493734557
mfcc_1_mean,EMOPIA Calm,-0.873121542376408
mfcc_1_mean,EMOPIA Calm,-0.46355484001370045
mfcc_1_mean,EMOPIA Calm,-2.6436228235909396
mfcc_1_mean,EMOPIA Calm,0.46341366238693465
mfcc_1_mean,EMOPIA Calm,-0.5031896055705654
mfcc_1_mean,EMOPIA Calm,-0.8266579801344607
mfcc_1_mean,EMOPIA Calm,-0.8202073179971432
mfcc_1_mean,EMOPIA Calm,-1.1379059709407024
mfcc_1_mean,EMOPIA Calm,-0.9582532777217617
mfcc_1_mean,EMOPIA Calm,0.05699472503180505
mfcc_1_mean,EMOPIA Calm,-0.6717033649219101
mfcc_1_mean,EMOPIA Calm,-1.4402838351659386
mfcc_1_mean,EMOPIA Calm,-1.2553596331035988
mfcc_1_mean,EMOPIA Calm,-1.0430322366547036
mfcc_1_mean,EMOPIA Calm,-0.8321808328488596
mfcc_1_mean,EMOPIA Calm,-0.5443645049363747
mfcc_1_mean,EMOPIA Calm,0.6697692179601795
mfcc_1_mean,EMOPIA Calm,0.6227876785122699
mfcc_1_mean,EMOPIA Calm,-0.4597033867500737
mfcc_1_mean,EMOPIA Calm,-0.29073392678988386
mfcc_1_mean,EMOPIA Calm,-0.5882519789574532
mfcc_1_mean,EMOPIA Calm,0.0016401530385620766
mfcc_1_mean,EMOPIA Calm,0.5984144083866524
mfcc_1_mean,EMOPIA Calm,-0.7388979486425112
mfcc_1_mean,EMOPIA Calm,-0.7230953553524798
mfcc_1_mean,EMOPIA Calm,-0.9356435167444489
mfcc_1_mean,EMOPIA Calm,-0.8883990730991287
mfcc_1_mean,EMOPIA Calm,-0.9929916856729509
mfcc_1_mean,EMOPIA Calm,-0.3788683636920464
mfcc_1_mean,EMOPIA Calm,-1.4427995113584662
mfcc_1_mean,EMOPIA Calm,-1.0737029013642545
mfcc_1_mean,EMOPIA Calm,-0.2173019875999353
mfcc_1_mean,EMOPIA Calm,-0.252874976535245
mfcc_1_mean,EMOPIA Calm,-0.47203862794432666
mfcc_1_mean,EMOPIA Calm,-0.5527252313277874
mfcc_1_mean,EMOPIA Calm,-0.8280936980919513
mfcc_1_mean,EMOPIA Calm,-0.2136500431953365
mfcc_1_mean,EMOPIA Calm,-0.6759933647616431
mfcc_1_mean,EMOPIA Calm,-0.23805314642136943
mfcc_1_mean,EMOPIA Calm,-0.19034069601328282
mfcc_1_mean,EMOPIA Calm,-0.8793745602234736
mfcc_1_mean,EMOPIA Calm,-0.7906755318959497
mfcc_1_mean,EMOPIA Calm,-1.1794314092363924
mfcc_1_mean,EMOPIA Calm,-1.1545498576624478
mfcc_1_mean,EMOPIA Calm,-1.265822847246786
mfcc_1_mean,EMOPIA Calm,-0.9073386168978383
mfcc_1_mean,EMOPIA Calm,-0.9106829074544035
mfcc_1_mean,EMOPIA Calm,-0.4636212186621247
mfcc_1_mean,EMOPIA Calm,-1.2763643732785637
mfcc_1_mean,EMOPIA Calm,-1.508052706069536
mfcc_1_mean,EMOPIA Calm,-1.067584132469058
mfcc_1_mean,EMOPIA Calm,-0.5801903293977048
mfcc_1_mean,EMOPIA Calm,-0.3991869425574574
mfcc_1_mean,EMOPIA Calm,-0.28759100966112267
mfcc_1_mean,EMOPIA Calm,-0.5744153869847959
mfcc_1_mean,EMOPIA Calm,-0.5544704677020876
mfcc_1_mean,EMOPIA Calm,-0.5274379495881933
mfcc_1_mean,EMOPIA Calm,-0.700086576657111
mfcc_1_mean,EMOPIA Calm,-0.43683258614412623
mfcc_1_mean,EMOPIA Calm,-0.5916216276493714
mfcc_1_mean,EMOPIA Calm,-0.8330519593809889
mfcc_1_mean,EMOPIA Calm,-0.7309929228599436
mfcc_1_mean,EMOPIA Calm,-0.6134833236337683
mfcc_1_mean,EMOPIA Calm,-0.22182393979539788
mfcc_1_mean,EMOPIA Calm,-0.22488183258797523
mfcc_1_mean,EMOPIA Calm,-0.7905024999135405
mfcc_1_mean,EMOPIA Calm,-0.4952823423054665
mfcc_1_mean,EMOPIA Calm,-0.5519532998545392
mfcc_1_mean,EMOPIA Calm,-0.7380491969356935
mfcc_1_mean,EMOPIA Calm,-0.5709443057514654
mfcc_1_mean,EMOPIA Calm,-0.23898393915432956
mfcc_1_mean,EMOPIA Calm,-0.10610171619785964
mfcc_1_mean,EMOPIA Calm,-0.5018277245366028
mfcc_1_mean,EMOPIA Calm,-0.914024214700927
mfcc_1_mean,EMOPIA Calm,-0.7031780316876558
mfcc_1_mean,EMOPIA Calm,-0.6267068453928895
mfcc_1_mean,EMOPIA Calm,-0.9076884100002088
mfcc_1_mean,EMOPIA Calm,-0.8406258377489457
mfcc_1_mean,EMOPIA Calm,-0.7875355980772301
mfcc_1_mean,EMOPIA Calm,-0.7947022546245169
mfcc_1_mean,EMOPIA Calm,-1.0342732383727453
mfcc_1_mean,EMOPIA Calm,-0.9589028934833068
mfcc_1_mean,EMOPIA Calm,-0.3204916986267239
mfcc_1_mean,EMOPIA Calm,-0.772096222784756
mfcc_1_mean,EMOPIA Calm,-0.6762693209404854
mfcc_1_mean,EMOPIA Calm,-0.7702025667358892
mfcc_1_mean,EMOPIA Calm,0.5791869751689342
mfcc_1_mean,EMOPIA Calm,-0.6740281092717793
mfcc_1_mean,EMOPIA Calm,-0.5918416467649349
mfcc_1_mean,EMOPIA Calm,-0.9366899127415187
mfcc_1_mean,EMOPIA Calm,-1.1164186803665186
mfcc_1_mean,EMOPIA Calm,-2.2444313277251937
mfcc_1_mean,EMOPIA Calm,-0.9549462785407159
mfcc_1_mean,EMOPIA Calm,-0.6838745240638784
mfcc_1_mean,EMOPIA Calm,-0.8854515627780883
mfcc_1_mean,EMOPIA Calm,-1.2321285978101355
mfcc_1_mean,EMOPIA Calm,-0.5882355707522248
mfcc_1_mean,EMOPIA Calm,-0.2771352537930392
mfcc_1_mean,EMOPIA Calm,-0.7260577822237279
mfcc_1_mean,EMOPIA Calm,-0.23621169829822955
mfcc_1_mean,EMOPIA Calm,-0.08414194389584709
mfcc_1_mean,EMOPIA Calm,-0.7748438513330133
mfcc_1_mean,EMOPIA Calm,-2.4445196947286756
mfcc_1_mean,EMOPIA Calm,-0.5124125085639828
mfcc_1_mean,EMOPIA Calm,0.8839533519961769
mfcc_1_mean,EMOPIA Calm,-0.7226090758157089
mfcc_1_mean,EMOPIA Calm,-0.342679321233159
mfcc_1_mean,EMOPIA Calm,-1.1209391409069605
mfcc_1_mean,EMOPIA Calm,-1.4658545313594789
mfcc_1_mean,EMOPIA Calm,-1.4652780066939515
mfcc_1_mean,EMOPIA Calm,-0.9944661866609815
mfcc_1_mean,EMOPIA Calm,0.6740864405040408
mfcc_1_mean,EMOPIA Calm,0.4289601605447125
mfcc_1_mean,EMOPIA Calm,-0.7007160550758758
mfcc_1_mean,EMOPIA Calm,-0.46125619962669473
mfcc_1_mean,EMOPIA Calm,-0.4079891988350179
mfcc_1_mean,EMOPIA Calm,-0.9213668865406646
mfcc_1_mean,EMOPIA Calm,-0.8845908778311043
mfcc_1_mean,EMOPIA Calm,-0.8814240942220108
mfcc_1_mean,EMOPIA Calm,-0.574660018408202
mfcc_1_mean,EMOPIA Calm,-0.6389906244889259
mfcc_1_mean,EMOPIA Calm,-0.15647416042173337
mfcc_1_mean,EMOPIA Calm,-0.5266264892568948
mfcc_1_mean,EMOPIA Calm,-1.4438280074952867
mfcc_1_mean,EMOPIA Calm,-0.056394550113249085
mfcc_1_mean,EMOPIA Calm,-0.8302543603895358
mfcc_1_mean,EMOPIA Calm,-0.26296826023328146
mfcc_1_mean,EMOPIA Calm,-1.0047720311994777
mfcc_1_mean,EMOPIA Calm,-1.0754578334961897
mfcc_1_mean,EMOPIA Calm,-0.8082464822131035
mfcc_1_mean,EMOPIA Calm,-0.8297986597806908
mfcc_1_mean,EMOPIA Calm,-0.7052059366883918
mfcc_1_mean,EMOPIA Calm,-0.8295905739052934
mfcc_1_mean,EMOPIA Calm,-1.54782172057827
mfcc_1_mean,EMOPIA Calm,-1.179777473201211
mfcc_1_mean,EMOPIA Calm,-1.4518695197122549
mfcc_1_mean,EMOPIA Calm,-0.28037065353308815
mfcc_1_mean,EMOPIA Calm,-0.19449980312494392
mfcc_1_mean,EMOPIA Calm,-0.968460673028887
mfcc_1_mean,EMOPIA Calm,-1.0970726605746492
mfcc_1_mean,EMOPIA Calm,-0.5932303775892712
mfcc_1_mean,EMOPIA Calm,0.04525316253581907
mfcc_1_mean,EMOPIA Calm,-1.0530524292567223
mfcc_1_mean,EMOPIA Calm,-1.3913776878274813
mfcc_1_mean,EMOPIA Calm,-0.7560743562066714
mfcc_1_mean,EMOPIA Calm,0.019564998509393288
mfcc_1_mean,EMOPIA Calm,-0.8155705083650814
mfcc_1_mean,EMOPIA Calm,-1.5736161650249256
mfcc_1_mean,EMOPIA Calm,-0.6720568871618325
mfcc_1_mean,EMOPIA Calm,0.008123631586336463
mfcc_1_mean,EMOPIA Calm,-0.4282876403576485
mfcc_1_mean,EMOPIA Calm,-0.327866441049408
mfcc_1_mean,EMOPIA Calm,-1.289735568884741
mfcc_1_mean,EMOPIA Calm,-1.403933693964808
mfcc_1_mean,EMOPIA Calm,-1.0604122551291986
mfcc_1_mean,EMOPIA Calm,-0.8871132664712255
mfcc_1_mean,EMOPIA Calm,-1.3557674075166524
mfcc_1_mean,EMOPIA Calm,-0.4920260593951268
mfcc_1_mean,EMOPIA Calm,-0.5089794645336819
mfcc_1_mean,EMOPIA Calm,-0.6841340720374923
mfcc_1_mean,EMOPIA Calm,-0.17229539939952446
mfcc_1_mean,EMOPIA Calm,-1.5796812343393742
mfcc_1_mean,EMOPIA Calm,-0.5253697699018965
mfcc_1_mean,EMOPIA Calm,-0.667525239208735
mfcc_1_mean,EMOPIA Calm,0.6490132112599272
mfcc_1_mean,EMOPIA Calm,-0.6108826231050568
mfcc_1_mean,EMOPIA Calm,-0.2954878313410761
mfcc_1_mean,EMOPIA Calm,-0.07026470432387376
mfcc_1_mean,EMOPIA Calm,-0.3141208400330176
mfcc_1_mean,EMOPIA Calm,-0.9161170066950666
mfcc_1_mean,EMOPIA Calm,-0.8192601170589546
mfcc_1_mean,EMOPIA Calm,-0.35085209909195475
mfcc_1_mean,EMOPIA Calm,-0.5865775961966395
mfcc_1_mean,EMOPIA Calm,-1.3129628750406523
mfcc_1_mean,EMOPIA Calm,-0.9022088152814123
mfcc_1_mean,EMOPIA Calm,-1.0453241645941158
mfcc_1_mean,EMOPIA Calm,-0.9055053728773127
mfcc_1_mean,EMOPIA Calm,-0.7274897710436665
mfcc_1_mean,EMOPIA Calm,-0.982701503512173
mfcc_1_mean,EMOPIA Calm,-0.4711190226240223
mfcc_1_mean,EMOPIA Calm,-0.3096436374881781
mfcc_1_mean,EMOPIA Calm,-0.24515864511280466
mfcc_1_mean,EMOPIA Calm,-1.1642732109153335
mfcc_1_mean,EMOPIA Calm,-0.5889858732276718
mfcc_1_mean,EMOPIA Calm,-0.6979676807001081
mfcc_1_mean,EMOPIA Calm,-1.927823074601817
mfcc_1_mean,EMOPIA Calm,-1.0661983849547634
mfcc_1_mean,EMOPIA Calm,-0.7272936184084353
mfcc_1_mean,EMOPIA Calm,-0.8334390438588786
mfcc_1_mean,EMOPIA Calm,-0.9750627381508127
mfcc_1_mean,EMOPIA Calm,-2.1156485456795533
mfcc_1_mean,EMOPIA Calm,-2.2289397445069925
mfcc_1_mean,EMOPIA Calm,-0.8508764910516734
mfcc_1_mean,EMOPIA Calm,-0.2988500217578904
mfcc_1_mean,EMOPIA Calm,-1.1381021235759337
mfcc_1_mean,EMOPIA Calm,-0.9922652496778362
mfcc_1_mean,EMOPIA Calm,-1.0748559506953093
mfcc_1_mean,EMOPIA Calm,-0.23813817075755328
mfcc_1_mean,EMOPIA Calm,-1.556411416015371
mfcc_1_mean,EMOPIA Calm,-0.4269779672494129
mfcc_1_mean,EMOPIA Calm,-0.39582848127819503
mfcc_1_mean,EMOPIA Calm,-0.8116183683875527
mfcc_1_mean,EMOPIA Calm,-0.25910263624695745
mfcc_1_mean,EMOPIA Calm,0.011820698555313529
mfcc_1_mean,EMOPIA Calm,-0.6495925625490446
mfcc_1_mean,EMOPIA Calm,-0.8588381997250303
mfcc_1_mean,EMOPIA Calm,-0.4439828344861846
mfcc_1_mean,EMOPIA Calm,-0.9778140958366218
mfcc_1_mean,EMOPIA Calm,-1.1119892107823437
mfcc_1_mean,EMOPIA Calm,-0.8384114758706135
mfcc_1_mean,EMOPIA Calm,-1.0523573180170436
mfcc_1_mean,EMOPIA Calm,-2.097387704915294
mfcc_1_mean,EMOPIA Calm,-0.737495792922988
mfcc_1_mean,EMOPIA Calm,-0.20731871345968061
mfcc_1_mean,EMOPIA Calm,-0.9583793225710168
mfcc_1_mean,EMOPIA Calm,-0.4764248395328992
mfcc_1_mean,EMOPIA Calm,-1.3023176789849313
mfcc_1_mean,EMOPIA Calm,-0.7719642113154179
mfcc_1_mean,EMOPIA Calm,-0.731990094241328
mfcc_1_mean,EMOPIA Calm,-1.0938588898324015
mfcc_1_mean,EMOPIA Calm,-0.6200391474500501
mfcc_1_mean,EMOPIA Calm,-0.11306028686974909
mfcc_1_mean,EMOPIA Calm,0.004709233243795206
mfcc_1_mean,EMOPIA Calm,-1.3134185756494974
mfcc_1_mean,EMOPIA Calm,-1.083804389164905
mfcc_1_mean,EMOPIA Calm,-0.721593258746565
mfcc_1_mean,EMOPIA Calm,-0.7814608330051466
mfcc_1_mean,EMOPIA Calm,-1.4235579074180509
mfcc_1_mean,EMOPIA Calm,-1.2958125714393558
mfcc_1_mean,EMOPIA Calm,-1.1387711308527486
mfcc_1_mean,EMOPIA Calm,-0.7704196025414112
mfcc_1_mean,EMOPIA Calm,-0.8310561249631994
mfcc_1_mean,EMOPIA Calm,-0.8253274238559344
mfcc_1_mean,EMOPIA Sad,-1.3504265367147874
mfcc_1_mean,EMOPIA Sad,-1.0221975451521064
mfcc_1_mean,EMOPIA Sad,-1.561628479450512
mfcc_1_mean,EMOPIA Sad,-0.7992629898505195
mfcc_1_mean,EMOPIA Sad,-0.6435468847498661
mfcc_1_mean,EMOPIA Sad,0.1094748778000267
mfcc_1_mean,EMOPIA Sad,-0.9450506391329314
mfcc_1_mean,EMOPIA Sad,-1.054597038030729
mfcc_1_mean,EMOPIA Sad,-0.8176483838090133
mfcc_1_mean,EMOPIA Sad,-1.1087963232103868
mfcc_1_mean,EMOPIA Sad,-1.0268850710548743
mfcc_1_mean,EMOPIA Sad,0.05575926176085345
mfcc_1_mean,EMOPIA Sad,-1.3341913634687328
mfcc_1_mean,EMOPIA Sad,-0.7524377012660355
mfcc_1_mean,EMOPIA Sad,-0.7419110917844656
mfcc_1_mean,EMOPIA Sad,-1.5528336814480554
mfcc_1_mean,EMOPIA Sad,-1.0948045991155693
mfcc_1_mean,EMOPIA Sad,-1.429321662418304
mfcc_1_mean,EMOPIA Sad,-0.743383355289965
mfcc_1_mean,EMOPIA Sad,0.3621668320246983
mfcc_1_mean,EMOPIA Sad,0.3518632249687334
mfcc_1_mean,EMOPIA Sad,-0.5013242909670931
mfcc_1_mean,EMOPIA Sad,-0.18598319878386008
mfcc_1_mean,EMOPIA Sad,-0.816482655410282
mfcc_1_mean,EMOPIA Sad,-1.3247827494252293
mfcc_1_mean,EMOPIA Sad,-1.1990526393795937
mfcc_1_mean,EMOPIA Sad,-1.09391408106817
mfcc_1_mean,EMOPIA Sad,-1.3119977742422146
mfcc_1_mean,EMOPIA Sad,-0.8310516499981371
mfcc_1_mean,EMOPIA Sad,-0.637407232684379
mfcc_1_mean,EMOPIA Sad,-1.9557364150054757
mfcc_1_mean,EMOPIA Sad,-0.2212615858525678
mfcc_1_mean,EMOPIA Sad,-2.065264914043024
mfcc_1_mean,EMOPIA Sad,-0.9212177210385877
mfcc_1_mean,EMOPIA Sad,-1.0513646216007215
mfcc_1_mean,EMOPIA Sad,-0.8733124742190665
mfcc_1_mean,EMOPIA Sad,-0.8923810461770728
mfcc_1_mean,EMOPIA Sad,-0.07923439887751561
mfcc_1_mean,EMOPIA Sad,-0.3279313280428115
mfcc_1_mean,EMOPIA Sad,-0.6447968916572709
mfcc_1_mean,EMOPIA Sad,-0.5313811396355974
mfcc_1_mean,EMOPIA Sad,0.0023356371919958296
mfcc_1_mean,EMOPIA Sad,-0.6143074630327435
mfcc_1_mean,EMOPIA Sad,-0.9599962766135308
mfcc_1_mean,EMOPIA Sad,-0.2904087459953561
mfcc_1_mean,EMOPIA Sad,-0.32692819004134405
mfcc_1_mean,EMOPIA Sad,-1.9376389104659903
mfcc_1_mean,EMOPIA Sad,-0.5741394308059535
mfcc_1_mean,EMOPIA Sad,-0.47499583402300205
mfcc_1_mean,EMOPIA Sad,-0.4414820748438646
mfcc_1_mean,EMOPIA Sad,-0.3421952791789193
mfcc_1_mean,EMOPIA Sad,-0.4553947412225812
mfcc_1_mean,EMOPIA Sad,-1.3472858570685573
mfcc_1_mean,EMOPIA Sad,-0.6180388380671983
mfcc_1_mean,EMOPIA Sad,-0.7524078681656201
mfcc_1_mean,EMOPIA Sad,-0.9973085353030577
mfcc_1_mean,EMOPIA Sad,-1.6321830161053963
mfcc_1_mean,EMOPIA Sad,0.697928681442265
mfcc_1_mean,EMOPIA Sad,-1.1010009340718456
mfcc_1_mean,EMOPIA Sad,-0.10601818351669655
mfcc_1_mean,EMOPIA Sad,-0.02082678197051209
mfcc_1_mean,EMOPIA Sad,0.1460670400282771
mfcc_1_mean,EMOPIA Sad,-0.19289552815010566
mfcc_1_mean,EMOPIA Sad,-0.6701811309732149
mfcc_1_mean,EMOPIA Sad,-0.6194529270268877
mfcc_1_mean,EMOPIA Sad,-0.4872758839814865
mfcc_1_mean,EMOPIA Sad,-0.36797480707536717
mfcc_1_mean,EMOPIA Sad,-0.11645454786950996
mfcc_1_mean,EMOPIA Sad,-1.8556239882865344
mfcc_1_mean,EMOPIA Sad,-1.0250988141675028
mfcc_1_mean,EMOPIA Sad,0.10004090562116964
mfcc_1_mean,EMOPIA Sad,0.23264866405381868
mfcc_1_mean,EMOPIA Sad,-0.4080518483458902
mfcc_1_mean,EMOPIA Sad,-1.0962649293809026
mfcc_1_mean,EMOPIA Sad,-0.7113702010617216
mfcc_1_mean,EMOPIA Sad,-0.8681610436048393
mfcc_1_mean,EMOPIA Sad,-0.3525839105710681
mfcc_1_mean,EMOPIA Sad,-0.07954578186310124
mfcc_1_mean,EMOPIA Sad,-0.7623751070144015
mfcc_1_mean,EMOPIA Sad,-1.2259993873297939
mfcc_1_mean,EMOPIA Sad,-0.7615584258905302
mfcc_1_mean,EMOPIA Sad,-0.5442556141198585
mfcc_1_mean,EMOPIA Sad,-1.5264835955061633
mfcc_1_mean,EMOPIA Sad,-0.7295467633173076
mfcc_1_mean,EMOPIA Sad,-0.978661355888419
mfcc_1_mean,EMOPIA Sad,-0.5702611277519529
mfcc_1_mean,EMOPIA Sad,-0.8104049070281568
mfcc_1_mean,EMOPIA Sad,-0.4470892060669369
mfcc_1_mean,EMOPIA Sad,-0.2404069780441436
mfcc_1_mean,EMOPIA Sad,-1.034045760982078
mfcc_1_mean,EMOPIA Sad,-1.230789837428995
mfcc_1_mean,EMOPIA Sad,-1.003479512123981
mfcc_1_mean,EMOPIA Sad,0.04469938560935841
mfcc_1_mean,EMOPIA Sad,-0.8545728121931401
mfcc_1_mean,EMOPIA Sad,-0.939195147348901
mfcc_1_mean,EMOPIA Sad,-1.729274095579769
mfcc_1_mean,EMOPIA Sad,-0.8984819152120198
mfcc_1_mean,EMOPIA Sad,-0.41619404727676024
mfcc_1_mean,EMOPIA Sad,-0.5704766719024541
mfcc_1_mean,EMOPIA Sad,-1.2763725773811778
mfcc_1_mean,EMOPIA Sad,-0.25697777366987135
mfcc_1_mean,EMOPIA Sad,-0.20331809469397696
mfcc_1_mean,EMOPIA Sad,-2.392527313152246
mfcc_1_mean,EMOPIA Sad,-0.45772172305498154
mfcc_1_mean,EMOPIA Sad,-0.16259516679946076
mfcc_1_mean,EMOPIA Sad,1.2484784122654864
mfcc_1_mean,EMOPIA Sad,-0.7265589783107064
mfcc_1_mean,EMOPIA Sad,-0.7809872325360523
mfcc_1_mean,EMOPIA Sad,-0.7391850922340094
mfcc_1_mean,EMOPIA Sad,-0.35598786732846394
mfcc_1_mean,EMOPIA Sad,-0.5886114678174587
mfcc_1_mean,EMOPIA Sad,-1.2512277486960675
mfcc_1_mean,EMOPIA Sad,-0.7762020032294239
mfcc_1_mean,EMOPIA Sad,0.017943569501816903
mfcc_1_mean,EMOPIA Sad,-2.162629712213708
mfcc_1_mean,EMOPIA Sad,-1.3341950926062847
mfcc_1_mean,EMOPIA Sad,-1.6205578027010297
mfcc_1_mean,EMOPIA Sad,-1.1977317788587025
mfcc_1_mean,EMOPIA Sad,0.0805020894178666
mfcc_1_mean,EMOPIA Sad,-0.8642939279634946
mfcc_1_mean,EMOPIA Sad,-1.7837754409011326
mfcc_1_mean,EMOPIA Sad,-0.7398406746156375
mfcc_1_mean,EMOPIA Sad,-0.04506319274797401
mfcc_1_mean,EMOPIA Sad,-1.462592281829056
mfcc_1_mean,EMOPIA Sad,-1.2306682675448022
mfcc_1_mean,EMOPIA Sad,-0.7739406542179375
mfcc_1_mean,EMOPIA Sad,-0.45219066623796844
mfcc_1_mean,EMOPIA Sad,0.28554685314161027
mfcc_1_mean,EMOPIA Sad,0.6276817986354145
mfcc_1_mean,EMOPIA Sad,0.6715774767591066
mfcc_1_mean,EMOPIA Sad,-0.9773464619876107
mfcc_1_mean,EMOPIA Sad,-0.8713815267946805
mfcc_1_mean,EMOPIA Sad,-0.8659198319361332
mfcc_1_mean,EMOPIA Sad,-2.1853789429354626
mfcc_1_mean,EMOPIA Sad,-1.1015364382243018
mfcc_1_mean,EMOPIA Sad,-0.10885493845244554
mfcc_1_mean,EMOPIA Sad,0.5972744110370294
mfcc_1_mean,EMOPIA Sad,0.33112959309379264
mfcc_1_mean,EMOPIA Sad,-0.692770008780237
mfcc_1_mean,EMOPIA Sad,-0.5413595658970346
mfcc_1_mean,EMOPIA Sad,-2.3563397623483797
mfcc_1_mean,EMOPIA Sad,-2.564926088005185
mfcc_1_mean,EMOPIA Sad,-2.0516125414654316
mfcc_1_mean,EMOPIA Sad,-1.3288892756974078
mfcc_1_mean,EMOPIA Sad,-1.602472977229221
mfcc_1_mean,EMOPIA Sad,-1.230381123953304
mfcc_1_mean,EMOPIA Sad,-0.6137913503955572
mfcc_1_mean,EMOPIA Sad,-1.3114570492971855
mfcc_1_mean,EMOPIA Sad,-0.06993281108175256
mfcc_1_mean,EMOPIA Sad,-0.6722724313123337
mfcc_1_mean,EMOPIA Sad,-0.0735918408477
mfcc_1_mean,EMOPIA Sad,-2.0963651753985566
mfcc_1_mean,EMOPIA Sad,-1.2429580132609217
mfcc_1_mean,EMOPIA Sad,-0.14522745447888766
mfcc_1_mean,EMOPIA Sad,-0.731753666920536
mfcc_1_mean,EMOPIA Sad,-0.9062676085929259
mfcc_1_mean,EMOPIA Sad,-1.360130498452403
mfcc_1_mean,EMOPIA Sad,-0.9585829334813518
mfcc_1_mean,EMOPIA Sad,-1.0393784276813287
mfcc_1_mean,EMOPIA Sad,-0.809908931733751
mfcc_1_mean,EMOPIA Sad,0.17184060130464193
mfcc_1_mean,EMOPIA Sad,0.5576817847345013
mfcc_1_mean,EMOPIA Sad,-0.029232630926303096
mfcc_1_mean,EMOPIA Sad,-0.8854910916361387
mfcc_1_mean,EMOPIA Sad,-1.5443043980392959
mfcc_1_mean,EMOPIA Sad,-0.3408475688676541
mfcc_1_mean,EMOPIA Sad,-0.5644973727516999
mfcc_1_mean,EMOPIA Sad,-0.7342223559799095
mfcc_1_mean,EMOPIA Sad,-0.18180656472570564
mfcc_1_mean,EMOPIA Sad,-1.0402547750060307
mfcc_1_mean,EMOPIA Sad,-1.2563187672819536
mfcc_1_mean,EMOPIA Sad,-0.338176014725456
mfcc_1_mean,EMOPIA Sad,-1.2235694813009603
mfcc_1_mean,EMOPIA Sad,-1.3012384665774046
mfcc_1_mean,EMOPIA Sad,-0.4696214009831698
mfcc_1_mean,EMOPIA Sad,-1.0643353078338222
mfcc_1_mean,EMOPIA Sad,-1.5841852866745876
mfcc_1_mean,EMOPIA Sad,-0.837321076050431
mfcc_1_mean,EMOPIA Sad,-0.4814181547149249
mfcc_1_mean,EMOPIA Sad,-1.3535194834003528
mfcc_1_mean,EMOPIA Sad,-0.20322449334142437
mfcc_1_mean,EMOPIA Sad,-1.3237945279739698
mfcc_1_mean,EMOPIA Sad,-0.39887294917558547
mfcc_1_mean,EMOPIA Sad,-0.635654538034975
mfcc_1_mean,EMOPIA Sad,-2.097153515077033
mfcc_1_mean,EMOPIA Sad,-1.0113256175332281
mfcc_1_mean,EMOPIA Sad,-0.5272850549485645
mfcc_1_mean,EMOPIA Sad,-0.12357720059368406
mfcc_1_mean,EMOPIA Sad,0.25895661074137416
mfcc_1_mean,EMOPIA Sad,0.3302998599884903
mfcc_1_mean,EMOPIA Sad,-0.18724290144890057
mfcc_1_mean,EMOPIA Sad,0.07440755991675783
mfcc_1_mean,EMOPIA Sad,0.3187447543700998
mfcc_1_mean,EMOPIA Sad,-0.7525197422921778
mfcc_1_mean,EMOPIA Sad,-1.7775955141500848
mfcc_1_mean,EMOPIA Sad,-0.7943375449719388
mfcc_1_mean,EMOPIA Sad,-0.9087034812418424
mfcc_1_mean,EMOPIA Sad,-0.2526221410092246
mfcc_1_mean,EMOPIA Sad,-0.11712206349130429
mfcc_1_mean,EMOPIA Sad,-1.0452011030549022
mfcc_1_mean,EMOPIA Sad,-0.7106616649268561
mfcc_1_mean,EMOPIA Sad,-1.2557601424766753
mfcc_1_mean,EMOPIA Sad,-1.1338255486313875
mfcc_1_mean,EMOPIA Sad,-1.0197549600555964
mfcc_1_mean,EMOPIA Sad,-0.7036083741611477
mfcc_1_mean,EMOPIA Sad,-1.2244831200011816
mfcc_1_mean,EMOPIA Sad,-1.7634896784461787
mfcc_1_mean,EMOPIA Sad,-0.3008958266188757
mfcc_1_mean,EMOPIA Sad,0.4262423650968705
mfcc_1_mean,EMOPIA Sad,0.7305910785182984
mfcc_1_mean,EMOPIA Sad,0.012226055807207625
mfcc_1_mean,EMOPIA Sad,0.02238646398117869
mfcc_1_mean,EMOPIA Sad,-0.22461780964929903
mfcc_1_mean,EMOPIA Sad,-0.551006844743861
mfcc_1_mean,EMOPIA Sad,-0.6446260971573928
mfcc_1_mean,EMOPIA Sad,-0.6635626576460609
mfcc_1_mean,EMOPIA Sad,-0.01737695682122756
mfcc_1_mean,EMOPIA Sad,-0.44791856625848475
mfcc_1_mean,EMOPIA Sad,-0.2981713187234403
mfcc_1_mean,EMOPIA Sad,-2.30490898888727
mfcc_1_mean,EMOPIA Sad,-2.1376713404061936
mfcc_1_mean,EMOPIA Sad,-1.3592220805447544
mfcc_1_mean,EMOPIA Sad,-0.11689384027312656
mfcc_1_mean,EMOPIA Sad,-0.3424279773621593
mfcc_1_mean,EMOPIA Sad,-0.3584386565275881
mfcc_1_mean,EMOPIA Sad,-1.0405545976652055
mfcc_1_mean,EMOPIA Sad,-0.883599673069803
mfcc_1_mean,EMOPIA Sad,-0.37736925039617314
mfcc_1_mean,EMOPIA Sad,-0.31568856945984625
mfcc_1_mean,EMOPIA Sad,-2.485482779081536
mfcc_1_mean,EMOPIA Sad,-1.8322915204516588
mfcc_1_mean,EMOPIA Sad,-1.1690651526695552
mfcc_1_mean,EMOPIA Sad,-1.886367744092103
mfcc_1_mean,EMOPIA Sad,-1.0677571644514674
mfcc_1_mean,EMOPIA Sad,-1.120455844680231
mfcc_1_mean,EMOPIA Sad,-1.9172837860525704
mfcc_1_mean,EMOPIA Sad,-1.191064080915863
mfcc_1_mean,EMOPIA Sad,-0.49607217363896394
mfcc_1_mean,EMOPIA Sad,0.2793896741296292
mfcc_1_mean,EMOPIA Sad,-1.8473169614758693
mfcc_1_mean,EMOPIA Sad,-1.354392101587503
mfcc_1_mean,EMOPIA Sad,-1.6923653295733603
mfcc_1_mean,EMOPIA Sad,-1.2463037954725076
mfcc_1_mean,EMOPIA Sad,-1.3269016453822324
mfcc_1_mean,EMOPIA Sad,-2.337260748805228
mfcc_1_mean,EMOPIA Sad,-0.6646068161605995
mfcc_1_mean,EMOPIA Sad,-0.09894661997698381
mfcc_1_mean,EMOPIA Sad,-0.5371001449852275
mfcc_1_mean,EMOPIA Sad,-0.284292214582691
mfcc_1_mean,EMOPIA Sad,-0.09131755037325849
mfcc_1_mean,EMOPIA Sad,-0.02218493386692267
mfcc_1_mean,EMOPIA Sad,-0.7075455975884687
mfcc_1_mean,EMOPIA Sad,-0.5266630348049036
mfcc_1_mean,MusicGen Happy,3.4274692344608524
mfcc_1_mean,MusicGen Happy,3.3567851102760384
mfcc_1_mean,MusicGen Happy,3.550684787055226
mfcc_1_mean,MusicGen Happy,3.1167213210003233
mfcc_1_mean,MusicGen Happy,2.7089358411892923
mfcc_1_mean,MusicGen Happy,3.1136503762263144
mfcc_1_mean,MusicGen Happy,3.1831887228982993
mfcc_1_mean,MusicGen Happy,2.9652877574642993
mfcc_1_mean,MusicGen Happy,2.3445066197550677
mfcc_1_mean,MusicGen Happy,2.9895198797335762
mfcc_1_mean,MusicGen Happy,2.415684668208634
mfcc_1_mean,MusicGen Happy,2.906856833447596
mfcc_1_mean,MusicGen Happy,2.940267854887178
mfcc_1_mean,MusicGen Happy,3.0446100558743887
mfcc_1_mean,MusicGen Happy,2.6728415188242236
mfcc_1_mean,MusicGen Angry,2.7668937241075335
mfcc_1_mean,MusicGen Angry,3.4108803525179976
mfcc_1_mean,MusicGen Angry,2.989627651808827
mfcc_1_mean,MusicGen Angry,2.9091912735551
mfcc_1_mean,MusicGen Angry,3.06705237857562
mfcc_1_mean,MusicGen Angry,2.245214976211305
mfcc_1_mean,MusicGen Angry,2.969435677163304
mfcc_1_mean,MusicGen Angry,3.1662362500441326
mfcc_1_mean,MusicGen Angry,2.968073982586219
mfcc_1_mean,MusicGen Angry,2.74028856515709
mfcc_1_mean,MusicGen Angry,3.0577202118519313
mfcc_1_mean,MusicGen Angry,2.676758604908764
mfcc_1_mean,MusicGen Angry,3.2323691483037007
mfcc_1_mean,MusicGen Angry,2.8347237528669824
mfcc_1_mean,MusicGen Angry,3.299761376314554
mfcc_1_mean,MusicGen Calm,2.2978797212883464
mfcc_1_mean,MusicGen Calm,2.9362099938600523
mfcc_1_mean,MusicGen Calm,2.6084150739084153
mfcc_1_mean,MusicGen Calm,2.196710084073435
mfcc_1_mean,MusicGen Calm,1.87295232843551
mfcc_1_mean,MusicGen Calm,2.2100011032222455
mfcc_1_mean,MusicGen Calm,2.348781703044593
mfcc_1_mean,MusicGen Calm,1.8329416658134112
mfcc_1_mean,MusicGen Calm,2.587621030005134
mfcc_1_mean,MusicGen Calm,2.507399450074398
mfcc_1_mean,MusicGen Calm,2.7885670986455584
mfcc_1_mean,MusicGen Calm,2.7126101604192026
mfcc_1_mean,MusicGen Calm,2.1565301186064785
mfcc_1_mean,MusicGen Calm,2.5461884472344867
mfcc_1_mean,MusicGen Calm,2.224105074357376
mfcc_1_mean,MusicGen Sad,2.061372224039023
mfcc_1_mean,MusicGen Sad,2.5646495426852844
mfcc_1_mean,MusicGen Sad,2.1319681541207336
mfcc_1_mean,MusicGen Sad,2.8711734620407494
mfcc_1_mean,MusicGen Sad,2.1697454362629855
mfcc_1_mean,MusicGen Sad,2.180719169337031
mfcc_1_mean,MusicGen Sad,2.346679961120329
mfcc_1_mean,MusicGen Sad,2.339150832402995
mfcc_1_mean,MusicGen Sad,2.575221274731233
mfcc_1_mean,MusicGen Sad,2.809248149681016
mfcc_1_mean,MusicGen Sad,1.404681542730421
mfcc_1_mean,MusicGen Sad,2.5702566739083568
mfcc_1_mean,MusicGen Sad,2.0737842854668456
mfcc_1_mean,MusicGen Sad,2.1694993131845584
mfcc_1_mean,MusicGen Sad,2.6715527288862786
rms_std,EMOPIA Happy,-0.04349600623525773
rms_std,EMOPIA Happy,-0.530643456205442
rms_std,EMOPIA Happy,-0.18567561830766618
rms_std,EMOPIA Happy,0.16141102848962674
rms_std,EMOPIA Happy,0.5521223166291719
rms_std,EMOPIA Happy,0.9983029263941108
rms_std,EMOPIA Happy,-0.03826101268582934
rms_std,EMOPIA Happy,0.39311411832563453
rms_std,EMOPIA Happy,0.21485769999189347
rms_std,EMOPIA Happy,-0.34788632691642785
rms_std,EMOPIA Happy,-0.3550544434524238
rms_std,EMOPIA Happy,-0.6526054854582356
rms_std,EMOPIA Happy,-0.4030317272417469
rms_std,EMOPIA Happy,-0.3338787030278349
rms_std,EMOPIA Happy,-0.12267183921948598
rms_std,EMOPIA Happy,-0.12283820190626205
rms_std,EMOPIA Happy,0.010226678686854557
rms_std,EMOPIA Happy,0.18385364078336688
rms_std,EMOPIA Happy,-0.41985185241523226
rms_std,EMOPIA Happy,-0.5872587937825049
rms_std,EMOPIA Happy,-0.2826042365589257
rms_std,EMOPIA Happy,-0.19500896522140443
rms_std,EMOPIA Happy,-0.534074529404785
rms_std,EMOPIA Happy,1.1104910620443824
rms_std,EMOPIA Happy,1.216315796340487
rms_std,EMOPIA Happy,0.3365528629141286
rms_std,EMOPIA Happy,1.1659441475862546
rms_std,EMOPIA Happy,0.8320968835143516
rms_std,EMOPIA Happy,0.6251320967110738
rms_std,EMOPIA Happy,2.0430942149518767
rms_std,EMOPIA Happy,2.448824795057449
rms_std,EMOPIA Happy,2.041710260339612
rms_std,EMOPIA Happy,0.28313065987578856
rms_std,EMOPIA Happy,1.3850818808402638
rms_std,EMOPIA Happy,-0.9830343679172612
rms_std,EMOPIA Happy,0.4450951974435496
rms_std,EMOPIA Happy,1.5944137056791365
rms_std,EMOPIA Happy,1.7710492597875673
rms_std,EMOPIA Happy,0.48792827254481813
rms_std,EMOPIA Happy,-0.0567573419749713
rms_std,EMOPIA Happy,2.6450810844081776
rms_std,EMOPIA Happy,1.592552959036725
rms_std,EMOPIA Happy,1.7036647109526897
rms_std,EMOPIA Happy,1.6321134342609045
rms_std,EMOPIA Happy,0.3569170278398926
rms_std,EMOPIA Happy,0.6727495568747438
rms_std,EMOPIA Happy,0.26102054427838617
rms_std,EMOPIA Happy,0.8417045287687172
rms_std,EMOPIA Happy,0.36174005935461706
rms_std,EMOPIA Happy,-0.29402574962302447
rms_std,EMOPIA Happy,-0.17564057530538663
rms_std,EMOPIA Happy,-0.2242143636561935
rms_std,EMOPIA Happy,0.4165185470600734
rms_std,EMOPIA Happy,1.383760812466985
rms_std,EMOPIA Happy,1.2296728335020883
rms_std,EMOPIA Happy,1.5414097532993987
rms_std,EMOPIA Happy,1.6229123771262755
rms_std,EMOPIA Happy,0.0963868860506106
rms_std,EMOPIA Happy,1.0561239646805327
rms_std,EMOPIA Happy,1.4663857841519405
rms_std,EMOPIA Happy,2.3191099215846607
rms_std,EMOPIA Happy,0.915443103191187
rms_std,EMOPIA Happy,1.0377101878724087
rms_std,EMOPIA Happy,1.884158278653875
rms_std,EMOPIA Happy,1.0596064902572346
rms_std,EMOPIA Happy,2.347571547320101
rms_std,EMOPIA Happy,0.07145054853437359
rms_std,EMOPIA Happy,1.835731758440959
rms_std,EMOPIA Happy,0.9403355346787537
rms_std,EMOPIA Happy,1.2218662501324202
rms_std,EMOPIA Happy,0.3157228824653425
rms_std,EMOPIA Happy,-0.4500782946939816
rms_std,EMOPIA Happy,-0.1794470221821875
rms_std,EMOPIA Happy,-0.44581003414576587
rms_std,EMOPIA Happy,-0.38845824154082725
rms_std,EMOPIA Happy,0.22753396503175066
rms_std,EMOPIA Happy,0.08576597197818794
rms_std,EMOPIA Happy,-0.23262568396772568
rms_std,EMOPIA Happy,-0.6672849630565002
rms_std,EMOPIA Happy,-0.440715791433066
rms_std,EMOPIA Happy,-0.3995385681737299
rms_std,EMOPIA Happy,0.6553213789395042
rms_std,EMOPIA Happy,-0.1958994343655225
rms_std,EMOPIA Happy,1.7525055943112695
rms_std,EMOPIA Happy,1.2552522113966538
rms_std,EMOPIA Happy,2.2800125177566857
rms_std,EMOPIA Happy,1.4630347479840362
rms_std,EMOPIA Happy,1.9349301125653262
rms_std,EMOPIA Happy,1.7860072662552566
rms_std,EMOPIA Happy,2.0423505565911713
rms_std,EMOPIA Happy,1.2878512943032039
rms_std,EMOPIA Happy,2.8218577323691947
rms_std,EMOPIA Happy,2.68151714260209
rms_std,EMOPIA Happy,-0.09789500407305342
rms_std,EMOPIA Happy,0.17008086841271772
rms_std,EMOPIA Happy,2.055053119512792
rms_std,EMOPIA Happy,1.4152823682530824
rms_std,EMOPIA Happy,1.2506557990195417
rms_std,EMOPIA Happy,-0.19979620874921927
rms_std,EMOPIA Happy,0.13976055412996755
rms_std,EMOPIA Happy,2.0074539535277456
rms_std,EMOPIA Happy,2.0888200570467155
rms_std,EMOPIA Happy,1.8710493562897563
rms_std,EMOPIA Happy,2.0495689821183554
rms_std,EMOPIA Happy,-0.5343290471647608
rms_std,EMOPIA Happy,0.20279291787222797
rms_std,EMOPIA Happy,0.5549549415105496
rms_std,EMOPIA Happy,0.22733135700358678
rms_std,EMOPIA Happy,0.7471044164393243
rms_std,EMOPIA Happy,1.0892053278708413
rms_std,EMOPIA Happy,0.5323778670039795
rms_std,EMOPIA Happy,1.6245529075936171
rms_std,EMOPIA Happy,1.9588106472982196
rms_std,EMOPIA Happy,2.7192031505498906
rms_std,EMOPIA Happy,0.2875722577663713
rms_std,EMOPIA Happy,0.4147639066536259
rms_std,EMOPIA Happy,1.7047145681279932
rms_std,EMOPIA Happy,1.7889050641479358
rms_std,EMOPIA Happy,-0.0029427288053151465
rms_std,EMOPIA Happy,-0.1256086265803462
rms_std,EMOPIA Happy,0.10766044494515145
rms_std,EMOPIA Happy,0.10224102320756276
rms_std,EMOPIA Happy,-0.06309947634648268
rms_std,EMOPIA Happy,-0.13046195782839376
rms_std,EMOPIA Happy,0.640930720686121
rms_std,EMOPIA Happy,0.8499122120045352
rms_std,EMOPIA Happy,-0.21218754195715822
rms_std,EMOPIA Happy,0.2649544787124019
rms_std,EMOPIA Happy,0.47035282647173693
rms_std,EMOPIA Happy,0.36799872653620447
rms_std,EMOPIA Happy,0.9552210504636923
rms_std,EMOPIA Happy,1.2991321708691934
rms_std,EMOPIA Happy,0.8945584688838202
rms_std,EMOPIA Happy,1.1109523040227243
rms_std,EMOPIA Happy,0.5102958787062286
rms_std,EMOPIA Happy,1.6256468994748057
rms_std,EMOPIA Happy,0.18883514562034592
rms_std,EMOPIA Happy,0.15213359315928363
rms_std,EMOPIA Happy,0.22652321166324757
rms_std,EMOPIA Happy,-0.09501492866590001
rms_std,EMOPIA Happy,-0.19905689525593065
rms_std,EMOPIA Happy,2.193521757453073
rms_std,EMOPIA Happy,2.420350820751451
rms_std,EMOPIA Happy,1.6042475127166365
rms_std,EMOPIA Happy,0.7288728953856397
rms_std,EMOPIA Happy,1.4905357006649471
rms_std,EMOPIA Happy,-0.05837420434872255
rms_std,EMOPIA Happy,0.39968813141110643
rms_std,EMOPIA Happy,-0.2642345944567112
rms_std,EMOPIA Happy,-0.18038036830742574
rms_std,EMOPIA Happy,1.4859909693424078
rms_std,EMOPIA Happy,0.3609161352852339
rms_std,EMOPIA Happy,0.613682913701826
rms_std,EMOPIA Happy,1.5956995577585786
rms_std,EMOPIA Happy,1.8612235529553973
rms_std,EMOPIA Happy,1.4056100073418687
rms_std,EMOPIA Happy,1.5534985465284643
rms_std,EMOPIA Happy,0.6248032588504604
rms_std,EMOPIA Happy,1.503024679051231
rms_std,EMOPIA Happy,1.22820403963649
rms_std,EMOPIA Happy,0.2713594993228992
rms_std,EMOPIA Happy,0.6357184805213517
rms_std,EMOPIA Happy,0.6472344372825489
rms_std,EMOPIA Happy,1.3201496666487669
rms_std,EMOPIA Happy,0.008551046264295238
rms_std,EMOPIA Happy,0.1431891118797317
rms_std,EMOPIA Happy,-0.053342847875008356
rms_std,EMOPIA Happy,-0.2514758912744558
rms_std,EMOPIA Happy,-0.005963555049197067
rms_std,EMOPIA Happy,1.205962434630315
rms_std,EMOPIA Happy,0.312078910762379
rms_std,EMOPIA Happy,1.0860290011087375
rms_std,EMOPIA Happy,0.8757733202497721
rms_std,EMOPIA Happy,-0.08622057398960235
rms_std,EMOPIA Happy,0.4224506631533628
rms_std,EMOPIA Happy,0.6213872783484935
rms_std,EMOPIA Happy,-0.4739223554082732
rms_std,EMOPIA Happy,-0.23104792540075045
rms_std,EMOPIA Happy,-0.27090602404328923
rms_std,EMOPIA Happy,0.4145450625419404
rms_std,EMOPIA Happy,0.0817421673917298
rms_std,EMOPIA Happy,2.0054315320818077
rms_std,EMOPIA Happy,0.8459142479453641
rms_std,EMOPIA Happy,2.0035051550735923
rms_std,EMOPIA Happy,1.9242456262222005
rms_std,EMOPIA Happy,0.15956400248118233
rms_std,EMOPIA Happy,-0.09287656786297041
rms_std,EMOPIA Happy,-0.38223147483321096
rms_std,EMOPIA Happy,1.060406174539955
rms_std,EMOPIA Happy,-0.06061695630834903
rms_std,EMOPIA Happy,-0.20848308512614375
rms_std,EMOPIA Happy,-0.2812249698299363
rms_std,EMOPIA Happy,-0.5167965924114188
rms_std,EMOPIA Happy,-0.26917642379381673
rms_std,EMOPIA Happy,0.24824320390167398
rms_std,EMOPIA Happy,0.3360289633740153
rms_std,EMOPIA Happy,1.7710074118539982
rms_std,EMOPIA Happy,0.1471747273683446
rms_std,EMOPIA Happy,0.31901606329336996
rms_std,EMOPIA Happy,0.25068547674683705
rms_std,EMOPIA Happy,0.8791595727114888
rms_std,EMOPIA Happy,1.247308193010148
rms_std,EMOPIA Happy,0.3309294610849675
rms_std,EMOPIA Happy,0.3705976432857592
rms_std,EMOPIA Happy,0.4826686961928925
rms_std,EMOPIA Happy,0.5271432164704093
rms_std,EMOPIA Happy,0.8057518942447087
rms_std,EMOPIA Happy,1.0297924673676424
rms_std,EMOPIA Happy,0.6122033720062928
rms_std,EMOPIA Happy,1.4027229572791247
rms_std,EMOPIA Happy,0.8855687095121887
rms_std,EMOPIA Happy,0.014990368459698384
rms_std,EMOPIA Happy,1.3559916213921557
rms_std,EMOPIA Happy,1.4902926167665982
rms_std,EMOPIA Happy,1.1828591738113405
rms_std,EMOPIA Happy,1.30987474122941
rms_std,EMOPIA Happy,2.223961441251302
rms_std,EMOPIA Happy,0.3478691844511699
rms_std,EMOPIA Happy,0.03154111185309522
rms_std,EMOPIA Happy,0.8018716989603677
rms_std,EMOPIA Happy,0.8831518198398588
rms_std,EMOPIA Happy,0.9967069879871565
rms_std,EMOPIA Happy,0.02679697398363941
rms_std,EMOPIA Happy,-0.01807590203323353
rms_std,EMOPIA Happy,0.05307679024195637
rms_std,EMOPIA Happy,0.26364713097309
rms_std,EMOPIA Happy,1.3510558520017097
rms_std,EMOPIA Happy,1.3202239867494046
rms_std,EMOPIA Happy,1.8574725603075382
rms_std,EMOPIA Happy,-0.361193855457152
rms_std,EMOPIA Happy,-0.06269437462875019
rms_std,EMOPIA Happy,0.32802526022977013
rms_std,EMOPIA Happy,0.5024442459217195
rms_std,EMOPIA Happy,0.7627098081527584
rms_std,EMOPIA Happy,0.3765663477362702
rms_std,EMOPIA Happy,0.3300307595604934
rms_std,EMOPIA Happy,0.6306423033100361
rms_std,EMOPIA Happy,0.6735997788258917
rms_std,EMOPIA Happy,0.7600516639999424
rms_std,EMOPIA Happy,-0.5598766389239994
rms_std,EMOPIA Happy,-0.8068951577423896
rms_std,EMOPIA Happy,0.21409071655343173
rms_std,EMOPIA Happy,0.738461789106929
rms_std,EMOPIA Happy,1.4376193316653116
rms_std,EMOPIA Happy,-0.010265202473387433
rms_std,EMOPIA Happy,-0.16355223943077463
rms_std,EMOPIA Angry,2.5201355033004402
rms_std,EMOPIA Angry,2.3100954650719125
rms_std,EMOPIA Angry,3.285201254479439
rms_std,EMOPIA Angry,1.1545368125106008
rms_std,EMOPIA Angry,2.266152848037626
rms_std,EMOPIA Angry,0.024750427089658418
rms_std,EMOPIA Angry,0.03757350291290348
rms_std,EMOPIA Angry,0.649933972014481
rms_std,EMOPIA Angry,0.8139890768435377
rms_std,EMOPIA Angry,2.5670843112357096
rms_std,EMOPIA Angry,1.0029574227883389
rms_std,EMOPIA Angry,1.3863085055164202
rms_std,EMOPIA Angry,1.7192984586429896
rms_std,EMOPIA Angry,1.7614452733689268
rms_std,EMOPIA Angry,1.2880920914292369
rms_std,EMOPIA Angry,1.101431784794008
rms_std,EMOPIA Angry,0.6572918906536045
rms_std,EMOPIA Angry,1.815558767681707
rms_std,EMOPIA Angry,-0.2267931568092632
rms_std,EMOPIA Angry,0.2792047291449145
rms_std,EMOPIA Angry,0.5296554645487688
rms_std,EMOPIA Angry,0.20301176198391346
rms_std,EMOPIA Angry,0.5628918709028454
rms_std,EMOPIA Angry,1.7201100341418145
rms_std,EMOPIA Angry,-0.5645458849997451
rms_std,EMOPIA Angry,2.048511578594389
rms_std,EMOPIA Angry,0.9231627892124454
rms_std,EMOPIA Angry,1.586799668539389
rms_std,EMOPIA Angry,2.2674393861487605
rms_std,EMOPIA Angry,2.4684466736859165
rms_std,EMOPIA Angry,-0.4491215091523919
rms_std,EMOPIA Angry,-0.1413604860613102
rms_std,EMOPIA Angry,1.5963071531658308
rms_std,EMOPIA Angry,1.4915764107509146
rms_std,EMOPIA Angry,-0.7451435008418182
rms_std,EMOPIA Angry,-0.5202814047604362
rms_std,EMOPIA Angry,-0.49734039043805983
rms_std,EMOPIA Angry,0.6546723929531112
rms_std,EMOPIA Angry,1.5909156300506297
rms_std,EMOPIA Angry,1.1156605395666266
rms_std,EMOPIA Angry,1.4934424169696987
rms_std,EMOPIA Angry,1.5034852349978807
rms_std,EMOPIA Angry,1.5510466692395366
rms_std,EMOPIA Angry,2.28893504602189
rms_std,EMOPIA Angry,0.0357423699721225
rms_std,EMOPIA Angry,0.19244207161161023
rms_std,EMOPIA Angry,-0.03422748931696259
rms_std,EMOPIA Angry,1.763930766211068
rms_std,EMOPIA Angry,-0.38651688617387947
rms_std,EMOPIA Angry,1.2289758252968468
rms_std,EMOPIA Angry,1.14071327379431
rms_std,EMOPIA Angry,0.9043458544430704
rms_std,EMOPIA Angry,1.48874058438829
rms_std,EMOPIA Angry,0.7986546676508399
rms_std,EMOPIA Angry,0.7069324582949291
rms_std,EMOPIA Angry,1.6355673751835016
rms_std,EMOPIA Angry,1.273050617771623
rms_std,EMOPIA Angry,1.5323150310779483
rms_std,EMOPIA Angry,1.4419964425762848
rms_std,EMOPIA Angry,1.9958879164525982
rms_std,EMOPIA Angry,1.93689742279818
rms_std,EMOPIA Angry,-0.4789406772797124
rms_std,EMOPIA Angry,-0.6048839771537022
rms_std,EMOPIA Angry,1.482379469806488
rms_std,EMOPIA Angry,1.8893858401932595
rms_std,EMOPIA Angry,1.7787764921574893
rms_std,EMOPIA Angry,1.15059830453193
rms_std,EMOPIA Angry,0.10929754525400753
rms_std,EMOPIA Angry,0.6909739889341938
rms_std,EMOPIA Angry,0.41961323605011475
rms_std,EMOPIA Angry,-0.5714454201259397
rms_std,EMOPIA Angry,-0.23702429053856872
rms_std,EMOPIA Angry,0.2719831021364586
rms_std,EMOPIA Angry,0.007488383163980186
rms_std,EMOPIA Angry,1.9741839316204788
rms_std,EMOPIA Angry,1.7082560924306927
rms_std,EMOPIA Angry,2.091503813049603
rms_std,EMOPIA Angry,0.7179496700116067
rms_std,EMOPIA Angry,1.498112463415756
rms_std,EMOPIA Angry,-0.4073585291615316
rms_std,EMOPIA Angry,-0.578590097245584
rms_std,EMOPIA Angry,-0.4535113116497818
rms_std,EMOPIA Angry,0.3999892993265708
rms_std,EMOPIA Angry,1.4468432565232194
rms_std,EMOPIA Angry,0.9972837119680129
rms_std,EMOPIA Angry,1.2852027545941525
rms_std,EMOPIA Angry,0.6736315649612182
rms_std,EMOPIA Angry,1.4214692307836112
rms_std,EMOPIA Angry,-0.11852237649365133
rms_std,EMOPIA Angry,0.9841379725694093
rms_std,EMOPIA Angry,0.6891612645106551
rms_std,EMOPIA Angry,0.6238178886547905
rms_std,EMOPIA Angry,1.2887618870438071
rms_std,EMOPIA Angry,1.4617635312475172
rms_std,EMOPIA Angry,2.4449221894043065
rms_std,EMOPIA Angry,2.7882023893248236
rms_std,EMOPIA Angry,1.92486099665538
rms_std,EMOPIA Angry,1.9119473646479752
rms_std,EMOPIA Angry,0.5716438059524761
rms_std,EMOPIA Angry,0.29617189377902725
rms_std,EMOPIA Angry,0.9973808997919049
rms_std,EMOPIA Angry,0.8262971715387911
rms_std,EMOPIA Angry,0.25194846110300056
rms_std,EMOPIA Angry,1.0169988909074086
rms_std,EMOPIA Angry,2.348800001414144
rms_std,EMOPIA Angry,2.6987598633016185
rms_std,EMOPIA Angry,2.055129040354053
rms_std,EMOPIA Angry,-0.804153203383766
rms_std,EMOPIA Angry,-0.01689752825316495
rms_std,EMOPIA Angry,0.38052932417884344
rms_std,EMOPIA Angry,1.3005495123574329
rms_std,EMOPIA Angry,1.1740583018339055
rms_std,EMOPIA Angry,1.7115760284949375
rms_std,EMOPIA Angry,0.8421021984763567
rms_std,EMOPIA Angry,-0.05658606272768104
rms_std,EMOPIA Angry,0.10693599547197531
rms_std,EMOPIA Angry,0.2121661689630784
rms_std,EMOPIA Angry,0.5876626461026182
rms_std,EMOPIA Angry,1.1590037935740414
rms_std,EMOPIA Angry,-0.8245197694204897
rms_std,EMOPIA Angry,1.0765896622976299
rms_std,EMOPIA Angry,0.019172875045649514
rms_std,EMOPIA Angry,-0.6852397846586226
rms_std,EMOPIA Angry,-0.6618055135453386
rms_std,EMOPIA Angry,-0.6743118714013144
rms_std,EMOPIA Angry,-0.6018666954069255
rms_std,EMOPIA Angry,-0.4233017914862712
rms_std,EMOPIA Angry,0.10572263407530874
rms_std,EMOPIA Angry,0.8173579498355873
rms_std,EMOPIA Angry,1.5365851210440262
rms_std,EMOPIA Angry,0.6149376656776088
rms_std,EMOPIA Angry,0.6970757835341499
rms_std,EMOPIA Angry,1.2418304585782045
rms_std,EMOPIA Angry,1.1224458504150958
rms_std,EMOPIA Angry,1.9902377593872194
rms_std,EMOPIA Angry,0.9168686770598072
rms_std,EMOPIA Angry,-0.4953711364487242
rms_std,EMOPIA Angry,1.1439392235159098
rms_std,EMOPIA Angry,1.5517987886578612
rms_std,EMOPIA Angry,1.7984091186158917
rms_std,EMOPIA Angry,1.990401034931368
rms_std,EMOPIA Angry,2.1981181698301855
rms_std,EMOPIA Angry,2.212855502768327
rms_std,EMOPIA Angry,-1.0267820947799888
rms_std,EMOPIA Angry,-0.9798625575304911
rms_std,EMOPIA Angry,1.192606083500406
rms_std,EMOPIA Angry,1.360221464165263
rms_std,EMOPIA Angry,1.9397211292674605
rms_std,EMOPIA Angry,0.6450007180735899
rms_std,EMOPIA Angry,0.2565709426846379
rms_std,EMOPIA Angry,0.8184768675351555
rms_std,EMOPIA Angry,0.04744744280475485
rms_std,EMOPIA Angry,0.7699085674379356
rms_std,EMOPIA Angry,0.6990851703778124
rms_std,EMOPIA Angry,0.31711461210350966
rms_std,EMOPIA Angry,0.7066770258259975
rms_std,EMOPIA Angry,0.8669180230909704
rms_std,EMOPIA Angry,0.5554596321630842
rms_std,EMOPIA Angry,0.46494849743149996
rms_std,EMOPIA Angry,1.6689419025861085
rms_std,EMOPIA Angry,1.8150577358648725
rms_std,EMOPIA Angry,1.8630824701799713
rms_std,EMOPIA Angry,2.4544594020710226
rms_std,EMOPIA Angry,2.0919584233881885
rms_std,EMOPIA Angry,1.8466671037083358
rms_std,EMOPIA Angry,0.6171855628749887
rms_std,EMOPIA Angry,1.0124070520749278
rms_std,EMOPIA Angry,0.6970664077675998
rms_std,EMOPIA Angry,0.5979206494067613
rms_std,EMOPIA Angry,0.9712863120920595
rms_std,EMOPIA Angry,0.9923166137966692
rms_std,EMOPIA Angry,1.7224128138750139
rms_std,EMOPIA Angry,1.2217631167004637
rms_std,EMOPIA Angry,1.5371815112668905
rms_std,EMOPIA Angry,1.6377974355567362
rms_std,EMOPIA Angry,0.7898039440366943
rms_std,EMOPIA Angry,0.7346753514879939
rms_std,EMOPIA Angry,0.2558263696150014
rms_std,EMOPIA Angry,0.8831479323268954
rms_std,EMOPIA Angry,-0.18033977809862145
rms_std,EMOPIA Angry,0.5647212887643835
rms_std,EMOPIA Angry,1.3816725319780296
rms_std,EMOPIA Angry,-0.502760040852863
rms_std,EMOPIA Angry,0.5265235011698134
rms_std,EMOPIA Angry,-0.3187145440348768
rms_std,EMOPIA Angry,0.7659567961797753
rms_std,EMOPIA Angry,0.8224693433407402
rms_std,EMOPIA Angry,0.8243396944269411
rms_std,EMOPIA Angry,0.5386642041307155
rms_std,EMOPIA Angry,1.8092930115059096
rms_std,EMOPIA Angry,0.9430362127968561
rms_std,EMOPIA Angry,0.996481740912953
rms_std,EMOPIA Angry,0.23078621263511537
rms_std,EMOPIA Angry,1.3555694832205896
rms_std,EMOPIA Angry,1.4232481109767219
rms_std,EMOPIA Angry,1.2754958634208184
rms_std,EMOPIA Angry,0.9680445836414153
rms_std,EMOPIA Angry,0.6898825125025598
rms_std,EMOPIA Angry,1.6058923880513953
rms_std,EMOPIA Angry,-0.3045405574594833
rms_std,EMOPIA Angry,1.3237115432251907
rms_std,EMOPIA Angry,1.3229598811613437
rms_std,EMOPIA Angry,-0.6878508213015214
rms_std,EMOPIA Angry,1.6227621361844016
rms_std,EMOPIA Angry,0.7909349816296062
rms_std,EMOPIA Angry,-0.16055119376751958
rms_std,EMOPIA Angry,-0.35072524042170417
rms_std,EMOPIA Angry,0.40850523947203893
rms_std,EMOPIA Angry,-0.7043251864991794
rms_std,EMOPIA Angry,0.23390742818413546
rms_std,EMOPIA Angry,0.20074785738025097
rms_std,EMOPIA Angry,0.6898619315516213
rms_std,EMOPIA Angry,-0.23312637276870213
rms_std,EMOPIA Angry,1.4020469873792751
rms_std,EMOPIA Angry,2.0743205484305745
rms_std,EMOPIA Angry,1.446414486711921
rms_std,EMOPIA Angry,0.526154187439015
rms_std,EMOPIA Angry,0.3132165799950237
rms_std,EMOPIA Angry,1.3275407434866509
rms_std,EMOPIA Angry,0.9262282075166901
rms_std,EMOPIA Angry,-0.42652865591680245
rms_std,EMOPIA Angry,-0.111989525310081
rms_std,EMOPIA Angry,1.315196746465868
rms_std,EMOPIA Angry,1.138763114353909
rms_std,EMOPIA Angry,1.0568477281220168
rms_std,EMOPIA Angry,2.242439933716298
rms_std,EMOPIA Angry,1.7789116404020113
rms_std,EMOPIA Angry,1.4229249900469343
rms_std,EMOPIA Angry,-0.3737390884426893
rms_std,EMOPIA Angry,0.8295203771335978
rms_std,EMOPIA Angry,2.049312406263279
rms_std,EMOPIA Angry,2.5316274489521877
rms_std,EMOPIA Angry,2.8774230984323346
rms_std,EMOPIA Angry,0.4583669379973641
rms_std,EMOPIA Angry,0.8111790910082243
rms_std,EMOPIA Angry,0.004028725310557182
rms_std,EMOPIA Angry,0.18903683893957818
rms_std,EMOPIA Angry,0.8539851821960116
rms_std,EMOPIA Angry,0.6714426664898858
rms_std,EMOPIA Angry,0.3388755375665745
rms_std,EMOPIA Angry,0.7051627251911051
rms_std,EMOPIA Angry,0.9227157252225242
rms_std,EMOPIA Angry,-0.2345058681749059
rms_std,EMOPIA Angry,-0.36395902055488805
rms_std,EMOPIA Angry,-0.09977084341281693
rms_std,EMOPIA Angry,0.6020800595922191
rms_std,EMOPIA Angry,1.5267734956981127
rms_std,EMOPIA Angry,2.353722964879553
rms_std,EMOPIA Angry,3.003532189300004
rms_std,EMOPIA Angry,0.7093770179124076
rms_std,EMOPIA Angry,0.7809461314283377
rms_std,EMOPIA Angry,0.35128402156696653
rms_std,EMOPIA Angry,0.5534024517777881
rms_std,EMOPIA Angry,0.9454528737919716
rms_std,EMOPIA Angry,1.1855122870650474
rms_std,EMOPIA Angry,0.960837591975858
rms_std,EMOPIA Angry,0.30516554066362217
rms_std,EMOPIA Angry,0.6321133839479498
rms_std,EMOPIA Angry,2.800842294684698
rms_std,EMOPIA Angry,2.5450599496005966
rms_std,EMOPIA Angry,0.9383368956650266
rms_std,EMOPIA Angry,-0.014080682100855632
rms_std,EMOPIA Angry,-0.6981733115852733
rms_std,EMOPIA Calm,0.7925206295611038
rms_std,EMOPIA Calm,-0.41745851649787363
rms_std,EMOPIA Calm,-0.48685976984788754
rms_std,EMOPIA Calm,-0.5376830561366728
rms_std,EMOPIA Calm,0.12543849904639656
rms_std,EMOPIA Calm,-1.1127105949377014
rms_std,EMOPIA Calm,-1.0535896409220364
rms_std,EMOPIA Calm,-1.1159871394970513
rms_std,EMOPIA Calm,-1.3188954780388866
rms_std,EMOPIA Calm,-1.234557142188005
rms_std,EMOPIA Calm,0.08163560380128762
rms_std,EMOPIA Calm,-0.855483924451904
rms_std,EMOPIA Calm,-0.6719470057994162
rms_std,EMOPIA Calm,-0.25960719631453494
rms_std,EMOPIA Calm,-0.4675448904043052
rms_std,EMOPIA Calm,-0.3309184762506232
rms_std,EMOPIA Calm,-0.2411105240095593
rms_std,EMOPIA Calm,-0.8951724589264201
rms_std,EMOPIA Calm,-0.7283075969392399
rms_std,EMOPIA Calm,-0.5725722271900301
rms_std,EMOPIA Calm,-0.5871891615651427
rms_std,EMOPIA Calm,-0.8492603592255591
rms_std,EMOPIA Calm,-0.47158653181493276
rms_std,EMOPIA Calm,-0.3698680402476599
rms_std,EMOPIA Calm,-0.5946728526822624
rms_std,EMOPIA Calm,-0.45971875513124894
rms_std,EMOPIA Calm,-0.9889110297816087
rms_std,EMOPIA Calm,-1.2146081407781673
rms_std,EMOPIA Calm,-1.0597858792190908
rms_std,EMOPIA Calm,-1.110725562219322
rms_std,EMOPIA Calm,-0.5344799741383267
rms_std,EMOPIA Calm,-0.43205658500129035
rms_std,EMOPIA Calm,-0.6832945417787358
rms_std,EMOPIA Calm,-0.6117878571473135
rms_std,EMOPIA Calm,-0.41206150512908585
rms_std,EMOPIA Calm,0.5435585829420453
rms_std,EMOPIA Calm,0.19861269805859247
rms_std,EMOPIA Calm,-0.6923268351156291
rms_std,EMOPIA Calm,-0.6722067831357644
rms_std,EMOPIA Calm,-0.9121263031117209
rms_std,EMOPIA Calm,-0.5626674158717833
rms_std,EMOPIA Calm,-0.06435377096778766
rms_std,EMOPIA Calm,-0.021998745621480274
rms_std,EMOPIA Calm,-0.9024383921486778
rms_std,EMOPIA Calm,-0.7103877629537156
rms_std,EMOPIA Calm,-0.617211852429558
rms_std,EMOPIA Calm,0.9948233736214662
rms_std,EMOPIA Calm,-0.9348574489038064
rms_std,EMOPIA Calm,-0.8711120695499974
rms_std,EMOPIA Calm,-1.1380587229807257
rms_std,EMOPIA Calm,-0.9003920167626384
rms_std,EMOPIA Calm,-1.0809796851450884
rms_std,EMOPIA Calm,-0.9715033756280098
rms_std,EMOPIA Calm,-0.7341353218758079
rms_std,EMOPIA Calm,-0.8274956605881502
rms_std,EMOPIA Calm,-0.8734748770567944
rms_std,EMOPIA Calm,-1.0232233625154898
rms_std,EMOPIA Calm,-0.7742140940478945
rms_std,EMOPIA Calm,-1.3096905905605916
rms_std,EMOPIA Calm,-1.1548530647962465
rms_std,EMOPIA Calm,0.027700820745866418
rms_std,EMOPIA Calm,-0.5991578992470622
rms_std,EMOPIA Calm,-0.47308059451472023
rms_std,EMOPIA Calm,-0.4711510160252579
rms_std,EMOPIA Calm,-0.0919420783515866
rms_std,EMOPIA Calm,-1.0135990809924469
rms_std,EMOPIA Calm,-1.0563651536645515
rms_std,EMOPIA Calm,-0.9412897964436188
rms_std,EMOPIA Calm,-1.049920057369025
rms_std,EMOPIA Calm,-0.838594281399676
rms_std,EMOPIA Calm,-0.7165016774470159
rms_std,EMOPIA Calm,-0.5623565291739345
rms_std,EMOPIA Calm,-0.6570212428215317
rms_std,EMOPIA Calm,-0.971672653949521
rms_std,EMOPIA Calm,-0.9109307785391995
rms_std,EMOPIA Calm,-1.0548485090880217
rms_std,EMOPIA Calm,-0.9257747322370804
rms_std,EMOPIA Calm,-1.191684734602697
rms_std,EMOPIA Calm,-1.2232686621040296
rms_std,EMOPIA Calm,0.3716911778124942
rms_std,EMOPIA Calm,-0.5318322347996117
rms_std,EMOPIA Calm,-0.37287777564574853
rms_std,EMOPIA Calm,-0.484489072976544
rms_std,EMOPIA Calm,-1.288142163416016
rms_std,EMOPIA Calm,-0.9861858260303068
rms_std,EMOPIA Calm,0.3967567179652139
rms_std,EMOPIA Calm,-0.573434454695902
rms_std,EMOPIA Calm,-1.2786458268046657
rms_std,EMOPIA Calm,-1.3385367942321225
rms_std,EMOPIA Calm,-1.0749231114678897
rms_std,EMOPIA Calm,-1.0489129056669246
rms_std,EMOPIA Calm,-0.9930997678221609
rms_std,EMOPIA Calm,0.3426057205862808
rms_std,EMOPIA Calm,1.0447749422992096
rms_std,EMOPIA Calm,-0.8758754163069828
rms_std,EMOPIA Calm,-0.8232560990326342
rms_std,EMOPIA Calm,-0.656714357975266
rms_std,EMOPIA Calm,-0.6769763041780292
rms_std,EMOPIA Calm,-0.4179067238739651
rms_std,EMOPIA Calm,-0.6061069429941338
rms_std,EMOPIA Calm,-0.8819018617587756
rms_std,EMOPIA Calm,-0.7108153893788685
rms_std,EMOPIA Calm,-1.0540947317597515
rms_std,EMOPIA Calm,-0.7508630614472961
rms_std,EMOPIA Calm,-0.4582864352842773
rms_std,EMOPIA Calm,-1.1486881552800654
rms_std,EMOPIA Calm,-1.1281214966647328
rms_std,EMOPIA Calm,0.16593472150677394
rms_std,EMOPIA Calm,-0.6419787401163674
rms_std,EMOPIA Calm,-0.8328089760897746
rms_std,EMOPIA Calm,-0.9546834219624414
rms_std,EMOPIA Calm,-0.6633577746008368
rms_std,EMOPIA Calm,-0.8869349333117327
rms_std,EMOPIA Calm,-0.8167264493303105
rms_std,EMOPIA Calm,-0.780290619813637
rms_std,EMOPIA Calm,-0.8563826259764025
rms_std,EMOPIA Calm,-1.0657006730120104
rms_std,EMOPIA Calm,-1.1445213130845635
rms_std,EMOPIA Calm,-0.7323461512072156
rms_std,EMOPIA Calm,-0.8324609293416073
rms_std,EMOPIA Calm,-0.8026434762935295
rms_std,EMOPIA Calm,-1.0839815883479524
rms_std,EMOPIA Calm,-0.9531637474125818
rms_std,EMOPIA Calm,-1.199584103759543
rms_std,EMOPIA Calm,-1.0138665190161027
rms_std,EMOPIA Calm,-1.1312126983269668
rms_std,EMOPIA Calm,-0.8559889581203216
rms_std,EMOPIA Calm,-0.6846430514199247
rms_std,EMOPIA Calm,-0.5428947246083693
rms_std,EMOPIA Calm,-0.6532704788509114
rms_std,EMOPIA Calm,-0.7998284595590825
rms_std,EMOPIA Calm,-0.23802029422555396
rms_std,EMOPIA Calm,-0.3829109892301657
rms_std,EMOPIA Calm,-0.7336591015387336
rms_std,EMOPIA Calm,-0.6380307420325508
rms_std,EMOPIA Calm,-0.8805580400008375
rms_std,EMOPIA Calm,-1.108463658541439
rms_std,EMOPIA Calm,-1.0248940212082376
rms_std,EMOPIA Calm,-1.1184481067059686
rms_std,EMOPIA Calm,-0.5159752981302095
rms_std,EMOPIA Calm,-0.5811161802965299
rms_std,EMOPIA Calm,-0.5689344297723455
rms_std,EMOPIA Calm,0.07218391641962178
rms_std,EMOPIA Calm,-1.053374341307456
rms_std,EMOPIA Calm,-0.7865958228120687
rms_std,EMOPIA Calm,-0.8034521933269417
rms_std,EMOPIA Calm,-0.889572839529444
rms_std,EMOPIA Calm,-0.5572347308546807
rms_std,EMOPIA Calm,-0.7152880873731102
rms_std,EMOPIA Calm,-0.661391379076914
rms_std,EMOPIA Calm,-0.8350278312785964
rms_std,EMOPIA Calm,-0.49005965036496213
rms_std,EMOPIA Calm,-0.7442654946068777
rms_std,EMOPIA Calm,-1.0172536290174286
rms_std,EMOPIA Calm,-0.9570702977479847
rms_std,EMOPIA Calm,-0.967663084520781
rms_std,EMOPIA Calm,-0.8253490674048647
rms_std,EMOPIA Calm,-0.8482610397186832
rms_std,EMOPIA Calm,-0.6184766662035835
rms_std,EMOPIA Calm,-0.41899957236900803
rms_std,EMOPIA Calm,-0.9921336636833427
rms_std,EMOPIA Calm,-0.8377489760090179
rms_std,EMOPIA Calm,0.06777250392374261
rms_std,EMOPIA Calm,-1.2048903874362544
rms_std,EMOPIA Calm,-1.049335672700861
rms_std,EMOPIA Calm,-1.100901702641445
rms_std,EMOPIA Calm,-0.7580132268205274
rms_std,EMOPIA Calm,-0.9513269547102724
rms_std,EMOPIA Calm,-1.2405221878027912
rms_std,EMOPIA Calm,-1.1455376690452481
rms_std,EMOPIA Calm,-1.1400691388719384
rms_std,EMOPIA Calm,-1.0321795635032298
rms_std,EMOPIA Calm,-0.5758794716678585
rms_std,EMOPIA Calm,-0.4743613013564336
rms_std,EMOPIA Calm,-0.4493760269123922
rms_std,EMOPIA Calm,-0.18989882944104092
rms_std,EMOPIA Calm,-0.4161918733059857
rms_std,EMOPIA Calm,-0.7603573971328678
rms_std,EMOPIA Calm,-0.7727749138839515
rms_std,EMOPIA Calm,-0.27857197091484853
rms_std,EMOPIA Calm,0.19691065341567374
rms_std,EMOPIA Calm,-0.8171967240593445
rms_std,EMOPIA Calm,-0.8430135832600768
rms_std,EMOPIA Calm,-0.821336239325556
rms_std,EMOPIA Calm,-0.8231243809465977
rms_std,EMOPIA Calm,-0.8617812380858137
rms_std,EMOPIA Calm,-0.46157469955179053
rms_std,EMOPIA Calm,0.24673484887482192
rms_std,EMOPIA Calm,0.8418106350046816
rms_std,EMOPIA Calm,0.03544691898748398
rms_std,EMOPIA Calm,-0.7589995117251528
rms_std,EMOPIA Calm,-0.8801436768551986
rms_std,EMOPIA Calm,-1.0683486410279643
rms_std,EMOPIA Calm,-0.9667276231311441
rms_std,EMOPIA Calm,-1.0048373128218369
rms_std,EMOPIA Calm,-0.836721071848062
rms_std,EMOPIA Calm,-0.5561580041045644
rms_std,EMOPIA Calm,-0.6904145217572392
rms_std,EMOPIA Calm,-0.6327800840926978
rms_std,EMOPIA Calm,-0.8799353518962336
rms_std,EMOPIA Calm,-0.8688578837287193
rms_std,EMOPIA Calm,-0.6129343304534115
rms_std,EMOPIA Calm,-0.35096283606646583
rms_std,EMOPIA Calm,-1.084258973831207
rms_std,EMOPIA Calm,-0.795290588553515
rms_std,EMOPIA Calm,-0.8749402407638824
rms_std,EMOPIA Calm,-0.8528280670714036
rms_std,EMOPIA Calm,-1.0342570389929286
rms_std,EMOPIA Calm,-1.190047005431471
rms_std,EMOPIA Calm,-1.0843243183504498
rms_std,EMOPIA Calm,-1.1655473842603512
rms_std,EMOPIA Calm,-0.7126858548036645
rms_std,EMOPIA Calm,-0.2766613726357014
rms_std,EMOPIA Calm,0.07594405615679255
rms_std,EMOPIA Calm,-1.0064209598275302
rms_std,EMOPIA Calm,-1.072075336719863
rms_std,EMOPIA Calm,-0.8662078576176641
rms_std,EMOPIA Calm,-0.7429504861802829
rms_std,EMOPIA Calm,-1.128222343324349
rms_std,EMOPIA Calm,-0.9534525667574634
rms_std,EMOPIA Calm,-0.7321096989486238
rms_std,EMOPIA Calm,-0.48408923083518385
rms_std,EMOPIA Calm,-0.6350444460508138
rms_std,EMOPIA Calm,-0.9190172628417014
rms_std,EMOPIA Calm,-0.7848443838868681
rms_std,EMOPIA Calm,-0.7196600530463549
rms_std,EMOPIA Calm,-0.9366849801781848
rms_std,EMOPIA Calm,-0.5482530895248098
rms_std,EMOPIA Calm,-1.1293474353091968
rms_std,EMOPIA Calm,-0.6016223537837874
rms_std,EMOPIA Calm,-0.9181371985116842
rms_std,EMOPIA Calm,-1.0689246218078068
rms_std,EMOPIA Calm,-0.9611990080149394
rms_std,EMOPIA Calm,-0.6628172959613677
rms_std,EMOPIA Calm,-0.9022178901270715
rms_std,EMOPIA Calm,-0.9071892759965102
rms_std,EMOPIA Calm,-0.6554305639909253
rms_std,EMOPIA Calm,-1.3162722071640491
rms_std,EMOPIA Calm,-1.0966975860570047
rms_std,EMOPIA Calm,-0.9023186796173658
rms_std,EMOPIA Calm,0.3270661879158403
rms_std,EMOPIA Calm,-0.7262876909428818
rms_std,EMOPIA Calm,-0.57206650748992
rms_std,EMOPIA Calm,-0.6678033743430268
rms_std,EMOPIA Calm,-0.23358670003811294
rms_std,EMOPIA Calm,-0.9054627628896649
rms_std,EMOPIA Calm,-0.7151569409801465
rms_std,EMOPIA Calm,-0.6490734512606815
rms_std,EMOPIA Calm,-0.6182756589160432
rms_std,EMOPIA Calm,-0.95751884813991
rms_std,EMOPIA Calm,-0.719228539108263
rms_std,EMOPIA Calm,-0.9852413318899778
rms_std,EMOPIA Calm,-1.2341164811606018
rms_std,EMOPIA Calm,-1.2869812834442589
rms_std,EMOPIA Calm,-1.1868013322985411
rms_std,EMOPIA Calm,-1.1300830899667853
rms_std,EMOPIA Calm,-0.9829912050895802
rms_std,EMOPIA Calm,-0.6306131386356882
rms_std,EMOPIA Calm,-1.1284137461681247
rms_std,EMOPIA Calm,-0.950710669568162
rms_std,EMOPIA Calm,-0.8409887607032046
rms_std,EMOPIA Calm,-1.1735350799983382
rms_std,EMOPIA Calm,-1.1399791543808766
rms_std,EMOPIA Calm,-0.9349969420157453
rms_std,EMOPIA Calm,-1.1187210901525089
rms_std,EMOPIA Calm,-0.9867276195638628
rms_std,EMOPIA Calm,-1.2138565358836177
rms_std,EMOPIA Calm,-1.2608573107200218
rms_std,EMOPIA Calm,-0.6276706343440022
rms_std,EMOPIA Calm,-0.4918197790249964
rms_std,EMOPIA Calm,-0.8130423447730204
rms_std,EMOPIA Calm,-0.8278696622022236
rms_std,EMOPIA Calm,-0.6911962548771946
rms_std,EMOPIA Calm,-0.5357471890233119
rms_std,EMOPIA Calm,-0.8324183953763211
rms_std,EMOPIA Calm,-1.0867983773309398
rms_std,EMOPIA Calm,-0.9847616813943934
rms_std,EMOPIA Calm,-0.9513082603464935
rms_std,EMOPIA Calm,-0.7181542134690574
rms_std,EMOPIA Calm,-0.7804014139328764
rms_std,EMOPIA Calm,-0.8633491635317608
rms_std,EMOPIA Calm,-0.7359305524910597
rms_std,EMOPIA Calm,-0.4822384316523953
rms_std,EMOPIA Calm,-1.021780008992047
rms_std,EMOPIA Calm,-0.8364076697006587
rms_std,EMOPIA Calm,-0.9488102474258768
rms_std,EMOPIA Calm,-1.0248333645722698
rms_std,EMOPIA Calm,-1.3311844210158832
rms_std,EMOPIA Calm,-0.4690796576515412
rms_std,EMOPIA Calm,-0.8120368509808652
rms_std,EMOPIA Calm,-0.6738888185208173
rms_std,EMOPIA Calm,-0.8008756869462121
rms_std,EMOPIA Calm,-1.111012323469127
rms_std,EMOPIA Calm,-1.0134416367177432
rms_std,EMOPIA Calm,-1.0722167735882835
rms_std,EMOPIA Calm,-1.0792598608472974
rms_std,EMOPIA Calm,-0.9279117781458985
rms_std,EMOPIA Calm,-0.2634097556783724
rms_std,EMOPIA Calm,0.03521481159630909
rms_std,EMOPIA Calm,-0.9918920090177005
rms_std,EMOPIA Calm,-0.9052874817908162
rms_std,EMOPIA Calm,-0.9159848883975729
rms_std,EMOPIA Calm,-0.8178260438037299
rms_std,EMOPIA Calm,-1.0894420576487989
rms_std,EMOPIA Calm,-1.1256666465717726
rms_std,EMOPIA Calm,-0.8894164243022911
rms_std,EMOPIA Calm,-0.7773995678993096
rms_std,EMOPIA Calm,-0.9133368632122969
rms_std,EMOPIA Calm,-0.7548147183668618
rms_std,EMOPIA Sad,-0.9501115923878264
rms_std,EMOPIA Sad,0.03436824848086146
rms_std,EMOPIA Sad,-1.1491245857786714
rms_std,EMOPIA Sad,-0.9278344280719557
rms_std,EMOPIA Sad,-0.7846021003588308
rms_std,EMOPIA Sad,-0.3912766884337844
rms_std,EMOPIA Sad,-0.981799796707261
rms_std,EMOPIA Sad,-0.7390822964506665
rms_std,EMOPIA Sad,-0.7620307427831113
rms_std,EMOPIA Sad,-0.6023645257425133
rms_std,EMOPIA Sad,-0.731515709836695
rms_std,EMOPIA Sad,-0.5460474976155019
rms_std,EMOPIA Sad,-0.9056098595195895
rms_std,EMOPIA Sad,-0.6771844004597797
rms_std,EMOPIA Sad,-0.7301118603052084
rms_std,EMOPIA Sad,-0.6744092879024451
rms_std,EMOPIA Sad,-0.689616323876523
rms_std,EMOPIA Sad,-1.065888931543812
rms_std,EMOPIA Sad,-0.9540346074839899
rms_std,EMOPIA Sad,-0.16421528906696842
rms_std,EMOPIA Sad,-0.4886133812067843
rms_std,EMOPIA Sad,-0.9066945899728716
rms_std,EMOPIA Sad,-0.27285801290155254
rms_std,EMOPIA Sad,-0.6648649862415188
rms_std,EMOPIA Sad,-1.1548572953250438
rms_std,EMOPIA Sad,-1.2631616340245473
rms_std,EMOPIA Sad,-1.0960520873984196
rms_std,EMOPIA Sad,-1.152426742188069
rms_std,EMOPIA Sad,-1.0239783403992275
rms_std,EMOPIA Sad,-1.023659621506179
rms_std,EMOPIA Sad,-1.3702617012473979
rms_std,EMOPIA Sad,-0.7155175649761111
rms_std,EMOPIA Sad,-1.3261277957079551
rms_std,EMOPIA Sad,-0.9389860448321415
rms_std,EMOPIA Sad,-1.1680902750879163
rms_std,EMOPIA Sad,-0.9828949319746196
rms_std,EMOPIA Sad,-1.1770387010497292
rms_std,EMOPIA Sad,-0.39675259344784075
rms_std,EMOPIA Sad,-0.5164996550247763
rms_std,EMOPIA Sad,-0.4722078478561522
rms_std,EMOPIA Sad,-0.45839688638765824
rms_std,EMOPIA Sad,-0.34402842766229275
rms_std,EMOPIA Sad,-0.9350948158713293
rms_std,EMOPIA Sad,-1.0067983916000893
rms_std,EMOPIA Sad,-0.25397201760791277
rms_std,EMOPIA Sad,-0.34386480910231004
rms_std,EMOPIA Sad,-0.9678146975260636
rms_std,EMOPIA Sad,-0.03375447046113518
rms_std,EMOPIA Sad,-0.21477170902519518
rms_std,EMOPIA Sad,-0.2836935405568635
rms_std,EMOPIA Sad,-0.3191694973893202
rms_std,EMOPIA Sad,-0.17715361821551398
rms_std,EMOPIA Sad,-1.1357139238059908
rms_std,EMOPIA Sad,-0.5970121064340884
rms_std,EMOPIA Sad,-0.6403299772686699
rms_std,EMOPIA Sad,-0.8598266194393519
rms_std,EMOPIA Sad,-1.056792551412441
rms_std,EMOPIA Sad,1.0257069199283444
rms_std,EMOPIA Sad,-1.0466055523890447
rms_std,EMOPIA Sad,-0.5505506096816858
rms_std,EMOPIA Sad,-0.1258968742321551
rms_std,EMOPIA Sad,0.20208241771025803
rms_std,EMOPIA Sad,-0.7954520346798015
rms_std,EMOPIA Sad,-0.513285710857876
rms_std,EMOPIA Sad,-0.4178647616017517
rms_std,EMOPIA Sad,-0.5751818917695197
rms_std,EMOPIA Sad,-0.33842332001175435
rms_std,EMOPIA Sad,-0.4521735498385277
rms_std,EMOPIA Sad,-0.5600631252072608
rms_std,EMOPIA Sad,-0.2341739431716654
rms_std,EMOPIA Sad,-0.10532049683443814
rms_std,EMOPIA Sad,-0.13132830152446806
rms_std,EMOPIA Sad,-0.0836298896204279
rms_std,EMOPIA Sad,-1.0084021050329708
rms_std,EMOPIA Sad,-0.9244386855050692
rms_std,EMOPIA Sad,-0.5986669292284703
rms_std,EMOPIA Sad,-0.5695498002055248
rms_std,EMOPIA Sad,-0.48753048017136447
rms_std,EMOPIA Sad,-0.5432593504558924
rms_std,EMOPIA Sad,-0.6317242813093542
rms_std,EMOPIA Sad,-1.1390529544191705
rms_std,EMOPIA Sad,-1.034884986673905
rms_std,EMOPIA Sad,-1.3891700211558926
rms_std,EMOPIA Sad,-1.1329354382594679
rms_std,EMOPIA Sad,-1.0287006967622774
rms_std,EMOPIA Sad,-1.023642013359248
rms_std,EMOPIA Sad,-0.927473118044299
rms_std,EMOPIA Sad,-0.8134363556449351
rms_std,EMOPIA Sad,-0.7295733254221966
rms_std,EMOPIA Sad,-0.604074345411359
rms_std,EMOPIA Sad,-0.9937396067192421
rms_std,EMOPIA Sad,-0.7358801291612515
rms_std,EMOPIA Sad,-0.7788953456783645
rms_std,EMOPIA Sad,-0.9668766635175503
rms_std,EMOPIA Sad,-1.0567379547231328
rms_std,EMOPIA Sad,-1.0248756698603172
rms_std,EMOPIA Sad,-0.9544356501808176
rms_std,EMOPIA Sad,-0.4486367134191034
rms_std,EMOPIA Sad,-0.5249554530580519
rms_std,EMOPIA Sad,-0.8195613609840039
rms_std,EMOPIA Sad,-0.5216826245037487
rms_std,EMOPIA Sad,-0.45893096206460937
rms_std,EMOPIA Sad,-1.0286796012875634
rms_std,EMOPIA Sad,-0.9422863146543793
rms_std,EMOPIA Sad,-0.530682445673623
rms_std,EMOPIA Sad,-0.11197477562856313
rms_std,EMOPIA Sad,-0.7003937675147186
rms_std,EMOPIA Sad,-0.9591544620467377
rms_std,EMOPIA Sad,-0.6162265965725077
rms_std,EMOPIA Sad,-0.5936743335456982
rms_std,EMOPIA Sad,-0.8798461677754833
rms_std,EMOPIA Sad,-1.2256809210624064
rms_std,EMOPIA Sad,-0.9411894643077533
rms_std,EMOPIA Sad,-0.30547619035703694
rms_std,EMOPIA Sad,-0.9281656670435041
rms_std,EMOPIA Sad,-1.2275793422789123
rms_std,EMOPIA Sad,-1.3739113327118655
rms_std,EMOPIA Sad,-1.130776839521458
rms_std,EMOPIA Sad,0.13375411793604097
rms_std,EMOPIA Sad,-0.5655224511219371
rms_std,EMOPIA Sad,-0.7683019872124709
rms_std,EMOPIA Sad,-0.26407577811859867
rms_std,EMOPIA Sad,-0.45883846212399293
rms_std,EMOPIA Sad,-0.32249389265960166
rms_std,EMOPIA Sad,-0.16093434247090438
rms_std,EMOPIA Sad,-0.72959036187603
rms_std,EMOPIA Sad,0.09221695671245694
rms_std,EMOPIA Sad,0.3798156225356269
rms_std,EMOPIA Sad,0.4721047227513908
rms_std,EMOPIA Sad,0.9659245170171086
rms_std,EMOPIA Sad,-1.0351979886361522
rms_std,EMOPIA Sad,-0.8564321345972796
rms_std,EMOPIA Sad,-0.7234631841032649
rms_std,EMOPIA Sad,-0.872044615304924
rms_std,EMOPIA Sad,-0.8379457527677608
rms_std,EMOPIA Sad,-0.6425969690149596
rms_std,EMOPIA Sad,-0.31034106980535553
rms_std,EMOPIA Sad,-0.30296531434206236
rms_std,EMOPIA Sad,-0.7437215858089229
rms_std,EMOPIA Sad,-0.7649410035849681
rms_std,EMOPIA Sad,-1.2031968610202526
rms_std,EMOPIA Sad,-1.232484068735021
rms_std,EMOPIA Sad,-1.1779135058033985
rms_std,EMOPIA Sad,-0.9443980917289836
rms_std,EMOPIA Sad,-1.0617624508798758
rms_std,EMOPIA Sad,-0.7131562438713179
rms_std,EMOPIA Sad,-0.7222346156706271
rms_std,EMOPIA Sad,-0.6157434015798181
rms_std,EMOPIA Sad,-0.2068392388389358
rms_std,EMOPIA Sad,-0.6354672702540719
rms_std,EMOPIA Sad,-0.5404523374245866
rms_std,EMOPIA Sad,-1.0152192020167914
rms_std,EMOPIA Sad,-0.7981791250182878
rms_std,EMOPIA Sad,-0.579464330306156
rms_std,EMOPIA Sad,-0.4610104384801116
rms_std,EMOPIA Sad,-0.8526219145461346
rms_std,EMOPIA Sad,-1.100900787932514
rms_std,EMOPIA Sad,-0.745851371215614
rms_std,EMOPIA Sad,-0.9149367463015368
rms_std,EMOPIA Sad,-0.9791370218404669
rms_std,EMOPIA Sad,0.0014064834832702544
rms_std,EMOPIA Sad,0.1990920055383183
rms_std,EMOPIA Sad,-0.666512034009998
rms_std,EMOPIA Sad,-0.7214432781068822
rms_std,EMOPIA Sad,-0.8087427554439313
rms_std,EMOPIA Sad,-0.4505572591578737
rms_std,EMOPIA Sad,-0.8718097637869311
rms_std,EMOPIA Sad,-0.30198463202966774
rms_std,EMOPIA Sad,-0.5780540778121513
rms_std,EMOPIA Sad,-0.7580804579269547
rms_std,EMOPIA Sad,-0.8790766688874666
rms_std,EMOPIA Sad,-0.6577295705498051
rms_std,EMOPIA Sad,-1.3541456161040424
rms_std,EMOPIA Sad,-0.7168233119747994
rms_std,EMOPIA Sad,-0.46302782902693973
rms_std,EMOPIA Sad,-0.9346965173012951
rms_std,EMOPIA Sad,-1.0277423676493618
rms_std,EMOPIA Sad,-0.9284926183169576
rms_std,EMOPIA Sad,-0.6454003232105404
rms_std,EMOPIA Sad,-0.7758642289590256
rms_std,EMOPIA Sad,-1.0343455370819865
rms_std,EMOPIA Sad,-0.8916857028209211
rms_std,EMOPIA Sad,-0.5725930368182076
rms_std,EMOPIA Sad,-0.3544102596879255
rms_std,EMOPIA Sad,-0.7233790308816237
rms_std,EMOPIA Sad,-0.9151215175055307
rms_std,EMOPIA Sad,-0.641975881650979
rms_std,EMOPIA Sad,-0.4498055970940022
rms_std,EMOPIA Sad,-0.21681631216271893
rms_std,EMOPIA Sad,-0.4326108986133461
rms_std,EMOPIA Sad,-0.48966358139792165
rms_std,EMOPIA Sad,-0.15702361877600166
rms_std,EMOPIA Sad,-0.09895881055953853
rms_std,EMOPIA Sad,-0.39205739250618915
rms_std,EMOPIA Sad,-0.9487693713705361
rms_std,EMOPIA Sad,-0.8601429943907876
rms_std,EMOPIA Sad,-0.45485204626506814
rms_std,EMOPIA Sad,-0.7809203969124757
rms_std,EMOPIA Sad,-0.575580018831637
rms_std,EMOPIA Sad,-0.2567889780988414
rms_std,EMOPIA Sad,-0.631747263371228
rms_std,EMOPIA Sad,-0.6445934355949907
rms_std,EMOPIA Sad,-0.8548168729641514
rms_std,EMOPIA Sad,-0.5525700583235905
rms_std,EMOPIA Sad,-0.5092705960062517
rms_std,EMOPIA Sad,-0.8869030328377617
rms_std,EMOPIA Sad,-0.5856881242097398
rms_std,EMOPIA Sad,0.375475786013567
rms_std,EMOPIA Sad,0.4689302254071494
rms_std,EMOPIA Sad,0.9299062521273207
rms_std,EMOPIA Sad,-0.04749785780736818
rms_std,EMOPIA Sad,-0.8323377866518096
rms_std,EMOPIA Sad,-1.0290160998354598
rms_std,EMOPIA Sad,-0.9049896868645401
rms_std,EMOPIA Sad,-0.7337341076710633
rms_std,EMOPIA Sad,-0.5050601907979131
rms_std,EMOPIA Sad,-0.5764625986112086
rms_std,EMOPIA Sad,-0.6636744925681307
rms_std,EMOPIA Sad,-0.40815901381456327
rms_std,EMOPIA Sad,-1.2184322529711964
rms_std,EMOPIA Sad,-1.1689027081263503
rms_std,EMOPIA Sad,-0.8643512271654301
rms_std,EMOPIA Sad,-0.709757871516282
rms_std,EMOPIA Sad,-0.7151024014601605
rms_std,EMOPIA Sad,-0.6527616720081744
rms_std,EMOPIA Sad,-0.8610996655937577
rms_std,EMOPIA Sad,-0.576133875089215
rms_std,EMOPIA Sad,-0.6383094995792145
rms_std,EMOPIA Sad,-0.43901180303366555
rms_std,EMOPIA Sad,-1.3932264694173109
rms_std,EMOPIA Sad,-1.3500298832700408
rms_std,EMOPIA Sad,-1.1583313026748043
rms_std,EMOPIA Sad,-1.352765148819585
rms_std,EMOPIA Sad,-0.7729682604841843
rms_std,EMOPIA Sad,-0.7910589163625454
rms_std,EMOPIA Sad,-1.2251515904380281
rms_std,EMOPIA Sad,-1.1544644850085968
rms_std,EMOPIA Sad,-0.46158133119152284
rms_std,EMOPIA Sad,0.02758831154738401
rms_std,EMOPIA Sad,-1.0475841766063625
rms_std,EMOPIA Sad,-1.2389811319316815
rms_std,EMOPIA Sad,-1.1481274387055163
rms_std,EMOPIA Sad,-0.8998002000844055
rms_std,EMOPIA Sad,-0.8910077891646141
rms_std,EMOPIA Sad,-0.9252108141812599
rms_std,EMOPIA Sad,-0.585343621958702
rms_std,EMOPIA Sad,-0.3050872103842315
rms_std,EMOPIA Sad,-0.8121199751549559
rms_std,EMOPIA Sad,-0.32128419009863496
rms_std,EMOPIA Sad,-0.22950252466219914
rms_std,EMOPIA Sad,-0.2870480068832535
rms_std,EMOPIA Sad,-0.4938753586696694
rms_std,EMOPIA Sad,-0.349206594919395
rms_std,MusicGen Happy,11.068667642700538
rms_std,MusicGen Happy,10.275524443537027
rms_std,MusicGen Happy,14.277953197000043
rms_std,MusicGen Happy,11.232751789538149
rms_std,MusicGen Happy,14.745177371749095
rms_std,MusicGen Happy,13.372532220711056
rms_std,MusicGen Happy,8.502484666941072
rms_std,MusicGen Happy,10.052046416406524
rms_std,MusicGen Happy,10.221850238188255
rms_std,MusicGen Happy,9.908939289478306
rms_std,MusicGen Happy,10.469386024906992
rms_std,MusicGen Happy,15.053893465302522
rms_std,MusicGen Happy,19.830481548779805
rms_std,MusicGen Happy,16.130108893145266
rms_std,MusicGen Happy,18.928657208006616
rms_std,MusicGen Angry,11.725620743870328
rms_std,MusicGen Angry,17.27061189406053
rms_std,MusicGen Angry,15.850381755025866
rms_std,MusicGen Angry,10.967745976950596
rms_std,MusicGen Angry,12.928888327488377
rms_std,MusicGen Angry,12.016459766080745
rms_std,MusicGen Angry,13.892922937352305
rms_std,MusicGen Angry,10.782860434318296
rms_std,MusicGen Angry,9.93804166881975
rms_std,MusicGen Angry,16.928547342309017
rms_std,MusicGen Angry,11.724395033903093
rms_std,MusicGen Angry,11.173249058882497
rms_std,MusicGen Angry,11.086756926515484
rms_std,MusicGen Angry,17.471584422658317
rms_std,MusicGen Angry,9.405783518510667
rms_std,MusicGen Calm,10.814989585511665
rms_std,MusicGen Calm,10.6272455774707
rms_std,MusicGen Calm,12.879885540649056
rms_std,MusicGen Calm,15.282380438537933
rms_std,MusicGen Calm,12.767839184883066
rms_std,MusicGen Calm,9.501503234571308
rms_std,MusicGen Calm,10.357700064459726
rms_std,MusicGen Calm,8.665620260617473
rms_std,MusicGen Calm,15.717172693437535
rms_std,MusicGen Calm,14.390681925628389
rms_std,MusicGen Calm,9.333341315320313
rms_std,MusicGen Calm,12.877726827572435
rms_std,MusicGen Calm,14.620703780449636
rms_std,MusicGen Calm,16.543919554590815
rms_std,MusicGen Calm,9.350392404498834
rms_std,MusicGen Sad,7.130924360694929
rms_std,MusicGen Sad,12.906606017934768
rms_std,MusicGen Sad,15.030729376339652
rms_std,MusicGen Sad,14.854854631384386
rms_std,MusicGen Sad,20.40547490033456
rms_std,MusicGen Sad,11.232790207313242
rms_std,MusicGen Sad,14.895370748764003
rms_std,MusicGen Sad,11.91084015526236
rms_std,MusicGen Sad,10.494331052158078
rms_std,MusicGen Sad,9.851182738171499
rms_std,MusicGen Sad,14.063517982359151
rms_std,MusicGen Sad,11.269734386318193
rms_std,MusicGen Sad,11.960118269489842
rms_std,MusicGen Sad,12.156417550160315
rms_std,MusicGen Sad,14.726520968397068
mfcc_4_mean,EMOPIA Happy,0.3289080719885002
mfcc_4_mean,EMOPIA Happy,1.2019159131743455
mfcc_4_mean,EMOPIA Happy,0.3502577309839031
mfcc_4_mean,EMOPIA Happy,0.7480552459489809
mfcc_4_mean,EMOPIA Happy,1.1360423289832131
mfcc_4_mean,EMOPIA Happy,1.0740040128750867
mfcc_4_mean,EMOPIA Happy,0.7748082601230574
mfcc_4_mean,EMOPIA Happy,1.1761820163507204
mfcc_4_mean,EMOPIA Happy,0.9132149245013055
mfcc_4_mean,EMOPIA Happy,1.1949026923805828
mfcc_4_mean,EMOPIA Happy,-0.0021956071874450187
mfcc_4_mean,EMOPIA Happy,0.08524878362856854
mfcc_4_mean,EMOPIA Happy,-0.9960284584228702
mfcc_4_mean,EMOPIA Happy,0.8956453859432706
mfcc_4_mean,EMOPIA Happy,0.027391940267732347
mfcc_4_mean,EMOPIA Happy,1.1956157124453974
mfcc_4_mean,EMOPIA Happy,1.0143451227098175
mfcc_4_mean,EMOPIA Happy,0.570275112249438
mfcc_4_mean,EMOPIA Happy,0.8009847307291008
mfcc_4_mean,EMOPIA Happy,0.8986857480633941
mfcc_4_mean,EMOPIA Happy,0.6710039581480289
mfcc_4_mean,EMOPIA Happy,0.45130632181780933
mfcc_4_mean,EMOPIA Happy,0.4832641039415696
mfcc_4_mean,EMOPIA Happy,1.441853292500637
mfcc_4_mean,EMOPIA Happy,1.4318632129362738
mfcc_4_mean,EMOPIA Happy,1.2469183416791962
mfcc_4_mean,EMOPIA Happy,1.4279282334535779
mfcc_4_mean,EMOPIA Happy,1.9563532524803913
mfcc_4_mean,EMOPIA Happy,0.8838109240081253
mfcc_4_mean,EMOPIA Happy,1.2094218419738332
mfcc_4_mean,EMOPIA Happy,1.0730901773935804
mfcc_4_mean,EMOPIA Happy,1.4134653455998178
mfcc_4_mean,EMOPIA Happy,0.4784389634717071
mfcc_4_mean,EMOPIA Happy,1.1631206585618608
mfcc_4_mean,EMOPIA Happy,-2.72817836807772
mfcc_4_mean,EMOPIA Happy,-0.2743648357249104
mfcc_4_mean,EMOPIA Happy,0.919653272867811
mfcc_4_mean,EMOPIA Happy,0.7614875969903142
mfcc_4_mean,EMOPIA Happy,0.8750229517092855
mfcc_4_mean,EMOPIA Happy,0.15569154522723355
mfcc_4_mean,EMOPIA Happy,2.52018278148334
mfcc_4_mean,EMOPIA Happy,1.341861141161201
mfcc_4_mean,EMOPIA Happy,1.568141958058591
mfcc_4_mean,EMOPIA Happy,1.3702437961162262
mfcc_4_mean,EMOPIA Happy,0.7079375619350359
mfcc_4_mean,EMOPIA Happy,0.7666104790419294
mfcc_4_mean,EMOPIA Happy,1.151342179842742
mfcc_4_mean,EMOPIA Happy,0.40632951747153745
mfcc_4_mean,EMOPIA Happy,0.30115404448905503
mfcc_4_mean,EMOPIA Happy,-1.0884504813046396
mfcc_4_mean,EMOPIA Happy,-0.19931278934006702
mfcc_4_mean,EMOPIA Happy,-0.34542341269986643
mfcc_4_mean,EMOPIA Happy,0.8365402004220832
mfcc_4_mean,EMOPIA Happy,0.7395488608710502
mfcc_4_mean,EMOPIA Happy,0.6887247349463735
mfcc_4_mean,EMOPIA Happy,1.000976275018006
mfcc_4_mean,EMOPIA Happy,1.1433142980739326
mfcc_4_mean,EMOPIA Happy,0.4512918385977433
mfcc_4_mean,EMOPIA Happy,0.1983666316767753
mfcc_4_mean,EMOPIA Happy,1.2168768009796247
mfcc_4_mean,EMOPIA Happy,1.015809320553852
mfcc_4_mean,EMOPIA Happy,1.017033431172938
mfcc_4_mean,EMOPIA Happy,0.778593672506219
mfcc_4_mean,EMOPIA Happy,1.1447539858532403
mfcc_4_mean,EMOPIA Happy,1.6273543751129633
mfcc_4_mean,EMOPIA Happy,0.6753795617489023
mfcc_4_mean,EMOPIA Happy,0.4405269067598199
mfcc_4_mean,EMOPIA Happy,0.9277212620152657
mfcc_4_mean,EMOPIA Happy,1.278577546650815
mfcc_4_mean,EMOPIA Happy,0.9668162078737429
mfcc_4_mean,EMOPIA Happy,1.3914179853300548
mfcc_4_mean,EMOPIA Happy,0.20274279232457484
mfcc_4_mean,EMOPIA Happy,0.43236505520539487
mfcc_4_mean,EMOPIA Happy,0.457545247384937
mfcc_4_mean,EMOPIA Happy,0.2664099136432615
mfcc_4_mean,EMOPIA Happy,0.12905300419637528
mfcc_4_mean,EMOPIA Happy,0.2916279850137475
mfcc_4_mean,EMOPIA Happy,0.739915397748119
mfcc_4_mean,EMOPIA Happy,-0.2528809284204286
mfcc_4_mean,EMOPIA Happy,-0.2996294205136865
mfcc_4_mean,EMOPIA Happy,-0.16750039646389786
mfcc_4_mean,EMOPIA Happy,0.11757449524671111
mfcc_4_mean,EMOPIA Happy,0.08898183360072087
mfcc_4_mean,EMOPIA Happy,0.9838813404406129
mfcc_4_mean,EMOPIA Happy,1.1630340377649244
mfcc_4_mean,EMOPIA Happy,0.6644127004004352
mfcc_4_mean,EMOPIA Happy,0.4249276431777605
mfcc_4_mean,EMOPIA Happy,1.374526929927445
mfcc_4_mean,EMOPIA Happy,0.9344735063243673
mfcc_4_mean,EMOPIA Happy,0.5196910735497107
mfcc_4_mean,EMOPIA Happy,1.4921638211598771
mfcc_4_mean,EMOPIA Happy,0.13074029933412792
mfcc_4_mean,EMOPIA Happy,1.2454711337663924
mfcc_4_mean,EMOPIA Happy,0.3659140918758403
mfcc_4_mean,EMOPIA Happy,0.40806861797337485
mfcc_4_mean,EMOPIA Happy,0.39872861217122935
mfcc_4_mean,EMOPIA Happy,0.8918012051094538
mfcc_4_mean,EMOPIA Happy,0.6033862600327284
mfcc_4_mean,EMOPIA Happy,0.22745395099273116
mfcc_4_mean,EMOPIA Happy,0.9791467200961669
mfcc_4_mean,EMOPIA Happy,0.5786037993580907
mfcc_4_mean,EMOPIA Happy,1.2322468397517843
mfcc_4_mean,EMOPIA Happy,0.871861431882836
mfcc_4_mean,EMOPIA Happy,0.7957518319096725
mfcc_4_mean,EMOPIA Happy,0.3857371637715367
mfcc_4_mean,EMOPIA Happy,0.5033019174270994
mfcc_4_mean,EMOPIA Happy,0.38528929804332557
mfcc_4_mean,EMOPIA Happy,0.37311058110813694
mfcc_4_mean,EMOPIA Happy,0.7454947797552937
mfcc_4_mean,EMOPIA Happy,1.1793059355096893
mfcc_4_mean,EMOPIA Happy,1.6606694020710366
mfcc_4_mean,EMOPIA Happy,0.6744944141840656
mfcc_4_mean,EMOPIA Happy,1.3067496378679502
mfcc_4_mean,EMOPIA Happy,0.4772312857369274
mfcc_4_mean,EMOPIA Happy,-1.421432940499025
mfcc_4_mean,EMOPIA Happy,0.3664179408200784
mfcc_4_mean,EMOPIA Happy,1.1721411979521543
mfcc_4_mean,EMOPIA Happy,1.3910898846908544
mfcc_4_mean,EMOPIA Happy,0.4704325280095351
mfcc_4_mean,EMOPIA Happy,0.673642132387843
mfcc_4_mean,EMOPIA Happy,0.560997217179501
mfcc_4_mean,EMOPIA Happy,0.6368784279131542
mfcc_4_mean,EMOPIA Happy,0.026763869859077305
mfcc_4_mean,EMOPIA Happy,-1.5764897374845448
mfcc_4_mean,EMOPIA Happy,0.9287206041998575
mfcc_4_mean,EMOPIA Happy,0.23866089956614656
mfcc_4_mean,EMOPIA Happy,0.8314927982288918
mfcc_4_mean,EMOPIA Happy,-0.0026515500960789303
mfcc_4_mean,EMOPIA Happy,0.5513800805318514
mfcc_4_mean,EMOPIA Happy,-0.13313784276216528
mfcc_4_mean,EMOPIA Happy,0.38657914019963663
mfcc_4_mean,EMOPIA Happy,1.6787845680927322
mfcc_4_mean,EMOPIA Happy,0.7937096978802884
mfcc_4_mean,EMOPIA Happy,0.9964550036460783
mfcc_4_mean,EMOPIA Happy,0.9406185694845253
mfcc_4_mean,EMOPIA Happy,0.7587059831671489
mfcc_4_mean,EMOPIA Happy,-1.0091761584852037
mfcc_4_mean,EMOPIA Happy,0.6131610409603332
mfcc_4_mean,EMOPIA Happy,-0.5070936100482732
mfcc_4_mean,EMOPIA Happy,0.293982622368412
mfcc_4_mean,EMOPIA Happy,-0.07045474483761481
mfcc_4_mean,EMOPIA Happy,0.7281636572814307
mfcc_4_mean,EMOPIA Happy,0.4186048820483245
mfcc_4_mean,EMOPIA Happy,1.0099202204560236
mfcc_4_mean,EMOPIA Happy,1.5625695391379872
mfcc_4_mean,EMOPIA Happy,1.2787092882487279
mfcc_4_mean,EMOPIA Happy,-0.2219174750589293
mfcc_4_mean,EMOPIA Happy,0.1417921103387541
mfcc_4_mean,EMOPIA Happy,-1.5976599577390278
mfcc_4_mean,EMOPIA Happy,-1.0048646152807779
mfcc_4_mean,EMOPIA Happy,1.4482688019431915
mfcc_4_mean,EMOPIA Happy,0.8555588965571612
mfcc_4_mean,EMOPIA Happy,0.9251855844097688
mfcc_4_mean,EMOPIA Happy,-0.6736518941691394
mfcc_4_mean,EMOPIA Happy,1.0748081101122429
mfcc_4_mean,EMOPIA Happy,1.8499539474022846
mfcc_4_mean,EMOPIA Happy,0.9164296423091526
mfcc_4_mean,EMOPIA Happy,1.0589044203853242
mfcc_4_mean,EMOPIA Happy,0.08605232381879904
mfcc_4_mean,EMOPIA Happy,-0.031515493594854095
mfcc_4_mean,EMOPIA Happy,0.1363684229472953
mfcc_4_mean,EMOPIA Happy,1.2621574744238306
mfcc_4_mean,EMOPIA Happy,2.022878024527593
mfcc_4_mean,EMOPIA Happy,0.8182050008647611
mfcc_4_mean,EMOPIA Happy,0.8053748175500408
mfcc_4_mean,EMOPIA Happy,0.44081740673153874
mfcc_4_mean,EMOPIA Happy,1.2555932334521314
mfcc_4_mean,EMOPIA Happy,0.19360248784526998
mfcc_4_mean,EMOPIA Happy,0.5869193958639909
mfcc_4_mean,EMOPIA Happy,1.5227495967057942
mfcc_4_mean,EMOPIA Happy,0.38121979172808884
mfcc_4_mean,EMOPIA Happy,0.527542928490018
mfcc_4_mean,EMOPIA Happy,0.8975273689815332
mfcc_4_mean,EMOPIA Happy,-0.6532194129367962
mfcc_4_mean,EMOPIA Happy,1.0402848483724643
mfcc_4_mean,EMOPIA Happy,1.136941124197727
mfcc_4_mean,EMOPIA Happy,-0.13754798327242868
mfcc_4_mean,EMOPIA Happy,-0.24785998595620487
mfcc_4_mean,EMOPIA Happy,0.0640848997828648
mfcc_4_mean,EMOPIA Happy,0.15559545463256125
mfcc_4_mean,EMOPIA Happy,0.48168543295431604
mfcc_4_mean,EMOPIA Happy,0.4042247156630214
mfcc_4_mean,EMOPIA Happy,0.5067425177632926
mfcc_4_mean,EMOPIA Happy,1.3381144435393704
mfcc_4_mean,EMOPIA Happy,1.265639296232521
mfcc_4_mean,EMOPIA Happy,0.36768132324742175
mfcc_4_mean,EMOPIA Happy,0.035343506607729135
mfcc_4_mean,EMOPIA Happy,0.4972548945258534
mfcc_4_mean,EMOPIA Happy,1.406330410052804
mfcc_4_mean,EMOPIA Happy,-0.5034265701368088
mfcc_4_mean,EMOPIA Happy,0.34130348017776185
mfcc_4_mean,EMOPIA Happy,-0.8976080149841174
mfcc_4_mean,EMOPIA Happy,0.4918172809612537
mfcc_4_mean,EMOPIA Happy,1.128576229038908
mfcc_4_mean,EMOPIA Happy,0.3665109676566597
mfcc_4_mean,EMOPIA Happy,0.9627160639775957
mfcc_4_mean,EMOPIA Happy,-0.12811717882140441
mfcc_4_mean,EMOPIA Happy,1.0607435108103118
mfcc_4_mean,EMOPIA Happy,0.27355821831649063
mfcc_4_mean,EMOPIA Happy,0.8437656560945129
mfcc_4_mean,EMOPIA Happy,-0.29578663229718377
mfcc_4_mean,EMOPIA Happy,0.7368140389896384
mfcc_4_mean,EMOPIA Happy,0.9728295294359868
mfcc_4_mean,EMOPIA Happy,0.44055559467648964
mfcc_4_mean,EMOPIA Happy,0.6198144094401343
mfcc_4_mean,EMOPIA Happy,0.33618421893116285
mfcc_4_mean,EMOPIA Happy,0.533586887633174
mfcc_4_mean,EMOPIA Happy,0.2953841524333132
mfcc_4_mean,EMOPIA Happy,-0.004240526451456242
mfcc_4_mean,EMOPIA Happy,1.3255633407343934
mfcc_4_mean,EMOPIA Happy,0.7514922254801575
mfcc_4_mean,EMOPIA Happy,0.5843639430926333
mfcc_4_mean,EMOPIA Happy,-0.08481262934589354
mfcc_4_mean,EMOPIA Happy,-0.04728354239538084
mfcc_4_mean,EMOPIA Happy,0.5826117519880446
mfcc_4_mean,EMOPIA Happy,1.3454131508825213
mfcc_4_mean,EMOPIA Happy,1.1856796664328204
mfcc_4_mean,EMOPIA Happy,0.6504035272676054
mfcc_4_mean,EMOPIA Happy,0.1918087967447208
mfcc_4_mean,EMOPIA Happy,0.055170477831906026
mfcc_4_mean,EMOPIA Happy,0.5370467060883012
mfcc_4_mean,EMOPIA Happy,1.381025717885382
mfcc_4_mean,EMOPIA Happy,-1.3950251561571114
mfcc_4_mean,EMOPIA Happy,0.19622952114657125
mfcc_4_mean,EMOPIA Happy,0.8613429933095067
mfcc_4_mean,EMOPIA Happy,0.8568643360273901
mfcc_4_mean,EMOPIA Happy,1.138070258315992
mfcc_4_mean,EMOPIA Happy,1.2192732168537126
mfcc_4_mean,EMOPIA Happy,0.8140129442258844
mfcc_4_mean,EMOPIA Happy,0.4136797516553103
mfcc_4_mean,EMOPIA Happy,-0.22638582697292167
mfcc_4_mean,EMOPIA Happy,0.616923335896082
mfcc_4_mean,EMOPIA Happy,1.3519434119917568
mfcc_4_mean,EMOPIA Happy,1.3319184105855169
mfcc_4_mean,EMOPIA Happy,0.5905502277252889
mfcc_4_mean,EMOPIA Happy,0.965883711320227
mfcc_4_mean,EMOPIA Happy,0.34761454332175895
mfcc_4_mean,EMOPIA Happy,0.2924872298965411
mfcc_4_mean,EMOPIA Happy,0.5762488834799628
mfcc_4_mean,EMOPIA Happy,-0.13232316163342206
mfcc_4_mean,EMOPIA Happy,-0.5898362462884528
mfcc_4_mean,EMOPIA Happy,-0.2965840449712323
mfcc_4_mean,EMOPIA Happy,1.615929621191624
mfcc_4_mean,EMOPIA Happy,0.3148197981922305
mfcc_4_mean,EMOPIA Happy,1.1356646511676312
mfcc_4_mean,EMOPIA Happy,1.283943858208933
mfcc_4_mean,EMOPIA Angry,0.9388382475101914
mfcc_4_mean,EMOPIA Angry,1.1215950384433697
mfcc_4_mean,EMOPIA Angry,0.6624844824673454
mfcc_4_mean,EMOPIA Angry,-0.20342992316744565
mfcc_4_mean,EMOPIA Angry,1.591471640351169
mfcc_4_mean,EMOPIA Angry,-0.06677739955802664
mfcc_4_mean,EMOPIA Angry,0.3208540090141863
mfcc_4_mean,EMOPIA Angry,0.3005847425310546
mfcc_4_mean,EMOPIA Angry,0.3786008356072093
mfcc_4_mean,EMOPIA Angry,0.5440618765463031
mfcc_4_mean,EMOPIA Angry,0.6926095802057618
mfcc_4_mean,EMOPIA Angry,0.8334469188440243
mfcc_4_mean,EMOPIA Angry,0.9158252463948371
mfcc_4_mean,EMOPIA Angry,1.6686114986132976
mfcc_4_mean,EMOPIA Angry,1.1095848282031862
mfcc_4_mean,EMOPIA Angry,-0.06357465825908017
mfcc_4_mean,EMOPIA Angry,1.022434279640446
mfcc_4_mean,EMOPIA Angry,1.467127347087149
mfcc_4_mean,EMOPIA Angry,-0.7456481203816728
mfcc_4_mean,EMOPIA Angry,0.40827110453084314
mfcc_4_mean,EMOPIA Angry,-0.8197176752514248
mfcc_4_mean,EMOPIA Angry,1.1704842618718485
mfcc_4_mean,EMOPIA Angry,1.0678283121340189
mfcc_4_mean,EMOPIA Angry,0.6572774863299591
mfcc_4_mean,EMOPIA Angry,0.3224034350378434
mfcc_4_mean,EMOPIA Angry,1.5483255707260017
mfcc_4_mean,EMOPIA Angry,0.6459092726715715
mfcc_4_mean,EMOPIA Angry,1.5246513549099174
mfcc_4_mean,EMOPIA Angry,1.3570083611631059
mfcc_4_mean,EMOPIA Angry,0.18800110248453317
mfcc_4_mean,EMOPIA Angry,0.5387596253846331
mfcc_4_mean,EMOPIA Angry,-1.5740654692641753
mfcc_4_mean,EMOPIA Angry,1.5368866121080587
mfcc_4_mean,EMOPIA Angry,0.6674555692317241
mfcc_4_mean,EMOPIA Angry,-0.5608127088454822
mfcc_4_mean,EMOPIA Angry,-0.04913377375888266
mfcc_4_mean,EMOPIA Angry,0.6831392254230174
mfcc_4_mean,EMOPIA Angry,0.05899432645293657
mfcc_4_mean,EMOPIA Angry,1.5295522537616666
mfcc_4_mean,EMOPIA Angry,1.3492294793700563
mfcc_4_mean,EMOPIA Angry,1.456154915269426
mfcc_4_mean,EMOPIA Angry,1.571141655753143
mfcc_4_mean,EMOPIA Angry,0.9799413475355867
mfcc_4_mean,EMOPIA Angry,0.5955405326086026
mfcc_4_mean,EMOPIA Angry,0.09528147728274343
mfcc_4_mean,EMOPIA Angry,-0.5471947219161803
mfcc_4_mean,EMOPIA Angry,-0.43567615559147616
mfcc_4_mean,EMOPIA Angry,0.4896200093630809
mfcc_4_mean,EMOPIA Angry,2.616171993615153
mfcc_4_mean,EMOPIA Angry,1.034736939516588
mfcc_4_mean,EMOPIA Angry,1.473952843066972
mfcc_4_mean,EMOPIA Angry,0.853305641742962
mfcc_4_mean,EMOPIA Angry,1.0968654972266676
mfcc_4_mean,EMOPIA Angry,1.9714514523528404
mfcc_4_mean,EMOPIA Angry,1.0294700608346965
mfcc_4_mean,EMOPIA Angry,1.378689463079263
mfcc_4_mean,EMOPIA Angry,1.2643519607873752
mfcc_4_mean,EMOPIA Angry,0.7862238227701247
mfcc_4_mean,EMOPIA Angry,1.7950224359714286
mfcc_4_mean,EMOPIA Angry,1.3588056730686717
mfcc_4_mean,EMOPIA Angry,1.1578989006809453
mfcc_4_mean,EMOPIA Angry,1.602236572189093
mfcc_4_mean,EMOPIA Angry,1.6834442656256807
mfcc_4_mean,EMOPIA Angry,1.1717593422846302
mfcc_4_mean,EMOPIA Angry,0.9633121041880272
mfcc_4_mean,EMOPIA Angry,0.5592035260789517
mfcc_4_mean,EMOPIA Angry,1.5426779504704364
mfcc_4_mean,EMOPIA Angry,0.3905709384687471
mfcc_4_mean,EMOPIA Angry,1.4719906452714175
mfcc_4_mean,EMOPIA Angry,1.2491579488437168
mfcc_4_mean,EMOPIA Angry,0.3445655469742876
mfcc_4_mean,EMOPIA Angry,-0.07907727419954065
mfcc_4_mean,EMOPIA Angry,1.234199010702677
mfcc_4_mean,EMOPIA Angry,1.157877732897771
mfcc_4_mean,EMOPIA Angry,1.3523428146374377
mfcc_4_mean,EMOPIA Angry,1.6398221994025572
mfcc_4_mean,EMOPIA Angry,0.42755495500252455
mfcc_4_mean,EMOPIA Angry,0.8642761238964457
mfcc_4_mean,EMOPIA Angry,1.4935575525678193
mfcc_4_mean,EMOPIA Angry,-0.5760894422575976
mfcc_4_mean,EMOPIA Angry,-0.3130353118260521
mfcc_4_mean,EMOPIA Angry,-0.2721589298993903
mfcc_4_mean,EMOPIA Angry,0.5204096640837816
mfcc_4_mean,EMOPIA Angry,0.5184750401110464
mfcc_4_mean,EMOPIA Angry,1.5450732522506736
mfcc_4_mean,EMOPIA Angry,0.5360969410800911
mfcc_4_mean,EMOPIA Angry,0.8617981006477516
mfcc_4_mean,EMOPIA Angry,0.3044762723535505
mfcc_4_mean,EMOPIA Angry,-0.2192350155885272
mfcc_4_mean,EMOPIA Angry,1.1362693256054095
mfcc_4_mean,EMOPIA Angry,0.8202596684499716
mfcc_4_mean,EMOPIA Angry,0.5010845921396037
mfcc_4_mean,EMOPIA Angry,1.2989401184939902
mfcc_4_mean,EMOPIA Angry,1.9275466848149563
mfcc_4_mean,EMOPIA Angry,1.2344786482593464
mfcc_4_mean,EMOPIA Angry,1.5273460694126841
mfcc_4_mean,EMOPIA Angry,1.5773440947466415
mfcc_4_mean,EMOPIA Angry,1.1022045134854295
mfcc_4_mean,EMOPIA Angry,1.386308193881192
mfcc_4_mean,EMOPIA Angry,0.57124186718888
mfcc_4_mean,EMOPIA Angry,1.6927179828436751
mfcc_4_mean,EMOPIA Angry,0.497768770314753
mfcc_4_mean,EMOPIA Angry,0.8194500007435584
mfcc_4_mean,EMOPIA Angry,1.1584127764698449
mfcc_4_mean,EMOPIA Angry,1.906463015726544
mfcc_4_mean,EMOPIA Angry,1.2944141122231945
mfcc_4_mean,EMOPIA Angry,1.6796738935095108
mfcc_4_mean,EMOPIA Angry,-2.303081206179282
mfcc_4_mean,EMOPIA Angry,-0.08542370982331667
mfcc_4_mean,EMOPIA Angry,-0.1858712470244607
mfcc_4_mean,EMOPIA Angry,0.9150130719772598
mfcc_4_mean,EMOPIA Angry,0.9499903269614322
mfcc_4_mean,EMOPIA Angry,0.9386276837723008
mfcc_4_mean,EMOPIA Angry,1.8865121015614137
mfcc_4_mean,EMOPIA Angry,-0.43691321755158297
mfcc_4_mean,EMOPIA Angry,0.7864424636884364
mfcc_4_mean,EMOPIA Angry,-0.309079721607108
mfcc_4_mean,EMOPIA Angry,0.6017014716061412
mfcc_4_mean,EMOPIA Angry,-0.1921427598367381
mfcc_4_mean,EMOPIA Angry,-0.030095023934481276
mfcc_4_mean,EMOPIA Angry,-0.10957252962004305
mfcc_4_mean,EMOPIA Angry,0.9491085216781502
mfcc_4_mean,EMOPIA Angry,0.5739697259837214
mfcc_4_mean,EMOPIA Angry,-0.4775053662844388
mfcc_4_mean,EMOPIA Angry,-0.03897769421067879
mfcc_4_mean,EMOPIA Angry,0.8310485533056968
mfcc_4_mean,EMOPIA Angry,0.9693805733959096
mfcc_4_mean,EMOPIA Angry,0.2853639923349656
mfcc_4_mean,EMOPIA Angry,-0.032708688109567265
mfcc_4_mean,EMOPIA Angry,0.6048412666024913
mfcc_4_mean,EMOPIA Angry,1.0666612988248105
mfcc_4_mean,EMOPIA Angry,0.40665511139957244
mfcc_4_mean,EMOPIA Angry,-0.1569440786996253
mfcc_4_mean,EMOPIA Angry,0.2995416721628005
mfcc_4_mean,EMOPIA Angry,1.0589787861498967
mfcc_4_mean,EMOPIA Angry,1.3149655229741615
mfcc_4_mean,EMOPIA Angry,-0.11270536152982163
mfcc_4_mean,EMOPIA Angry,0.04387857960233005
mfcc_4_mean,EMOPIA Angry,0.9760278143595287
mfcc_4_mean,EMOPIA Angry,0.8263420638309954
mfcc_4_mean,EMOPIA Angry,1.1523796797417403
mfcc_4_mean,EMOPIA Angry,1.2660849337730302
mfcc_4_mean,EMOPIA Angry,1.0020948252446846
mfcc_4_mean,EMOPIA Angry,-0.6325638344107357
mfcc_4_mean,EMOPIA Angry,0.3107497348300676
mfcc_4_mean,EMOPIA Angry,0.5094004671689667
mfcc_4_mean,EMOPIA Angry,1.319666441979607
mfcc_4_mean,EMOPIA Angry,1.5700111290175645
mfcc_4_mean,EMOPIA Angry,0.9230793899839377
mfcc_4_mean,EMOPIA Angry,0.7561906377744382
mfcc_4_mean,EMOPIA Angry,-0.9965114181073973
mfcc_4_mean,EMOPIA Angry,0.7264888956995048
mfcc_4_mean,EMOPIA Angry,0.39961264564221427
mfcc_4_mean,EMOPIA Angry,0.619307775261268
mfcc_4_mean,EMOPIA Angry,0.16896040299589257
mfcc_4_mean,EMOPIA Angry,1.0260431081481813
mfcc_4_mean,EMOPIA Angry,0.49610041477247196
mfcc_4_mean,EMOPIA Angry,0.1728962180489771
mfcc_4_mean,EMOPIA Angry,0.8845102964232617
mfcc_4_mean,EMOPIA Angry,1.1348321445372676
mfcc_4_mean,EMOPIA Angry,2.127905880074782
mfcc_4_mean,EMOPIA Angry,1.4222750427287574
mfcc_4_mean,EMOPIA Angry,1.434171336872649
mfcc_4_mean,EMOPIA Angry,0.8377303311787054
mfcc_4_mean,EMOPIA Angry,0.8550898630457754
mfcc_4_mean,EMOPIA Angry,-1.3172729640619771
mfcc_4_mean,EMOPIA Angry,-1.0774430947923328
mfcc_4_mean,EMOPIA Angry,0.8182930142790117
mfcc_4_mean,EMOPIA Angry,1.3943486092058273
mfcc_4_mean,EMOPIA Angry,1.21919885108914
mfcc_4_mean,EMOPIA Angry,1.7431090047836704
mfcc_4_mean,EMOPIA Angry,0.27595964761290914
mfcc_4_mean,EMOPIA Angry,0.9442844953021384
mfcc_4_mean,EMOPIA Angry,1.2842532977761247
mfcc_4_mean,EMOPIA Angry,0.6960159221560289
mfcc_4_mean,EMOPIA Angry,1.1050418320011586
mfcc_4_mean,EMOPIA Angry,1.138689137450374
mfcc_4_mean,EMOPIA Angry,1.6091447896373723
mfcc_4_mean,EMOPIA Angry,1.137400687911377
mfcc_4_mean,EMOPIA Angry,-1.238909552227688
mfcc_4_mean,EMOPIA Angry,0.10252058060485023
mfcc_4_mean,EMOPIA Angry,0.2616830919557738
mfcc_4_mean,EMOPIA Angry,-0.3235949718718785
mfcc_4_mean,EMOPIA Angry,0.9521441488994052
mfcc_4_mean,EMOPIA Angry,0.5843890102042875
mfcc_4_mean,EMOPIA Angry,1.4246514049135224
mfcc_4_mean,EMOPIA Angry,1.4881995967135855
mfcc_4_mean,EMOPIA Angry,0.06938687242107205
mfcc_4_mean,EMOPIA Angry,1.1586049576591895
mfcc_4_mean,EMOPIA Angry,0.47104472258080954
mfcc_4_mean,EMOPIA Angry,1.1226108135122679
mfcc_4_mean,EMOPIA Angry,1.7091656288934787
mfcc_4_mean,EMOPIA Angry,1.134247802312275
mfcc_4_mean,EMOPIA Angry,1.1593182562474669
mfcc_4_mean,EMOPIA Angry,0.7019738175491725
mfcc_4_mean,EMOPIA Angry,1.3499199390343826
mfcc_4_mean,EMOPIA Angry,1.1713891846025442
mfcc_4_mean,EMOPIA Angry,-0.1637358733404471
mfcc_4_mean,EMOPIA Angry,0.6355495924720486
mfcc_4_mean,EMOPIA Angry,-0.10932074440965539
mfcc_4_mean,EMOPIA Angry,1.2386328257072798
mfcc_4_mean,EMOPIA Angry,1.0862682365133607
mfcc_4_mean,EMOPIA Angry,-0.6456013784435243
mfcc_4_mean,EMOPIA Angry,0.5136317956161007
mfcc_4_mean,EMOPIA Angry,0.9370584825827836
mfcc_4_mean,EMOPIA Angry,-0.38391396264402755
mfcc_4_mean,EMOPIA Angry,1.3007633330815986
mfcc_4_mean,EMOPIA Angry,0.20603271146738342
mfcc_4_mean,EMOPIA Angry,-1.9974175119428224
mfcc_4_mean,EMOPIA Angry,-2.3118309859482826
mfcc_4_mean,EMOPIA Angry,0.5377304811895198
mfcc_4_mean,EMOPIA Angry,0.9101096664143453
mfcc_4_mean,EMOPIA Angry,-0.3260596259943567
mfcc_4_mean,EMOPIA Angry,-0.3732674032778019
mfcc_4_mean,EMOPIA Angry,0.7487306653463145
mfcc_4_mean,EMOPIA Angry,0.1322824837477523
mfcc_4_mean,EMOPIA Angry,0.5221668686107012
mfcc_4_mean,EMOPIA Angry,1.100172406300708
mfcc_4_mean,EMOPIA Angry,0.5047934105704908
mfcc_4_mean,EMOPIA Angry,1.6977355830263454
mfcc_4_mean,EMOPIA Angry,1.4630416864110682
mfcc_4_mean,EMOPIA Angry,1.0707433386958742
mfcc_4_mean,EMOPIA Angry,0.9164800550559237
mfcc_4_mean,EMOPIA Angry,0.2103815768158268
mfcc_4_mean,EMOPIA Angry,1.624546580084293
mfcc_4_mean,EMOPIA Angry,1.540799588237191
mfcc_4_mean,EMOPIA Angry,1.8601412215783237
mfcc_4_mean,EMOPIA Angry,0.8994608788604171
mfcc_4_mean,EMOPIA Angry,1.2073058992268029
mfcc_4_mean,EMOPIA Angry,0.7181343059088101
mfcc_4_mean,EMOPIA Angry,0.9654461509601396
mfcc_4_mean,EMOPIA Angry,1.202865956706018
mfcc_4_mean,EMOPIA Angry,0.3240483946092487
mfcc_4_mean,EMOPIA Angry,0.05038405212337526
mfcc_4_mean,EMOPIA Angry,1.03225056056401
mfcc_4_mean,EMOPIA Angry,0.8573940876536709
mfcc_4_mean,EMOPIA Angry,0.4561763045651856
mfcc_4_mean,EMOPIA Angry,0.7577564966824016
mfcc_4_mean,EMOPIA Angry,0.8162241419971981
mfcc_4_mean,EMOPIA Angry,0.8284755535561823
mfcc_4_mean,EMOPIA Angry,0.3984865752820403
mfcc_4_mean,EMOPIA Angry,1.1740290299831357
mfcc_4_mean,EMOPIA Angry,0.5707413605261957
mfcc_4_mean,EMOPIA Angry,0.3615020017013372
mfcc_4_mean,EMOPIA Angry,0.5687120385761023
mfcc_4_mean,EMOPIA Angry,0.1321003294030692
mfcc_4_mean,EMOPIA Angry,0.6899014965767805
mfcc_4_mean,EMOPIA Angry,1.074403136997306
mfcc_4_mean,EMOPIA Angry,0.07061766760326568
mfcc_4_mean,EMOPIA Angry,0.43575217903672697
mfcc_4_mean,EMOPIA Angry,0.7409659882498693
mfcc_4_mean,EMOPIA Angry,1.1176085321200528
mfcc_4_mean,EMOPIA Angry,1.2594872699857926
mfcc_4_mean,EMOPIA Angry,0.5746911017524206
mfcc_4_mean,EMOPIA Angry,0.44008321888355
mfcc_4_mean,EMOPIA Angry,0.7139244237683126
mfcc_4_mean,EMOPIA Angry,0.5213572009042892
mfcc_4_mean,EMOPIA Angry,1.4654227834947011
mfcc_4_mean,EMOPIA Angry,0.817415386847672
mfcc_4_mean,EMOPIA Angry,1.1656666415354826
mfcc_4_mean,EMOPIA Angry,0.05502564563124004
mfcc_4_mean,EMOPIA Angry,0.3220608511785776
mfcc_4_mean,EMOPIA Angry,-0.840610973553001
mfcc_4_mean,EMOPIA Calm,1.3117017850368577
mfcc_4_mean,EMOPIA Calm,0.22298337089103676
mfcc_4_mean,EMOPIA Calm,0.07185180506701261
mfcc_4_mean,EMOPIA Calm,-0.20788156367366895
mfcc_4_mean,EMOPIA Calm,0.13563200691160396
mfcc_4_mean,EMOPIA Calm,0.022139266282443917
mfcc_4_mean,EMOPIA Calm,-0.6318983025963316
mfcc_4_mean,EMOPIA Calm,-0.8267718389942216
mfcc_4_mean,EMOPIA Calm,-1.571760826871086
mfcc_4_mean,EMOPIA Calm,-1.736203028983191
mfcc_4_mean,EMOPIA Calm,1.5021380248868597
mfcc_4_mean,EMOPIA Calm,-0.7785169527523115
mfcc_4_mean,EMOPIA Calm,-0.28325029123573664
mfcc_4_mean,EMOPIA Calm,-0.18261670036143002
mfcc_4_mean,EMOPIA Calm,-0.8432768608773655
mfcc_4_mean,EMOPIA Calm,-0.6723499362421957
mfcc_4_mean,EMOPIA Calm,-0.5509042366557251
mfcc_4_mean,EMOPIA Calm,-0.03086347016839669
mfcc_4_mean,EMOPIA Calm,-0.5541860786181116
mfcc_4_mean,EMOPIA Calm,0.10354304023685636
mfcc_4_mean,EMOPIA Calm,0.1261159742809579
mfcc_4_mean,EMOPIA Calm,-0.4335636943877313
mfcc_4_mean,EMOPIA Calm,-0.39634780707115763
mfcc_4_mean,EMOPIA Calm,-0.3967650352184593
mfcc_4_mean,EMOPIA Calm,-0.8534832139106069
mfcc_4_mean,EMOPIA Calm,-0.22752415236545967
mfcc_4_mean,EMOPIA Calm,-1.4428598897553604
mfcc_4_mean,EMOPIA Calm,-1.8025911156410144
mfcc_4_mean,EMOPIA Calm,0.09618082954418287
mfcc_4_mean,EMOPIA Calm,-0.5695628019533785
mfcc_4_mean,EMOPIA Calm,-0.9613795826013608
mfcc_4_mean,EMOPIA Calm,-0.7239674362507097
mfcc_4_mean,EMOPIA Calm,-0.8984261776561461
mfcc_4_mean,EMOPIA Calm,-0.4098297352888726
mfcc_4_mean,EMOPIA Calm,0.20314219497025668
mfcc_4_mean,EMOPIA Calm,1.3311611052901136
mfcc_4_mean,EMOPIA Calm,-1.2937953858106426
mfcc_4_mean,EMOPIA Calm,-0.33688694708795147
mfcc_4_mean,EMOPIA Calm,-1.626491244361788
mfcc_4_mean,EMOPIA Calm,-0.40702082616635105
mfcc_4_mean,EMOPIA Calm,-0.45442203799472347
mfcc_4_mean,EMOPIA Calm,-1.1816431786080266
mfcc_4_mean,EMOPIA Calm,0.0074226435540558754
mfcc_4_mean,EMOPIA Calm,-0.8835312999115541
mfcc_4_mean,EMOPIA Calm,0.162741252594625
mfcc_4_mean,EMOPIA Calm,0.37124530947764295
mfcc_4_mean,EMOPIA Calm,0.3440591913188846
mfcc_4_mean,EMOPIA Calm,-0.6647424856405107
mfcc_4_mean,EMOPIA Calm,-1.0991623544228961
mfcc_4_mean,EMOPIA Calm,-1.3906294988669146
mfcc_4_mean,EMOPIA Calm,-0.42949001022055205
mfcc_4_mean,EMOPIA Calm,-1.8089437484118376
mfcc_4_mean,EMOPIA Calm,-1.6612460983609
mfcc_4_mean,EMOPIA Calm,-0.7388295874884205
mfcc_4_mean,EMOPIA Calm,-0.09012964225109298
mfcc_4_mean,EMOPIA Calm,0.13424050369136425
mfcc_4_mean,EMOPIA Calm,0.16687621192362398
mfcc_4_mean,EMOPIA Calm,0.13293506422113535
mfcc_4_mean,EMOPIA Calm,-1.5765323515743561
mfcc_4_mean,EMOPIA Calm,-0.8364537323469767
mfcc_4_mean,EMOPIA Calm,0.7188403628870548
mfcc_4_mean,EMOPIA Calm,-0.02170366904669455
mfcc_4_mean,EMOPIA Calm,-0.957822698719441
mfcc_4_mean,EMOPIA Calm,-0.9393958649428518
mfcc_4_mean,EMOPIA Calm,0.06811736247754618
mfcc_4_mean,EMOPIA Calm,-0.32452496171422845
mfcc_4_mean,EMOPIA Calm,-0.33068952151678366
mfcc_4_mean,EMOPIA Calm,-0.7434384544894047
mfcc_4_mean,EMOPIA Calm,-0.5559109744233447
mfcc_4_mean,EMOPIA Calm,-0.37470402729901814
mfcc_4_mean,EMOPIA Calm,0.06347381930544116
mfcc_4_mean,EMOPIA Calm,-0.7994365715211237
mfcc_4_mean,EMOPIA Calm,0.3693992559660839
mfcc_4_mean,EMOPIA Calm,0.431506924416452
mfcc_4_mean,EMOPIA Calm,0.011392995516529314
mfcc_4_mean,EMOPIA Calm,-0.5693527952624139
mfcc_4_mean,EMOPIA Calm,-0.31814176099336094
mfcc_4_mean,EMOPIA Calm,1.1625106921782895
mfcc_4_mean,EMOPIA Calm,-3.297440745282896
mfcc_4_mean,EMOPIA Calm,0.13725440608252
mfcc_4_mean,EMOPIA Calm,-0.6302727004055932
mfcc_4_mean,EMOPIA Calm,-0.4932717439441889
mfcc_4_mean,EMOPIA Calm,-1.0824416161177999
mfcc_4_mean,EMOPIA Calm,-0.7674325545025356
mfcc_4_mean,EMOPIA Calm,-0.006545586629739663
mfcc_4_mean,EMOPIA Calm,0.2636305280077987
mfcc_4_mean,EMOPIA Calm,-0.13408621515306074
mfcc_4_mean,EMOPIA Calm,-0.132962094457127
mfcc_4_mean,EMOPIA Calm,-0.02005787390490129
mfcc_4_mean,EMOPIA Calm,-0.4160366306577762
mfcc_4_mean,EMOPIA Calm,-0.9411122657824686
mfcc_4_mean,EMOPIA Calm,-0.7172546030115974
mfcc_4_mean,EMOPIA Calm,0.10524565416506401
mfcc_4_mean,EMOPIA Calm,0.8370961332538689
mfcc_4_mean,EMOPIA Calm,-0.29742657844625736
mfcc_4_mean,EMOPIA Calm,-0.3940870321234623
mfcc_4_mean,EMOPIA Calm,-0.2005076549955571
mfcc_4_mean,EMOPIA Calm,0.19681609155926638
mfcc_4_mean,EMOPIA Calm,0.17929195232567088
mfcc_4_mean,EMOPIA Calm,-0.6623860378833374
mfcc_4_mean,EMOPIA Calm,-0.648914136510284
mfcc_4_mean,EMOPIA Calm,-0.1495863243823569
mfcc_4_mean,EMOPIA Calm,-0.8921450557844012
mfcc_4_mean,EMOPIA Calm,-0.8882965578369104
mfcc_4_mean,EMOPIA Calm,0.3673604642182552
mfcc_4_mean,EMOPIA Calm,-0.6091471135360272
mfcc_4_mean,EMOPIA Calm,-0.3754822218541322
mfcc_4_mean,EMOPIA Calm,-1.5617087758362458
mfcc_4_mean,EMOPIA Calm,0.5127945540868692
mfcc_4_mean,EMOPIA Calm,0.05828687685737782
mfcc_4_mean,EMOPIA Calm,-0.8176034036451718
mfcc_4_mean,EMOPIA Calm,0.3922704886388637
mfcc_4_mean,EMOPIA Calm,0.8680158584317051
mfcc_4_mean,EMOPIA Calm,-0.10627369772642428
mfcc_4_mean,EMOPIA Calm,-0.0936237190921478
mfcc_4_mean,EMOPIA Calm,0.5837910203296168
mfcc_4_mean,EMOPIA Calm,-0.4323851223548161
mfcc_4_mean,EMOPIA Calm,0.2989706990640237
mfcc_4_mean,EMOPIA Calm,-0.8589373996212443
mfcc_4_mean,EMOPIA Calm,-0.6808767927946435
mfcc_4_mean,EMOPIA Calm,-1.0893718369196421
mfcc_4_mean,EMOPIA Calm,-1.480514590787604
mfcc_4_mean,EMOPIA Calm,0.32362197518767355
mfcc_4_mean,EMOPIA Calm,-0.137002077285305
mfcc_4_mean,EMOPIA Calm,-0.7928687097444077
mfcc_4_mean,EMOPIA Calm,-1.2614421003696805
mfcc_4_mean,EMOPIA Calm,-1.3310272882263279
mfcc_4_mean,EMOPIA Calm,-0.9936066969136662
mfcc_4_mean,EMOPIA Calm,-0.6802317324547565
mfcc_4_mean,EMOPIA Calm,-0.41603802327509026
mfcc_4_mean,EMOPIA Calm,-0.22057916982008785
mfcc_4_mean,EMOPIA Calm,-1.2847570209187291
mfcc_4_mean,EMOPIA Calm,-1.1787624104320982
mfcc_4_mean,EMOPIA Calm,0.21187334848268108
mfcc_4_mean,EMOPIA Calm,0.11479260290008345
mfcc_4_mean,EMOPIA Calm,-0.8546148547400372
mfcc_4_mean,EMOPIA Calm,-0.03271648676652617
mfcc_4_mean,EMOPIA Calm,0.10550328836817084
mfcc_4_mean,EMOPIA Calm,-0.19199848468299827
mfcc_4_mean,EMOPIA Calm,0.3433731880299639
mfcc_4_mean,EMOPIA Calm,0.5960772473214533
mfcc_4_mean,EMOPIA Calm,-0.41353075506280085
mfcc_4_mean,EMOPIA Calm,-1.3639303789828932
mfcc_4_mean,EMOPIA Calm,-0.2070331812059247
mfcc_4_mean,EMOPIA Calm,0.06369663807569571
mfcc_4_mean,EMOPIA Calm,0.11034179796424862
mfcc_4_mean,EMOPIA Calm,-0.7156815024936
mfcc_4_mean,EMOPIA Calm,0.14154199626914388
mfcc_4_mean,EMOPIA Calm,-0.8596327334461699
mfcc_4_mean,EMOPIA Calm,-0.737769387927203
mfcc_4_mean,EMOPIA Calm,0.546933174924496
mfcc_4_mean,EMOPIA Calm,-0.07534199603968629
mfcc_4_mean,EMOPIA Calm,-0.5114090525811784
mfcc_4_mean,EMOPIA Calm,-0.9269911262175862
mfcc_4_mean,EMOPIA Calm,-0.5832643459215259
mfcc_4_mean,EMOPIA Calm,-1.009641710453304
mfcc_4_mean,EMOPIA Calm,-1.0077581955359964
mfcc_4_mean,EMOPIA Calm,-0.8851202762669319
mfcc_4_mean,EMOPIA Calm,0.13361967489274298
mfcc_4_mean,EMOPIA Calm,-0.2093468756115555
mfcc_4_mean,EMOPIA Calm,-0.6282141334919039
mfcc_4_mean,EMOPIA Calm,-0.626455954132864
mfcc_4_mean,EMOPIA Calm,0.016391934627190363
mfcc_4_mean,EMOPIA Calm,0.8968433153568517
mfcc_4_mean,EMOPIA Calm,0.8706222809967579
mfcc_4_mean,EMOPIA Calm,-0.9817638792746362
mfcc_4_mean,EMOPIA Calm,-1.7328303883719254
mfcc_4_mean,EMOPIA Calm,-1.82039893102149
mfcc_4_mean,EMOPIA Calm,0.4393295343931634
mfcc_4_mean,EMOPIA Calm,1.018576172633488
mfcc_4_mean,EMOPIA Calm,0.010570237207364351
mfcc_4_mean,EMOPIA Calm,-0.03806692248726431
mfcc_4_mean,EMOPIA Calm,-0.4148200401721863
mfcc_4_mean,EMOPIA Calm,0.49218548897909886
mfcc_4_mean,EMOPIA Calm,-0.6865295657342703
mfcc_4_mean,EMOPIA Calm,-0.5267562524293871
mfcc_4_mean,EMOPIA Calm,-0.617693466730872
mfcc_4_mean,EMOPIA Calm,-0.6435291638801566
mfcc_4_mean,EMOPIA Calm,-3.1921089510069067
mfcc_4_mean,EMOPIA Calm,0.19490569912779634
mfcc_4_mean,EMOPIA Calm,0.07296645596521208
mfcc_4_mean,EMOPIA Calm,0.15858763219361718
mfcc_4_mean,EMOPIA Calm,0.6497453763249665
mfcc_4_mean,EMOPIA Calm,-1.4253467521985461
mfcc_4_mean,EMOPIA Calm,-2.1893266534950726
mfcc_4_mean,EMOPIA Calm,-0.9717612661544464
mfcc_4_mean,EMOPIA Calm,-0.9246325895344416
mfcc_4_mean,EMOPIA Calm,0.009299891693450541
mfcc_4_mean,EMOPIA Calm,-0.16902224866473653
mfcc_4_mean,EMOPIA Calm,-0.8706598951243366
mfcc_4_mean,EMOPIA Calm,-0.7707089652573974
mfcc_4_mean,EMOPIA Calm,-0.16118877627297465
mfcc_4_mean,EMOPIA Calm,-0.8237364902964289
mfcc_4_mean,EMOPIA Calm,-0.155728045260961
mfcc_4_mean,EMOPIA Calm,-0.6200748423379674
mfcc_4_mean,EMOPIA Calm,-0.23983544646894972
mfcc_4_mean,EMOPIA Calm,-0.08298245167171567
mfcc_4_mean,EMOPIA Calm,-0.005971271249408535
mfcc_4_mean,EMOPIA Calm,-0.7566013340804614
mfcc_4_mean,EMOPIA Calm,-0.9038033516293137
mfcc_4_mean,EMOPIA Calm,0.024375252641948425
mfcc_4_mean,EMOPIA Calm,-1.770972992880161
mfcc_4_mean,EMOPIA Calm,-0.842533063969909
mfcc_4_mean,EMOPIA Calm,0.3128225064403602
mfcc_4_mean,EMOPIA Calm,-0.29586211215560754
mfcc_4_mean,EMOPIA Calm,0.03523209722260185
mfcc_4_mean,EMOPIA Calm,0.20776039250724523
mfcc_4_mean,EMOPIA Calm,-0.13473517482142766
mfcc_4_mean,EMOPIA Calm,-1.2727431898735286
mfcc_4_mean,EMOPIA Calm,-0.5871404176918353
mfcc_4_mean,EMOPIA Calm,-0.913266743325488
mfcc_4_mean,EMOPIA Calm,-1.793486253272353
mfcc_4_mean,EMOPIA Calm,-0.8563014535691328
mfcc_4_mean,EMOPIA Calm,-1.089355404035336
mfcc_4_mean,EMOPIA Calm,0.09416766195493292
mfcc_4_mean,EMOPIA Calm,0.14971415319169215
mfcc_4_mean,EMOPIA Calm,0.6003124750970668
mfcc_4_mean,EMOPIA Calm,-0.4506094695739365
mfcc_4_mean,EMOPIA Calm,0.2179705056072343
mfcc_4_mean,EMOPIA Calm,0.20543889944465502
mfcc_4_mean,EMOPIA Calm,0.07955966337704347
mfcc_4_mean,EMOPIA Calm,0.15321185083776312
mfcc_4_mean,EMOPIA Calm,-1.0809959400840419
mfcc_4_mean,EMOPIA Calm,-1.5910842276744872
mfcc_4_mean,EMOPIA Calm,-0.21532203945939432
mfcc_4_mean,EMOPIA Calm,0.31252643599938496
mfcc_4_mean,EMOPIA Calm,-0.2844512844074087
mfcc_4_mean,EMOPIA Calm,-0.19639274935588102
mfcc_4_mean,EMOPIA Calm,-1.0676623256102775
mfcc_4_mean,EMOPIA Calm,-0.1511792000662142
mfcc_4_mean,EMOPIA Calm,-0.9663272733948634
mfcc_4_mean,EMOPIA Calm,-0.12307144776899043
mfcc_4_mean,EMOPIA Calm,-0.3919451866943904
mfcc_4_mean,EMOPIA Calm,0.21466498915050788
mfcc_4_mean,EMOPIA Calm,-0.8238261748514564
mfcc_4_mean,EMOPIA Calm,-0.42099880467134526
mfcc_4_mean,EMOPIA Calm,-0.02720701414851936
mfcc_4_mean,EMOPIA Calm,-0.1836274620079973
mfcc_4_mean,EMOPIA Calm,1.0505342332807113
mfcc_4_mean,EMOPIA Calm,0.5973838008855334
mfcc_4_mean,EMOPIA Calm,1.0818241161406335
mfcc_4_mean,EMOPIA Calm,-0.4422097589822655
mfcc_4_mean,EMOPIA Calm,-0.45625639352084435
mfcc_4_mean,EMOPIA Calm,0.3425014095913419
mfcc_4_mean,EMOPIA Calm,-0.3620715956428987
mfcc_4_mean,EMOPIA Calm,-0.7832344439037945
mfcc_4_mean,EMOPIA Calm,-0.7305365513830087
mfcc_4_mean,EMOPIA Calm,-1.0780857876827858
mfcc_4_mean,EMOPIA Calm,0.012581176608911754
mfcc_4_mean,EMOPIA Calm,-0.34023702729872873
mfcc_4_mean,EMOPIA Calm,-0.5493287686882938
mfcc_4_mean,EMOPIA Calm,-0.7642948484321571
mfcc_4_mean,EMOPIA Calm,-0.43964845721818935
mfcc_4_mean,EMOPIA Calm,-0.223106770245163
mfcc_4_mean,EMOPIA Calm,-1.0059920782582663
mfcc_4_mean,EMOPIA Calm,-0.4706514609114085
mfcc_4_mean,EMOPIA Calm,0.14534829791201687
mfcc_4_mean,EMOPIA Calm,-0.024740688885264202
mfcc_4_mean,EMOPIA Calm,-0.06268700398307804
mfcc_4_mean,EMOPIA Calm,-0.6467830142345302
mfcc_4_mean,EMOPIA Calm,-0.4347224912547861
mfcc_4_mean,EMOPIA Calm,-0.9536278568459361
mfcc_4_mean,EMOPIA Calm,-1.0988366212331302
mfcc_4_mean,EMOPIA Calm,0.4763558864932898
mfcc_4_mean,EMOPIA Calm,0.04609924717137955
mfcc_4_mean,EMOPIA Calm,-0.9025122561174205
mfcc_4_mean,EMOPIA Calm,-1.6213923153279752
mfcc_4_mean,EMOPIA Calm,-1.6397052330082718
mfcc_4_mean,EMOPIA Calm,-1.4071938462476385
mfcc_4_mean,EMOPIA Calm,-0.8734112891517862
mfcc_4_mean,EMOPIA Calm,-0.7316315663770786
mfcc_4_mean,EMOPIA Calm,-0.8227716850212267
mfcc_4_mean,EMOPIA Calm,-0.4964988560461314
mfcc_4_mean,EMOPIA Calm,-0.24506639562413834
mfcc_4_mean,EMOPIA Calm,-1.8230890498871197
mfcc_4_mean,EMOPIA Calm,-0.45623439016728146
mfcc_4_mean,EMOPIA Calm,0.5873928857507817
mfcc_4_mean,EMOPIA Calm,-0.8677548954071428
mfcc_4_mean,EMOPIA Calm,-0.9298036561451243
mfcc_4_mean,EMOPIA Calm,-0.16986923851516667
mfcc_4_mean,EMOPIA Calm,0.2117313015166438
mfcc_4_mean,EMOPIA Calm,-0.37000450091088666
mfcc_4_mean,EMOPIA Calm,-0.011140109672388687
mfcc_4_mean,EMOPIA Calm,-0.22091311945200687
mfcc_4_mean,EMOPIA Calm,-0.019082763261575292
mfcc_4_mean,EMOPIA Calm,0.09222886013025595
mfcc_4_mean,EMOPIA Calm,-1.0459280257127224
mfcc_4_mean,EMOPIA Calm,-1.5657438845038245
mfcc_4_mean,EMOPIA Calm,0.35929136097694914
mfcc_4_mean,EMOPIA Calm,-0.32921780353925234
mfcc_4_mean,EMOPIA Calm,-0.22830819591329288
mfcc_4_mean,EMOPIA Calm,-0.17112398671516266
mfcc_4_mean,EMOPIA Calm,-1.5004170418702043
mfcc_4_mean,EMOPIA Calm,-0.4384840898818776
mfcc_4_mean,EMOPIA Calm,0.3743750776293316
mfcc_4_mean,EMOPIA Calm,-0.5561110935313796
mfcc_4_mean,EMOPIA Calm,-0.5532835233368493
mfcc_4_mean,EMOPIA Calm,0.3840275867567591
mfcc_4_mean,EMOPIA Calm,-0.19504218908467555
mfcc_4_mean,EMOPIA Calm,0.3877060461301996
mfcc_4_mean,EMOPIA Calm,-0.3840167378018075
mfcc_4_mean,EMOPIA Calm,-0.6787055631402442
mfcc_4_mean,EMOPIA Calm,-0.5750933030928284
mfcc_4_mean,EMOPIA Calm,-0.9258369249876676
mfcc_4_mean,EMOPIA Calm,-0.20829043611708606
mfcc_4_mean,EMOPIA Calm,-0.5310921664368091
mfcc_4_mean,EMOPIA Calm,0.0446629016736261
mfcc_4_mean,EMOPIA Calm,0.781825658768762
mfcc_4_mean,EMOPIA Calm,-2.7788722179166103
mfcc_4_mean,EMOPIA Sad,-1.2231625319486041
mfcc_4_mean,EMOPIA Sad,-1.2370572319382158
mfcc_4_mean,EMOPIA Sad,-1.5700150418061416
mfcc_4_mean,EMOPIA Sad,-0.8693479103527315
mfcc_4_mean,EMOPIA Sad,-1.2907104599364683
mfcc_4_mean,EMOPIA Sad,-0.7690456231374472
mfcc_4_mean,EMOPIA Sad,-1.504261919012678
mfcc_4_mean,EMOPIA Sad,-1.2840621048789977
mfcc_4_mean,EMOPIA Sad,-0.48201368631534536
mfcc_4_mean,EMOPIA Sad,-1.7280755054455588
mfcc_4_mean,EMOPIA Sad,-2.2319533813083825
mfcc_4_mean,EMOPIA Sad,0.07707022066637492
mfcc_4_mean,EMOPIA Sad,-1.987057483588971
mfcc_4_mean,EMOPIA Sad,-0.37384701060392656
mfcc_4_mean,EMOPIA Sad,-0.2506502340067176
mfcc_4_mean,EMOPIA Sad,-1.5916075732611226
mfcc_4_mean,EMOPIA Sad,0.09791853742870563
mfcc_4_mean,EMOPIA Sad,-0.9773430156110545
mfcc_4_mean,EMOPIA Sad,-0.30365408455140946
mfcc_4_mean,EMOPIA Sad,-0.5054497645707202
mfcc_4_mean,EMOPIA Sad,0.1973274606370006
mfcc_4_mean,EMOPIA Sad,-0.9843225350658156
mfcc_4_mean,EMOPIA Sad,-0.9744123917352814
mfcc_4_mean,EMOPIA Sad,-1.5709582615129754
mfcc_4_mean,EMOPIA Sad,-1.6467493699064069
mfcc_4_mean,EMOPIA Sad,-1.4179525113076483
mfcc_4_mean,EMOPIA Sad,-1.282646648640956
mfcc_4_mean,EMOPIA Sad,-0.3039654737828402
mfcc_4_mean,EMOPIA Sad,-0.396832994943387
mfcc_4_mean,EMOPIA Sad,0.033723892671441304
mfcc_4_mean,EMOPIA Sad,-2.3993210197967656
mfcc_4_mean,EMOPIA Sad,-0.34313255721818675
mfcc_4_mean,EMOPIA Sad,-1.926962843466122
mfcc_4_mean,EMOPIA Sad,-1.26378726792661
mfcc_4_mean,EMOPIA Sad,-1.4809830672520643
mfcc_4_mean,EMOPIA Sad,-1.2449682731143723
mfcc_4_mean,EMOPIA Sad,-0.3817161339989292
mfcc_4_mean,EMOPIA Sad,1.3661723401367503
mfcc_4_mean,EMOPIA Sad,0.7276063318323315
mfcc_4_mean,EMOPIA Sad,0.44035004436093034
mfcc_4_mean,EMOPIA Sad,0.28091458001644487
mfcc_4_mean,EMOPIA Sad,0.378305600736622
mfcc_4_mean,EMOPIA Sad,0.07168552655971067
mfcc_4_mean,EMOPIA Sad,-1.3825471657611248
mfcc_4_mean,EMOPIA Sad,0.21699233120581676
mfcc_4_mean,EMOPIA Sad,-0.5564822260455851
mfcc_4_mean,EMOPIA Sad,-1.7692187824804662
mfcc_4_mean,EMOPIA Sad,-1.082097221856025
mfcc_4_mean,EMOPIA Sad,-1.0738195045410683
mfcc_4_mean,EMOPIA Sad,-0.9751249940149018
mfcc_4_mean,EMOPIA Sad,-0.655158632546668
mfcc_4_mean,EMOPIA Sad,-1.342262089146026
mfcc_4_mean,EMOPIA Sad,0.08762820957142442
mfcc_4_mean,EMOPIA Sad,-0.09449744719500798
mfcc_4_mean,EMOPIA Sad,0.0928739204701424
mfcc_4_mean,EMOPIA Sad,-1.0058674390086548
mfcc_4_mean,EMOPIA Sad,-0.4195073115279538
mfcc_4_mean,EMOPIA Sad,0.2640697595086635
mfcc_4_mean,EMOPIA Sad,-1.0787967188216292
mfcc_4_mean,EMOPIA Sad,-0.4113245707138179
mfcc_4_mean,EMOPIA Sad,0.43907886327662754
mfcc_4_mean,EMOPIA Sad,0.9910586115539757
mfcc_4_mean,EMOPIA Sad,-0.7168299939925308
mfcc_4_mean,EMOPIA Sad,-0.8892383849264305
mfcc_4_mean,EMOPIA Sad,-0.520967281516442
mfcc_4_mean,EMOPIA Sad,-0.22787147112359396
mfcc_4_mean,EMOPIA Sad,-0.23558768513750936
mfcc_4_mean,EMOPIA Sad,0.15494036744801284
mfcc_4_mean,EMOPIA Sad,-1.762086284013752
mfcc_4_mean,EMOPIA Sad,-0.2860293983477366
mfcc_4_mean,EMOPIA Sad,-0.15834338057682393
mfcc_4_mean,EMOPIA Sad,-0.2608751088502365
mfcc_4_mean,EMOPIA Sad,0.1549320117441283
mfcc_4_mean,EMOPIA Sad,-2.3144920339274804
mfcc_4_mean,EMOPIA Sad,-0.44959021296175333
mfcc_4_mean,EMOPIA Sad,-0.6341285792248483
mfcc_4_mean,EMOPIA Sad,-0.08673555533319038
mfcc_4_mean,EMOPIA Sad,-2.9999915609430508
mfcc_4_mean,EMOPIA Sad,-2.2160481597024178
mfcc_4_mean,EMOPIA Sad,-2.787927778368406
mfcc_4_mean,EMOPIA Sad,-1.0075761804530445
mfcc_4_mean,EMOPIA Sad,-0.6864926613754466
mfcc_4_mean,EMOPIA Sad,-0.4012367294140055
mfcc_4_mean,EMOPIA Sad,0.09419077940234684
mfcc_4_mean,EMOPIA Sad,-1.0806476464937878
mfcc_4_mean,EMOPIA Sad,-0.9136320268469738
mfcc_4_mean,EMOPIA Sad,-0.7391686898044016
mfcc_4_mean,EMOPIA Sad,-0.6097343802573791
mfcc_4_mean,EMOPIA Sad,0.06051729274762648
mfcc_4_mean,EMOPIA Sad,-0.764862618511112
mfcc_4_mean,EMOPIA Sad,-1.459141257297861
mfcc_4_mean,EMOPIA Sad,-0.4294936310255689
mfcc_4_mean,EMOPIA Sad,-0.495781797391106
mfcc_4_mean,EMOPIA Sad,-0.06525554735718749
mfcc_4_mean,EMOPIA Sad,-1.5272258999985757
mfcc_4_mean,EMOPIA Sad,-1.1716042181759385
mfcc_4_mean,EMOPIA Sad,-1.1910855417827577
mfcc_4_mean,EMOPIA Sad,-0.27568169465711484
mfcc_4_mean,EMOPIA Sad,-1.1277820328447803
mfcc_4_mean,EMOPIA Sad,-1.2611176205354973
mfcc_4_mean,EMOPIA Sad,0.025873708871910338
mfcc_4_mean,EMOPIA Sad,-0.683011675137145
mfcc_4_mean,EMOPIA Sad,-2.280314663513089
mfcc_4_mean,EMOPIA Sad,-0.5793878563660222
mfcc_4_mean,EMOPIA Sad,-0.5714360115025626
mfcc_4_mean,EMOPIA Sad,1.031969530390027
mfcc_4_mean,EMOPIA Sad,-0.6588213553444587
mfcc_4_mean,EMOPIA Sad,-0.48531474639666716
mfcc_4_mean,EMOPIA Sad,-0.8205723244970827
mfcc_4_mean,EMOPIA Sad,-1.3883832071392859
mfcc_4_mean,EMOPIA Sad,0.12489604151381416
mfcc_4_mean,EMOPIA Sad,-1.9134963036697277
mfcc_4_mean,EMOPIA Sad,1.3836641706486583
mfcc_4_mean,EMOPIA Sad,0.38703369049095593
mfcc_4_mean,EMOPIA Sad,-1.9545951562123154
mfcc_4_mean,EMOPIA Sad,-1.564269381291665
mfcc_4_mean,EMOPIA Sad,-1.1873160052369762
mfcc_4_mean,EMOPIA Sad,-2.0554092302905285
mfcc_4_mean,EMOPIA Sad,0.3926877167861654
mfcc_4_mean,EMOPIA Sad,-0.2964291859259054
mfcc_4_mean,EMOPIA Sad,-2.3858015953578686
mfcc_4_mean,EMOPIA Sad,-0.3651684980259743
mfcc_4_mean,EMOPIA Sad,0.32176840154261843
mfcc_4_mean,EMOPIA Sad,-2.233110124064899
mfcc_4_mean,EMOPIA Sad,-3.4241214326147666
mfcc_4_mean,EMOPIA Sad,-0.826223565557664
mfcc_4_mean,EMOPIA Sad,-0.15269186099277982
mfcc_4_mean,EMOPIA Sad,-0.21097623786904196
mfcc_4_mean,EMOPIA Sad,0.29045122338334006
mfcc_4_mean,EMOPIA Sad,0.15365275347940432
mfcc_4_mean,EMOPIA Sad,-0.2222879112644775
mfcc_4_mean,EMOPIA Sad,-0.3875659622884998
mfcc_4_mean,EMOPIA Sad,-0.7394296662890624
mfcc_4_mean,EMOPIA Sad,-2.230689337387815
mfcc_4_mean,EMOPIA Sad,-1.8597624431289892
mfcc_4_mean,EMOPIA Sad,0.6925953755091581
mfcc_4_mean,EMOPIA Sad,1.2847891769185869
mfcc_4_mean,EMOPIA Sad,0.7443804073805581
mfcc_4_mean,EMOPIA Sad,0.7077955149689985
mfcc_4_mean,EMOPIA Sad,0.37225384293650815
mfcc_4_mean,EMOPIA Sad,-2.85417704283966
mfcc_4_mean,EMOPIA Sad,-2.689269689136932
mfcc_4_mean,EMOPIA Sad,-2.508994960042658
mfcc_4_mean,EMOPIA Sad,-1.2196362856475946
mfcc_4_mean,EMOPIA Sad,-1.75613354130467
mfcc_4_mean,EMOPIA Sad,-0.9091340121841914
mfcc_4_mean,EMOPIA Sad,0.02582273907821409
mfcc_4_mean,EMOPIA Sad,0.018870514922809525
mfcc_4_mean,EMOPIA Sad,-0.43308324141437016
mfcc_4_mean,EMOPIA Sad,-0.4492824445353392
mfcc_4_mean,EMOPIA Sad,0.37855877856432424
mfcc_4_mean,EMOPIA Sad,-2.6147595971875837
mfcc_4_mean,EMOPIA Sad,-1.669959774526033
mfcc_4_mean,EMOPIA Sad,-0.7902097855066135
mfcc_4_mean,EMOPIA Sad,-1.6985428271125567
mfcc_4_mean,EMOPIA Sad,-1.7851712138133786
mfcc_4_mean,EMOPIA Sad,-0.9276849281634663
mfcc_4_mean,EMOPIA Sad,-0.11140298581768425
mfcc_4_mean,EMOPIA Sad,-0.9104880539986819
mfcc_4_mean,EMOPIA Sad,-0.9667484008706444
mfcc_4_mean,EMOPIA Sad,0.10970481480478339
mfcc_4_mean,EMOPIA Sad,0.28605166676466376
mfcc_4_mean,EMOPIA Sad,0.5047925750001023
mfcc_4_mean,EMOPIA Sad,-0.7798963402019186
mfcc_4_mean,EMOPIA Sad,-1.3946735202853036
mfcc_4_mean,EMOPIA Sad,0.16414361822991463
mfcc_4_mean,EMOPIA Sad,-0.27580842283269713
mfcc_4_mean,EMOPIA Sad,-0.025083272744531107
mfcc_4_mean,EMOPIA Sad,-2.0434341140066596
mfcc_4_mean,EMOPIA Sad,-1.5759811536414388
mfcc_4_mean,EMOPIA Sad,-0.770567196814823
mfcc_4_mean,EMOPIA Sad,-0.10987695576490333
mfcc_4_mean,EMOPIA Sad,-0.441725267418693
mfcc_4_mean,EMOPIA Sad,-2.4840495805499883
mfcc_4_mean,EMOPIA Sad,0.012417126289312352
mfcc_4_mean,EMOPIA Sad,-1.6869469901541807
mfcc_4_mean,EMOPIA Sad,-1.7183979292064777
mfcc_4_mean,EMOPIA Sad,-1.1547531308902435
mfcc_4_mean,EMOPIA Sad,-0.9992483289147803
mfcc_4_mean,EMOPIA Sad,-0.828152062014217
mfcc_4_mean,EMOPIA Sad,1.2625805515638515
mfcc_4_mean,EMOPIA Sad,-0.22471217948484712
mfcc_4_mean,EMOPIA Sad,-0.3613532836322906
mfcc_4_mean,EMOPIA Sad,-0.5876988572347861
mfcc_4_mean,EMOPIA Sad,-3.014330088070663
mfcc_4_mean,EMOPIA Sad,-2.004236462621269
mfcc_4_mean,EMOPIA Sad,-1.5044346035596254
mfcc_4_mean,EMOPIA Sad,0.4349400046191491
mfcc_4_mean,EMOPIA Sad,0.2635347159365892
mfcc_4_mean,EMOPIA Sad,0.6631504320669437
mfcc_4_mean,EMOPIA Sad,-0.6437770497620651
mfcc_4_mean,EMOPIA Sad,0.46311766630554074
mfcc_4_mean,EMOPIA Sad,0.2978020146140385
mfcc_4_mean,EMOPIA Sad,-0.3874158381420408
mfcc_4_mean,EMOPIA Sad,-1.6002241839994635
mfcc_4_mean,EMOPIA Sad,-0.028368456988471253
mfcc_4_mean,EMOPIA Sad,-0.3847049692784313
mfcc_4_mean,EMOPIA Sad,-0.6188221830639431
mfcc_4_mean,EMOPIA Sad,-0.03133445334402175
mfcc_4_mean,EMOPIA Sad,-1.774291739201371
mfcc_4_mean,EMOPIA Sad,-1.967789230431208
mfcc_4_mean,EMOPIA Sad,-2.2812212573845625
mfcc_4_mean,EMOPIA Sad,-2.3737611653219695
mfcc_4_mean,EMOPIA Sad,-2.322264126711124
mfcc_4_mean,EMOPIA Sad,-1.9813612609891444
mfcc_4_mean,EMOPIA Sad,-2.0674951292817325
mfcc_4_mean,EMOPIA Sad,-2.830873271932982
mfcc_4_mean,EMOPIA Sad,-0.11658045846801125
mfcc_4_mean,EMOPIA Sad,0.13311694004235564
mfcc_4_mean,EMOPIA Sad,-0.12265700485631643
mfcc_4_mean,EMOPIA Sad,-0.0018558085628068148
mfcc_4_mean,EMOPIA Sad,-0.3442441443582942
mfcc_4_mean,EMOPIA Sad,-0.8864666586861953
mfcc_4_mean,EMOPIA Sad,-0.7963885500057727
mfcc_4_mean,EMOPIA Sad,-0.5978847387935102
mfcc_4_mean,EMOPIA Sad,-0.24882813351296093
mfcc_4_mean,EMOPIA Sad,0.2644805816163204
mfcc_4_mean,EMOPIA Sad,-0.7973073989096099
mfcc_4_mean,EMOPIA Sad,0.010479438558485618
mfcc_4_mean,EMOPIA Sad,-2.6022098521844885
mfcc_4_mean,EMOPIA Sad,-1.4460644414568151
mfcc_4_mean,EMOPIA Sad,-2.5658359412960143
mfcc_4_mean,EMOPIA Sad,-0.06940944628165863
mfcc_4_mean,EMOPIA Sad,-0.41831773781825726
mfcc_4_mean,EMOPIA Sad,0.292807531878782
mfcc_4_mean,EMOPIA Sad,-1.6309671164092765
mfcc_4_mean,EMOPIA Sad,-0.910608515396351
mfcc_4_mean,EMOPIA Sad,-0.07621182481406752
mfcc_4_mean,EMOPIA Sad,-0.06041230286224232
mfcc_4_mean,EMOPIA Sad,-1.7525926725218623
mfcc_4_mean,EMOPIA Sad,-1.888083822922195
mfcc_4_mean,EMOPIA Sad,-2.0922137384525192
mfcc_4_mean,EMOPIA Sad,-2.022247043082676
mfcc_4_mean,EMOPIA Sad,-0.9824578204822477
mfcc_4_mean,EMOPIA Sad,-0.9568069236505428
mfcc_4_mean,EMOPIA Sad,-1.251214997338459
mfcc_4_mean,EMOPIA Sad,-0.8991954594604499
mfcc_4_mean,EMOPIA Sad,-1.002277828619854
mfcc_4_mean,EMOPIA Sad,-0.049421209972510524
mfcc_4_mean,EMOPIA Sad,-1.1660358378455458
mfcc_4_mean,EMOPIA Sad,-1.2850159084774186
mfcc_4_mean,EMOPIA Sad,-1.6293860083417233
mfcc_4_mean,EMOPIA Sad,-1.382474749660792
mfcc_4_mean,EMOPIA Sad,-0.9459318357830747
mfcc_4_mean,EMOPIA Sad,-4.0134314717210415
mfcc_4_mean,EMOPIA Sad,-1.103496040242616
mfcc_4_mean,EMOPIA Sad,-1.1002256177422045
mfcc_4_mean,EMOPIA Sad,-1.0268884403179326
mfcc_4_mean,EMOPIA Sad,-0.9607375860195648
mfcc_4_mean,EMOPIA Sad,-0.9456748978886252
mfcc_4_mean,EMOPIA Sad,-0.18840163268416404
mfcc_4_mean,EMOPIA Sad,0.24859889524296327
mfcc_4_mean,EMOPIA Sad,-1.081385455146793
mfcc_4_mean,MusicGen Happy,-4.5503323775066065
mfcc_4_mean,MusicGen Happy,-5.159344400433118
mfcc_4_mean,MusicGen Happy,-1.7268673402947192
mfcc_4_mean,MusicGen Happy,-5.571981645497148
mfcc_4_mean,MusicGen Happy,-7.133210379415178
mfcc_4_mean,MusicGen Happy,-5.2602450953082664
mfcc_4_mean,MusicGen Happy,-7.78961163766116
mfcc_4_mean,MusicGen Happy,-5.71405618535725
mfcc_4_mean,MusicGen Happy,-7.345549147334277
mfcc_4_mean,MusicGen Happy,-5.123108219397007
mfcc_4_mean,MusicGen Happy,-6.939655790875464
mfcc_4_mean,MusicGen Happy,-7.397272346996932
mfcc_4_mean,MusicGen Happy,-6.937158828031299
mfcc_4_mean,MusicGen Happy,-3.1056215668091367
mfcc_4_mean,MusicGen Happy,-4.711206972583473
mfcc_4_mean,MusicGen Angry,-5.237230423052136
mfcc_4_mean,MusicGen Angry,-2.803134946193753
mfcc_4_mean,MusicGen Angry,-5.581894852585774
mfcc_4_mean,MusicGen Angry,-4.006814589814869
mfcc_4_mean,MusicGen Angry,-3.309638784783318
mfcc_4_mean,MusicGen Angry,-6.029326362718906
mfcc_4_mean,MusicGen Angry,-3.571400044115894
mfcc_4_mean,MusicGen Angry,-4.83610246378041
mfcc_4_mean,MusicGen Angry,-3.022997511933252
mfcc_4_mean,MusicGen Angry,-3.9408457505994527
mfcc_4_mean,MusicGen Angry,-4.82126008770856
mfcc_4_mean,MusicGen Angry,-3.781339819818875
mfcc_4_mean,MusicGen Angry,-5.326966226396755
mfcc_4_mean,MusicGen Angry,-4.401502808102776
mfcc_4_mean,MusicGen Angry,-3.488878137719998
mfcc_4_mean,MusicGen Calm,-5.899837184049708
mfcc_4_mean,MusicGen Calm,-4.1333792721244755
mfcc_4_mean,MusicGen Calm,-5.792888630702924
mfcc_4_mean,MusicGen Calm,-3.1692570060839276
mfcc_4_mean,MusicGen Calm,-3.163972510793012
mfcc_4_mean,MusicGen Calm,-5.026035550994831
mfcc_4_mean,MusicGen Calm,-2.4289600940925644
mfcc_4_mean,MusicGen Calm,-2.9282411490941707
mfcc_4_mean,MusicGen Calm,-4.067092498376253
mfcc_4_mean,MusicGen Calm,-4.523763606603183
mfcc_4_mean,MusicGen Calm,-5.391324085903231
mfcc_4_mean,MusicGen Calm,-4.024230104897965
mfcc_4_mean,MusicGen Calm,-4.031497896136743
mfcc_4_mean,MusicGen Calm,-4.686034857584353
mfcc_4_mean,MusicGen Calm,-3.3124265261226653
mfcc_4_mean,MusicGen Sad,-5.183587082636814
mfcc_4_mean,MusicGen Sad,-5.165796674972764
mfcc_4_mean,MusicGen Sad,-1.897188546029125
mfcc_4_mean,MusicGen Sad,-3.3544616701009495
mfcc_4_mean,MusicGen Sad,-6.1970453933710665
mfcc_4_mean,MusicGen Sad,-3.485207964419577
mfcc_4_mean,MusicGen Sad,-2.604013448275684
mfcc_4_mean,MusicGen Sad,-5.130622782423842
mfcc_4_mean,MusicGen Sad,-4.333889984148075
mfcc_4_mean,MusicGen Sad,-3.91603857096749
mfcc_4_mean,MusicGen Sad,-2.4003153137435937
mfcc_4_mean,MusicGen Sad,-4.829560504685737
mfcc_4_mean,MusicGen Sad,-3.363327002291587
mfcc_4_mean,MusicGen Sad,-2.2728455346261263
mfcc_4_mean,MusicGen Sad,-3.3605740763850918
mfcc_3_mean,EMOPIA Happy,-0.43251954799242454
mfcc_3_mean,EMOPIA Happy,-0.7995226998814071
mfcc_3_mean,EMOPIA Happy,-0.5134476902202156
mfcc_3_mean,EMOPIA Happy,-0.26695303291956707
mfcc_3_mean,EMOPIA Happy,-0.8362661292769832
mfcc_3_mean,EMOPIA Happy,-0.7909574258104508
mfcc_3_mean,EMOPIA Happy,-0.7615642337521848
mfcc_3_mean,EMOPIA Happy,-0.8635358650006744
mfcc_3_mean,EMOPIA Happy,-0.74015125271403
mfcc_3_mean,EMOPIA Happy,-0.6761156322787848
mfcc_3_mean,EMOPIA Happy,0.7125631604837931
mfcc_3_mean,EMOPIA Happy,-1.2205827380634813
mfcc_3_mean,EMOPIA Happy,-0.21090415595999026
mfcc_3_mean,EMOPIA Happy,-0.20274185274122103
mfcc_3_mean,EMOPIA Happy,-0.19828141043104427
mfcc_3_mean,EMOPIA Happy,-1.3059260036910207
mfcc_3_mean,EMOPIA Happy,-0.6008988976003815
mfcc_3_mean,EMOPIA Happy,-0.47405841218472233
mfcc_3_mean,EMOPIA Happy,0.34939782623468796
mfcc_3_mean,EMOPIA Happy,-0.4460941947796018
mfcc_3_mean,EMOPIA Happy,-0.16176233005601215
mfcc_3_mean,EMOPIA Happy,-0.10047197406869628
mfcc_3_mean,EMOPIA Happy,0.3456673858330326
mfcc_3_mean,EMOPIA Happy,-1.0310382324500729
mfcc_3_mean,EMOPIA Happy,-0.9688300664569643
mfcc_3_mean,EMOPIA Happy,-1.5090861880780753
mfcc_3_mean,EMOPIA Happy,-0.6433692491272939
mfcc_3_mean,EMOPIA Happy,-1.2562715841650365
mfcc_3_mean,EMOPIA Happy,0.22513357797941422
mfcc_3_mean,EMOPIA Happy,-0.3592950081197432
mfcc_3_mean,EMOPIA Happy,-0.6343299637499654
mfcc_3_mean,EMOPIA Happy,-0.841544761645704
mfcc_3_mean,EMOPIA Happy,-0.7600356391517911
mfcc_3_mean,EMOPIA Happy,-0.8755772219850262
mfcc_3_mean,EMOPIA Happy,2.341764976506332
mfcc_3_mean,EMOPIA Happy,0.2882354655484471
mfcc_3_mean,EMOPIA Happy,-0.5602566129333151
mfcc_3_mean,EMOPIA Happy,0.24795797769640515
mfcc_3_mean,EMOPIA Happy,0.3179612004224234
mfcc_3_mean,EMOPIA Happy,-1.064560344698985
mfcc_3_mean,EMOPIA Happy,-1.3887212033727652
mfcc_3_mean,EMOPIA Happy,-0.596746705536812
mfcc_3_mean,EMOPIA Happy,-1.0191924408539652
mfcc_3_mean,EMOPIA Happy,-0.8979782369262133
mfcc_3_mean,EMOPIA Happy,-0.737447632670278
mfcc_3_mean,EMOPIA Happy,-0.992310569678985
mfcc_3_mean,EMOPIA Happy,-0.9671646985683409
mfcc_3_mean,EMOPIA Happy,-0.4266754499395302
mfcc_3_mean,EMOPIA Happy,-0.7235388099535007
mfcc_3_mean,EMOPIA Happy,0.5501861168367577
mfcc_3_mean,EMOPIA Happy,0.15269027896353096
mfcc_3_mean,EMOPIA Happy,0.44764432470166243
mfcc_3_mean,EMOPIA Happy,-0.929154381073133
mfcc_3_mean,EMOPIA Happy,0.1559856986529215
mfcc_3_mean,EMOPIA Happy,-0.016427850540102474
mfcc_3_mean,EMOPIA Happy,-0.8567857970176856
mfcc_3_mean,EMOPIA Happy,0.3274926654981429
mfcc_3_mean,EMOPIA Happy,-0.8711310694213809
mfcc_3_mean,EMOPIA Happy,-0.930339205199827
mfcc_3_mean,EMOPIA Happy,-0.3288031386924438
mfcc_3_mean,EMOPIA Happy,-0.5092015941080108
mfcc_3_mean,EMOPIA Happy,-0.9915042196961384
mfcc_3_mean,EMOPIA Happy,-0.32457643580767487
mfcc_3_mean,EMOPIA Happy,-0.3293992252620418
mfcc_3_mean,EMOPIA Happy,-1.2853418279516906
mfcc_3_mean,EMOPIA Happy,-0.4463642709890464
mfcc_3_mean,EMOPIA Happy,-1.2410917905639032
mfcc_3_mean,EMOPIA Happy,-0.8825947123673894
mfcc_3_mean,EMOPIA Happy,-0.8790598373539789
mfcc_3_mean,EMOPIA Happy,-0.5166253215703398
mfcc_3_mean,EMOPIA Happy,-1.2031790516235814
mfcc_3_mean,EMOPIA Happy,-0.2767506955592437
mfcc_3_mean,EMOPIA Happy,0.4243710228043483
mfcc_3_mean,EMOPIA Happy,0.3919682059873206
mfcc_3_mean,EMOPIA Happy,-0.7477599303243233
mfcc_3_mean,EMOPIA Happy,-0.7564505458862842
mfcc_3_mean,EMOPIA Happy,-0.887089858347714
mfcc_3_mean,EMOPIA Happy,-0.8019789031709288
mfcc_3_mean,EMOPIA Happy,-0.7016575335075864
mfcc_3_mean,EMOPIA Happy,0.30855099405298547
mfcc_3_mean,EMOPIA Happy,-0.014448516506259276
mfcc_3_mean,EMOPIA Happy,-0.24688737084009232
mfcc_3_mean,EMOPIA Happy,0.0679963802462285
mfcc_3_mean,EMOPIA Happy,-0.0005027445877363582
mfcc_3_mean,EMOPIA Happy,-0.9665902507577763
mfcc_3_mean,EMOPIA Happy,-0.29104125864764707
mfcc_3_mean,EMOPIA Happy,-1.0476486338182398
mfcc_3_mean,EMOPIA Happy,-1.3878140086072537
mfcc_3_mean,EMOPIA Happy,-0.02866028184950311
mfcc_3_mean,EMOPIA Happy,-0.6867941557225077
mfcc_3_mean,EMOPIA Happy,-1.4926076606564693
mfcc_3_mean,EMOPIA Happy,0.12045322320626853
mfcc_3_mean,EMOPIA Happy,0.05541507498222335
mfcc_3_mean,EMOPIA Happy,-0.3445886134072739
mfcc_3_mean,EMOPIA Happy,-0.13311914555141158
mfcc_3_mean,EMOPIA Happy,-0.721209581268873
mfcc_3_mean,EMOPIA Happy,-0.7756776039835981
mfcc_3_mean,EMOPIA Happy,-1.1371930849260283
mfcc_3_mean,EMOPIA Happy,-0.7108821773113516
mfcc_3_mean,EMOPIA Happy,-0.8039447640151851
mfcc_3_mean,EMOPIA Happy,-0.49986344888893863
mfcc_3_mean,EMOPIA Happy,-0.7534725627091282
mfcc_3_mean,EMOPIA Happy,-0.2964636050386268
mfcc_3_mean,EMOPIA Happy,-0.9822771262215394
mfcc_3_mean,EMOPIA Happy,-0.7653399930642686
mfcc_3_mean,EMOPIA Happy,-0.18570663762259712
mfcc_3_mean,EMOPIA Happy,-0.19314526724916567
mfcc_3_mean,EMOPIA Happy,0.14502893343030743
mfcc_3_mean,EMOPIA Happy,-0.7696542716813521
mfcc_3_mean,EMOPIA Happy,-0.510269446452383
mfcc_3_mean,EMOPIA Happy,-1.7495164810900097
mfcc_3_mean,EMOPIA Happy,-0.4214927630118063
mfcc_3_mean,EMOPIA Happy,-1.3464476420695153
mfcc_3_mean,EMOPIA Happy,-0.6570878140759666
mfcc_3_mean,EMOPIA Happy,-0.5524137876191424
mfcc_3_mean,EMOPIA Happy,0.3626691221169264
mfcc_3_mean,EMOPIA Happy,-0.06871607449107128
mfcc_3_mean,EMOPIA Happy,-0.9626381151456471
mfcc_3_mean,EMOPIA Happy,0.586696010946162
mfcc_3_mean,EMOPIA Happy,-0.5182025013089401
mfcc_3_mean,EMOPIA Happy,-0.0021066665662745204
mfcc_3_mean,EMOPIA Happy,0.24799472275891463
mfcc_3_mean,EMOPIA Happy,-0.916249923398281
mfcc_3_mean,EMOPIA Happy,0.6878122987951257
mfcc_3_mean,EMOPIA Happy,-0.0973390492112924
mfcc_3_mean,EMOPIA Happy,0.1844004513522549
mfcc_3_mean,EMOPIA Happy,-0.3792835055679473
mfcc_3_mean,EMOPIA Happy,0.8527784403744254
mfcc_3_mean,EMOPIA Happy,-0.2168162323785271
mfcc_3_mean,EMOPIA Happy,-0.44372760861475613
mfcc_3_mean,EMOPIA Happy,0.19824925713360006
mfcc_3_mean,EMOPIA Happy,-1.2021167110385855
mfcc_3_mean,EMOPIA Happy,-1.0185567512725515
mfcc_3_mean,EMOPIA Happy,-1.7948856097704473
mfcc_3_mean,EMOPIA Happy,-1.4513780674069607
mfcc_3_mean,EMOPIA Happy,-1.0978085020929664
mfcc_3_mean,EMOPIA Happy,0.056301651684882284
mfcc_3_mean,EMOPIA Happy,-1.0343371225064775
mfcc_3_mean,EMOPIA Happy,-1.1773938164252726
mfcc_3_mean,EMOPIA Happy,0.21774394176952494
mfcc_3_mean,EMOPIA Happy,-0.5324897981695652
mfcc_3_mean,EMOPIA Happy,0.5691984204576269
mfcc_3_mean,EMOPIA Happy,-0.42266329739196934
mfcc_3_mean,EMOPIA Happy,-1.1271098314949586
mfcc_3_mean,EMOPIA Happy,-1.44187701907743
mfcc_3_mean,EMOPIA Happy,-1.9787378969226672
mfcc_3_mean,EMOPIA Happy,-0.05829007128248358
mfcc_3_mean,EMOPIA Happy,-0.4595045094816674
mfcc_3_mean,EMOPIA Happy,0.836493436948703
mfcc_3_mean,EMOPIA Happy,0.46022195545941663
mfcc_3_mean,EMOPIA Happy,-1.5512944248257543
mfcc_3_mean,EMOPIA Happy,-0.4465688185036824
mfcc_3_mean,EMOPIA Happy,-0.7795852372422444
mfcc_3_mean,EMOPIA Happy,-0.1285311162186325
mfcc_3_mean,EMOPIA Happy,-0.2966095645924846
mfcc_3_mean,EMOPIA Happy,-1.0816541477783883
mfcc_3_mean,EMOPIA Happy,-0.2820468839022746
mfcc_3_mean,EMOPIA Happy,-0.6789294875100652
mfcc_3_mean,EMOPIA Happy,0.4466236285208436
mfcc_3_mean,EMOPIA Happy,-0.4779256258746074
mfcc_3_mean,EMOPIA Happy,0.3113781183346165
mfcc_3_mean,EMOPIA Happy,-0.766041415479727
mfcc_3_mean,EMOPIA Happy,-1.356124250142146
mfcc_3_mean,EMOPIA Happy,-1.0163716448886553
mfcc_3_mean,EMOPIA Happy,-0.25097648387968735
mfcc_3_mean,EMOPIA Happy,-0.04273221181597595
mfcc_3_mean,EMOPIA Happy,-1.1712582075431366
mfcc_3_mean,EMOPIA Happy,-0.47856866446852264
mfcc_3_mean,EMOPIA Happy,-0.6722263715513941
mfcc_3_mean,EMOPIA Happy,-0.648131817506993
mfcc_3_mean,EMOPIA Happy,-1.1290838579086615
mfcc_3_mean,EMOPIA Happy,-0.8182341022681716
mfcc_3_mean,EMOPIA Happy,-0.6069009994220665
mfcc_3_mean,EMOPIA Happy,0.04428132104185535
mfcc_3_mean,EMOPIA Happy,-1.6341157543297276
mfcc_3_mean,EMOPIA Happy,-1.1720984446391864
mfcc_3_mean,EMOPIA Happy,-0.4996844187788231
mfcc_3_mean,EMOPIA Happy,-0.40396638889097214
mfcc_3_mean,EMOPIA Happy,-1.0267063978586792
mfcc_3_mean,EMOPIA Happy,-0.005471085317488781
mfcc_3_mean,EMOPIA Happy,0.1567583656618007
mfcc_3_mean,EMOPIA Happy,-0.5453534279971844
mfcc_3_mean,EMOPIA Happy,0.2954534206607227
mfcc_3_mean,EMOPIA Happy,-0.07661360912053658
mfcc_3_mean,EMOPIA Happy,-0.6031362636287356
mfcc_3_mean,EMOPIA Happy,-0.21366085220514483
mfcc_3_mean,EMOPIA Happy,-0.16253213911558545
mfcc_3_mean,EMOPIA Happy,-1.1398411790975438
mfcc_3_mean,EMOPIA Happy,-0.3070737418382353
mfcc_3_mean,EMOPIA Happy,-0.6840337849711022
mfcc_3_mean,EMOPIA Happy,0.48150837017114956
mfcc_3_mean,EMOPIA Happy,0.17438619698300822
mfcc_3_mean,EMOPIA Happy,-0.8826424809486517
mfcc_3_mean,EMOPIA Happy,-1.096070868914741
mfcc_3_mean,EMOPIA Happy,-0.45280690528237305
mfcc_3_mean,EMOPIA Happy,0.5208462051191304
mfcc_3_mean,EMOPIA Happy,0.2784839383761431
mfcc_3_mean,EMOPIA Happy,-0.786496983500274
mfcc_3_mean,EMOPIA Happy,0.23332139860270354
mfcc_3_mean,EMOPIA Happy,-0.8288493425486838
mfcc_3_mean,EMOPIA Happy,0.21737812425831962
mfcc_3_mean,EMOPIA Happy,-1.4652672927570671
mfcc_3_mean,EMOPIA Happy,-1.0801418843168877
mfcc_3_mean,EMOPIA Happy,-0.0015710052105813617
mfcc_3_mean,EMOPIA Happy,-0.7710644655247709
mfcc_3_mean,EMOPIA Happy,0.3152557431255459
mfcc_3_mean,EMOPIA Happy,-0.4064156514464638
mfcc_3_mean,EMOPIA Happy,0.11754525978711705
mfcc_3_mean,EMOPIA Happy,-0.8371100408792839
mfcc_3_mean,EMOPIA Happy,-0.6389986280810291
mfcc_3_mean,EMOPIA Happy,-1.1418756307251512
mfcc_3_mean,EMOPIA Happy,-0.3402604533221313
mfcc_3_mean,EMOPIA Happy,0.07387559024774296
mfcc_3_mean,EMOPIA Happy,0.029765184097491067
mfcc_3_mean,EMOPIA Happy,-0.04523108020585538
mfcc_3_mean,EMOPIA Happy,-0.8519452474497721
mfcc_3_mean,EMOPIA Happy,-0.9362135158596736
mfcc_3_mean,EMOPIA Happy,-0.7637379083388558
mfcc_3_mean,EMOPIA Happy,-1.0058392851380256
mfcc_3_mean,EMOPIA Happy,0.30986054725297557
mfcc_3_mean,EMOPIA Happy,-0.9008272041061138
mfcc_3_mean,EMOPIA Happy,-1.8558297456132289
mfcc_3_mean,EMOPIA Happy,1.5275223073371254
mfcc_3_mean,EMOPIA Happy,0.07064079991149265
mfcc_3_mean,EMOPIA Happy,-1.2110931215311764
mfcc_3_mean,EMOPIA Happy,-0.66900137989848
mfcc_3_mean,EMOPIA Happy,-0.5204613019570914
mfcc_3_mean,EMOPIA Happy,-0.9919716985469533
mfcc_3_mean,EMOPIA Happy,-0.987158911915158
mfcc_3_mean,EMOPIA Happy,-1.0836645109761285
mfcc_3_mean,EMOPIA Happy,0.28399753500568875
mfcc_3_mean,EMOPIA Happy,-0.24942482154560744
mfcc_3_mean,EMOPIA Happy,-1.1012878512341404
mfcc_3_mean,EMOPIA Happy,-0.8940289592633904
mfcc_3_mean,EMOPIA Happy,-0.6802388365708191
mfcc_3_mean,EMOPIA Happy,-1.303928705404395
mfcc_3_mean,EMOPIA Happy,-1.0825058166716632
mfcc_3_mean,EMOPIA Happy,-0.5124149498244636
mfcc_3_mean,EMOPIA Happy,-0.426616045421807
mfcc_3_mean,EMOPIA Happy,-1.3056206113937208
mfcc_3_mean,EMOPIA Happy,-1.4598355559612226
mfcc_3_mean,EMOPIA Happy,-0.3282092976544436
mfcc_3_mean,EMOPIA Happy,-1.2191749938908965
mfcc_3_mean,EMOPIA Happy,-0.3357834757338252
mfcc_3_mean,EMOPIA Happy,-1.4073591156345107
mfcc_3_mean,EMOPIA Happy,-1.233646424342541
mfcc_3_mean,EMOPIA Angry,-0.45034927301819794
mfcc_3_mean,EMOPIA Angry,-1.5287072349011859
mfcc_3_mean,EMOPIA Angry,-0.4027811564858057
mfcc_3_mean,EMOPIA Angry,-0.7592366381814464
mfcc_3_mean,EMOPIA Angry,-1.2181118367489567
mfcc_3_mean,EMOPIA Angry,0.624155152503728
mfcc_3_mean,EMOPIA Angry,-0.5428218973295185
mfcc_3_mean,EMOPIA Angry,-0.46526429803002606
mfcc_3_mean,EMOPIA Angry,-0.19441970850053564
mfcc_3_mean,EMOPIA Angry,-0.4811516382237019
mfcc_3_mean,EMOPIA Angry,-0.42717865315667375
mfcc_3_mean,EMOPIA Angry,-0.5794659109170828
mfcc_3_mean,EMOPIA Angry,-0.31303399511650676
mfcc_3_mean,EMOPIA Angry,-1.121917754162372
mfcc_3_mean,EMOPIA Angry,-0.8097325196388983
mfcc_3_mean,EMOPIA Angry,-0.22416361176653046
mfcc_3_mean,EMOPIA Angry,-0.4265221413731713
mfcc_3_mean,EMOPIA Angry,-0.8834280087294096
mfcc_3_mean,EMOPIA Angry,0.38268721975437425
mfcc_3_mean,EMOPIA Angry,-1.0208088153259094
mfcc_3_mean,EMOPIA Angry,0.3573633392297954
mfcc_3_mean,EMOPIA Angry,-0.8825518431277951
mfcc_3_mean,EMOPIA Angry,-0.9269668250184028
mfcc_3_mean,EMOPIA Angry,-0.4225081515724845
mfcc_3_mean,EMOPIA Angry,-1.995732488333295
mfcc_3_mean,EMOPIA Angry,-1.2983699940036577
mfcc_3_mean,EMOPIA Angry,-0.31821668204423065
mfcc_3_mean,EMOPIA Angry,-0.6736051279524436
mfcc_3_mean,EMOPIA Angry,-0.40169186952163627
mfcc_3_mean,EMOPIA Angry,-0.5749136059506323
mfcc_3_mean,EMOPIA Angry,0.005731871823939093
mfcc_3_mean,EMOPIA Angry,-1.9764425553512426
mfcc_3_mean,EMOPIA Angry,-0.9940473863002658
mfcc_3_mean,EMOPIA Angry,-1.1640414772662777
mfcc_3_mean,EMOPIA Angry,0.9468488624871995
mfcc_3_mean,EMOPIA Angry,0.7828725920640572
mfcc_3_mean,EMOPIA Angry,-0.5642848924805333
mfcc_3_mean,EMOPIA Angry,0.07628831187996131
mfcc_3_mean,EMOPIA Angry,-0.7750635531612177
mfcc_3_mean,EMOPIA Angry,-0.8606187153158952
mfcc_3_mean,EMOPIA Angry,-0.5831694049395645
mfcc_3_mean,EMOPIA Angry,-0.9762190902491455
mfcc_3_mean,EMOPIA Angry,-0.3415908287242101
mfcc_3_mean,EMOPIA Angry,0.2900986443569132
mfcc_3_mean,EMOPIA Angry,0.44369463876036724
mfcc_3_mean,EMOPIA Angry,0.3449622889113232
mfcc_3_mean,EMOPIA Angry,0.02445980948883276
mfcc_3_mean,EMOPIA Angry,-0.8235433555223169
mfcc_3_mean,EMOPIA Angry,-2.0119562499881685
mfcc_3_mean,EMOPIA Angry,-1.8847570919345693
mfcc_3_mean,EMOPIA Angry,-1.1087899681631561
mfcc_3_mean,EMOPIA Angry,-0.5016760011668361
mfcc_3_mean,EMOPIA Angry,-1.0724380778225429
mfcc_3_mean,EMOPIA Angry,-1.9291667662050376
mfcc_3_mean,EMOPIA Angry,-1.272234455876092
mfcc_3_mean,EMOPIA Angry,-0.5205468362970443
mfcc_3_mean,EMOPIA Angry,-0.6988387789346382
mfcc_3_mean,EMOPIA Angry,-0.10485321035524152
mfcc_3_mean,EMOPIA Angry,-1.3112944573236545
mfcc_3_mean,EMOPIA Angry,-0.27426652519436767
mfcc_3_mean,EMOPIA Angry,-0.3751415204661859
mfcc_3_mean,EMOPIA Angry,-0.45972742952755813
mfcc_3_mean,EMOPIA Angry,-0.4959547949341124
mfcc_3_mean,EMOPIA Angry,-1.220546401279444
mfcc_3_mean,EMOPIA Angry,-1.3650222711680484
mfcc_3_mean,EMOPIA Angry,-0.5011323783809322
mfcc_3_mean,EMOPIA Angry,-1.3030092622847138
mfcc_3_mean,EMOPIA Angry,-0.4786625685171583
mfcc_3_mean,EMOPIA Angry,-1.2530135219558631
mfcc_3_mean,EMOPIA Angry,-0.4244981008466082
mfcc_3_mean,EMOPIA Angry,-0.05688130641371753
mfcc_3_mean,EMOPIA Angry,0.27402410848367487
mfcc_3_mean,EMOPIA Angry,-0.8582707058215403
mfcc_3_mean,EMOPIA Angry,-1.839640687628503
mfcc_3_mean,EMOPIA Angry,-0.8533844290647261
mfcc_3_mean,EMOPIA Angry,-1.3161778761311616
mfcc_3_mean,EMOPIA Angry,-0.46862361330033586
mfcc_3_mean,EMOPIA Angry,-0.7266405015077719
mfcc_3_mean,EMOPIA Angry,-1.049217647987394
mfcc_3_mean,EMOPIA Angry,1.037409518712611
mfcc_3_mean,EMOPIA Angry,-0.31898465385067887
mfcc_3_mean,EMOPIA Angry,-0.9513651382462155
mfcc_3_mean,EMOPIA Angry,-0.25087788462862104
mfcc_3_mean,EMOPIA Angry,-0.616238328084194
mfcc_3_mean,EMOPIA Angry,-1.550103476521976
mfcc_3_mean,EMOPIA Angry,-0.13921208933318904
mfcc_3_mean,EMOPIA Angry,-2.023651795106459
mfcc_3_mean,EMOPIA Angry,-1.910639497409292
mfcc_3_mean,EMOPIA Angry,-0.5421310901543405
mfcc_3_mean,EMOPIA Angry,-0.7987616688089889
mfcc_3_mean,EMOPIA Angry,-0.5999929276702871
mfcc_3_mean,EMOPIA Angry,-0.7808161968363106
mfcc_3_mean,EMOPIA Angry,-0.3364375378464937
mfcc_3_mean,EMOPIA Angry,-0.46140769958042155
mfcc_3_mean,EMOPIA Angry,-0.7982333564657973
mfcc_3_mean,EMOPIA Angry,-0.5329095084391182
mfcc_3_mean,EMOPIA Angry,-1.5297646761445138
mfcc_3_mean,EMOPIA Angry,-0.44616952215774625
mfcc_3_mean,EMOPIA Angry,-0.7196328098087446
mfcc_3_mean,EMOPIA Angry,-0.8886764284911782
mfcc_3_mean,EMOPIA Angry,-1.5498919882733098
mfcc_3_mean,EMOPIA Angry,-0.2963854197111765
mfcc_3_mean,EMOPIA Angry,-1.2185560437268488
mfcc_3_mean,EMOPIA Angry,-1.1073928392308519
mfcc_3_mean,EMOPIA Angry,-1.273552378784765
mfcc_3_mean,EMOPIA Angry,-0.6173027100615516
mfcc_3_mean,EMOPIA Angry,-1.420230502753104
mfcc_3_mean,EMOPIA Angry,-0.262032052492605
mfcc_3_mean,EMOPIA Angry,0.3327367983359517
mfcc_3_mean,EMOPIA Angry,0.9286782249370327
mfcc_3_mean,EMOPIA Angry,-0.6519949484121548
mfcc_3_mean,EMOPIA Angry,-0.5711362135246593
mfcc_3_mean,EMOPIA Angry,-0.6118097314948587
mfcc_3_mean,EMOPIA Angry,-0.8028342465704547
mfcc_3_mean,EMOPIA Angry,0.30037991284706117
mfcc_3_mean,EMOPIA Angry,-0.7782918110419104
mfcc_3_mean,EMOPIA Angry,0.31458065467155216
mfcc_3_mean,EMOPIA Angry,-0.9866142684330732
mfcc_3_mean,EMOPIA Angry,-0.5905784343768897
mfcc_3_mean,EMOPIA Angry,-0.4818030465263006
mfcc_3_mean,EMOPIA Angry,-0.3429336566196949
mfcc_3_mean,EMOPIA Angry,-1.439775609780361
mfcc_3_mean,EMOPIA Angry,-0.2743410360155674
mfcc_3_mean,EMOPIA Angry,0.31716179117360593
mfcc_3_mean,EMOPIA Angry,-0.20209064857785847
mfcc_3_mean,EMOPIA Angry,-0.47548616200245086
mfcc_3_mean,EMOPIA Angry,-2.254253600454056
mfcc_3_mean,EMOPIA Angry,-1.6038623195302677
mfcc_3_mean,EMOPIA Angry,-0.9753547647232285
mfcc_3_mean,EMOPIA Angry,-0.31592419842211233
mfcc_3_mean,EMOPIA Angry,-1.0856818149078982
mfcc_3_mean,EMOPIA Angry,-1.3303210506910548
mfcc_3_mean,EMOPIA Angry,1.433024519733443
mfcc_3_mean,EMOPIA Angry,-0.5679042811377156
mfcc_3_mean,EMOPIA Angry,-0.41728137056974923
mfcc_3_mean,EMOPIA Angry,-0.4828229261501741
mfcc_3_mean,EMOPIA Angry,0.2169761741023129
mfcc_3_mean,EMOPIA Angry,-0.5232373914296818
mfcc_3_mean,EMOPIA Angry,-0.8283283792179941
mfcc_3_mean,EMOPIA Angry,-0.8623771706962092
mfcc_3_mean,EMOPIA Angry,0.629139620233137
mfcc_3_mean,EMOPIA Angry,-0.07321775292695387
mfcc_3_mean,EMOPIA Angry,-0.4278255703960769
mfcc_3_mean,EMOPIA Angry,1.1956681553396622
mfcc_3_mean,EMOPIA Angry,0.6700097242877617
mfcc_3_mean,EMOPIA Angry,-0.047497434005744354
mfcc_3_mean,EMOPIA Angry,-1.3809479895381238
mfcc_3_mean,EMOPIA Angry,-1.4710558649377241
mfcc_3_mean,EMOPIA Angry,-1.7672210687640149
mfcc_3_mean,EMOPIA Angry,-1.0675301623066946
mfcc_3_mean,EMOPIA Angry,-1.4705455168473156
mfcc_3_mean,EMOPIA Angry,-1.0956434013542133
mfcc_3_mean,EMOPIA Angry,-0.9242591221899276
mfcc_3_mean,EMOPIA Angry,-0.6477312963256397
mfcc_3_mean,EMOPIA Angry,-0.8243141852780711
mfcc_3_mean,EMOPIA Angry,-0.71213967500612
mfcc_3_mean,EMOPIA Angry,-1.0590204141079747
mfcc_3_mean,EMOPIA Angry,-1.1365667857494781
mfcc_3_mean,EMOPIA Angry,-0.7977499547545617
mfcc_3_mean,EMOPIA Angry,-0.9433902348462445
mfcc_3_mean,EMOPIA Angry,-1.685531487185333
mfcc_3_mean,EMOPIA Angry,-1.2398016305913493
mfcc_3_mean,EMOPIA Angry,-0.885994855484932
mfcc_3_mean,EMOPIA Angry,-1.1848232597862143
mfcc_3_mean,EMOPIA Angry,-0.5068074491462825
mfcc_3_mean,EMOPIA Angry,-1.5043611813178313
mfcc_3_mean,EMOPIA Angry,-1.360675738551652
mfcc_3_mean,EMOPIA Angry,-0.18389102325615644
mfcc_3_mean,EMOPIA Angry,-1.9974480744740146
mfcc_3_mean,EMOPIA Angry,-1.908020799287784
mfcc_3_mean,EMOPIA Angry,-1.8856548962952173
mfcc_3_mean,EMOPIA Angry,-0.3302308885101727
mfcc_3_mean,EMOPIA Angry,-1.2826970000079538
mfcc_3_mean,EMOPIA Angry,-0.06710153727225299
mfcc_3_mean,EMOPIA Angry,-1.8014739994783937
mfcc_3_mean,EMOPIA Angry,-1.3300225991277834
mfcc_3_mean,EMOPIA Angry,-0.878941436597004
mfcc_3_mean,EMOPIA Angry,-1.6265989393757079
mfcc_3_mean,EMOPIA Angry,-1.7070514371832377
mfcc_3_mean,EMOPIA Angry,1.1973673082718705
mfcc_3_mean,EMOPIA Angry,-0.35658546803814245
mfcc_3_mean,EMOPIA Angry,-0.47588260039908076
mfcc_3_mean,EMOPIA Angry,0.7021673698821569
mfcc_3_mean,EMOPIA Angry,-1.289235579742277
mfcc_3_mean,EMOPIA Angry,-0.7668751201202195
mfcc_3_mean,EMOPIA Angry,-0.9870739899929138
mfcc_3_mean,EMOPIA Angry,-1.0229963713806396
mfcc_3_mean,EMOPIA Angry,-0.22078224945871538
mfcc_3_mean,EMOPIA Angry,-1.0670818725440792
mfcc_3_mean,EMOPIA Angry,-0.6958599792005374
mfcc_3_mean,EMOPIA Angry,-1.0085192250303825
mfcc_3_mean,EMOPIA Angry,-1.5313365482629744
mfcc_3_mean,EMOPIA Angry,-0.9515921410768295
mfcc_3_mean,EMOPIA Angry,-1.1363516229945623
mfcc_3_mean,EMOPIA Angry,-0.9096194810076842
mfcc_3_mean,EMOPIA Angry,-1.371933200869135
mfcc_3_mean,EMOPIA Angry,-0.5162049988830787
mfcc_3_mean,EMOPIA Angry,-1.7216237124175469
mfcc_3_mean,EMOPIA Angry,-1.0098555204703101
mfcc_3_mean,EMOPIA Angry,-0.6749475475694561
mfcc_3_mean,EMOPIA Angry,-0.7860070493334812
mfcc_3_mean,EMOPIA Angry,-1.3167102712590766
mfcc_3_mean,EMOPIA Angry,0.7141795349557373
mfcc_3_mean,EMOPIA Angry,-0.5257480998952592
mfcc_3_mean,EMOPIA Angry,-1.6132400677611556
mfcc_3_mean,EMOPIA Angry,-0.9155513589321289
mfcc_3_mean,EMOPIA Angry,-1.697650417079427
mfcc_3_mean,EMOPIA Angry,-0.9181921040911425
mfcc_3_mean,EMOPIA Angry,2.9248514428179795
mfcc_3_mean,EMOPIA Angry,1.0271443772221194
mfcc_3_mean,EMOPIA Angry,-1.349645687343255
mfcc_3_mean,EMOPIA Angry,-1.2140882524041694
mfcc_3_mean,EMOPIA Angry,-0.3825842328774781
mfcc_3_mean,EMOPIA Angry,-0.3717172889187764
mfcc_3_mean,EMOPIA Angry,-0.5563646983958542
mfcc_3_mean,EMOPIA Angry,-1.4363040179301612
mfcc_3_mean,EMOPIA Angry,-2.2790316126611323
mfcc_3_mean,EMOPIA Angry,-1.65186198640791
mfcc_3_mean,EMOPIA Angry,-1.5136160377285477
mfcc_3_mean,EMOPIA Angry,-2.042602448678007
mfcc_3_mean,EMOPIA Angry,-1.2979592658604964
mfcc_3_mean,EMOPIA Angry,-1.4103954826332095
mfcc_3_mean,EMOPIA Angry,-0.36533548811782696
mfcc_3_mean,EMOPIA Angry,-0.8349567802162292
mfcc_3_mean,EMOPIA Angry,-1.7194533040586546
mfcc_3_mean,EMOPIA Angry,-0.9357166409588512
mfcc_3_mean,EMOPIA Angry,-1.1499223911362517
mfcc_3_mean,EMOPIA Angry,-0.8247294044844281
mfcc_3_mean,EMOPIA Angry,-0.9718170317605116
mfcc_3_mean,EMOPIA Angry,-0.48139435977550055
mfcc_3_mean,EMOPIA Angry,0.2154610526915056
mfcc_3_mean,EMOPIA Angry,-0.4068341368805998
mfcc_3_mean,EMOPIA Angry,-0.05630889999551453
mfcc_3_mean,EMOPIA Angry,0.21842556267907515
mfcc_3_mean,EMOPIA Angry,-0.49788227760196996
mfcc_3_mean,EMOPIA Angry,-0.9327966333247656
mfcc_3_mean,EMOPIA Angry,-1.178741135383953
mfcc_3_mean,EMOPIA Angry,-1.454440155949417
mfcc_3_mean,EMOPIA Angry,-1.3829812163303143
mfcc_3_mean,EMOPIA Angry,-0.43307991019569425
mfcc_3_mean,EMOPIA Angry,-1.0426112940266645
mfcc_3_mean,EMOPIA Angry,-1.2961244624058563
mfcc_3_mean,EMOPIA Angry,-0.8838056663163125
mfcc_3_mean,EMOPIA Angry,-1.4026777946708047
mfcc_3_mean,EMOPIA Angry,-0.7741318616873666
mfcc_3_mean,EMOPIA Angry,0.6831056645661355
mfcc_3_mean,EMOPIA Angry,0.22361151583457808
mfcc_3_mean,EMOPIA Angry,-0.25178426283718747
mfcc_3_mean,EMOPIA Angry,0.21667690598209693
mfcc_3_mean,EMOPIA Angry,-1.0736037128610376
mfcc_3_mean,EMOPIA Angry,0.10744751247027905
mfcc_3_mean,EMOPIA Angry,-0.8896109779143356
mfcc_3_mean,EMOPIA Angry,-1.1663421264578433
mfcc_3_mean,EMOPIA Angry,-0.677910424443136
mfcc_3_mean,EMOPIA Angry,-1.3631250011071432
mfcc_3_mean,EMOPIA Angry,-0.3281445855165797
mfcc_3_mean,EMOPIA Angry,-0.43683790939423095
mfcc_3_mean,EMOPIA Angry,-1.3694574002129418
mfcc_3_mean,EMOPIA Angry,-0.27239068975325986
mfcc_3_mean,EMOPIA Angry,-0.789113231950948
mfcc_3_mean,EMOPIA Angry,0.4398686611961872
mfcc_3_mean,EMOPIA Angry,-1.1052428447955758
mfcc_3_mean,EMOPIA Angry,0.5684206499678437
mfcc_3_mean,EMOPIA Calm,-0.5851671115046625
mfcc_3_mean,EMOPIA Calm,-0.491153235960306
mfcc_3_mean,EMOPIA Calm,0.20313145110569103
mfcc_3_mean,EMOPIA Calm,0.030053020420481497
mfcc_3_mean,EMOPIA Calm,0.423481996430855
mfcc_3_mean,EMOPIA Calm,0.11577231052103497
mfcc_3_mean,EMOPIA Calm,0.7401607438207632
mfcc_3_mean,EMOPIA Calm,0.3292556119416522
mfcc_3_mean,EMOPIA Calm,1.5314895492527305
mfcc_3_mean,EMOPIA Calm,1.8097344923020093
mfcc_3_mean,EMOPIA Calm,-1.5310556526740131
mfcc_3_mean,EMOPIA Calm,-0.2204480735291154
mfcc_3_mean,EMOPIA Calm,-0.21870533686998594
mfcc_3_mean,EMOPIA Calm,0.7800989522623011
mfcc_3_mean,EMOPIA Calm,1.2193573909306603
mfcc_3_mean,EMOPIA Calm,1.5751618726021748
mfcc_3_mean,EMOPIA Calm,1.0944956271311352
mfcc_3_mean,EMOPIA Calm,0.07093618938622151
mfcc_3_mean,EMOPIA Calm,-0.23296609562990944
mfcc_3_mean,EMOPIA Calm,0.38356195638133567
mfcc_3_mean,EMOPIA Calm,-0.2985135712481834
mfcc_3_mean,EMOPIA Calm,0.21206519649792288
mfcc_3_mean,EMOPIA Calm,1.5056024485755761
mfcc_3_mean,EMOPIA Calm,-0.0083141324595402
mfcc_3_mean,EMOPIA Calm,1.417117378033859
mfcc_3_mean,EMOPIA Calm,-0.372845770616289
mfcc_3_mean,EMOPIA Calm,3.320812262084224
mfcc_3_mean,EMOPIA Calm,2.331028732693584
mfcc_3_mean,EMOPIA Calm,0.5030297491437076
mfcc_3_mean,EMOPIA Calm,1.296003916819154
mfcc_3_mean,EMOPIA Calm,0.7032989136682123
mfcc_3_mean,EMOPIA Calm,0.05693366676004471
mfcc_3_mean,EMOPIA Calm,0.9822762062272282
mfcc_3_mean,EMOPIA Calm,1.30870913459951
mfcc_3_mean,EMOPIA Calm,0.7411491860022679
mfcc_3_mean,EMOPIA Calm,-0.6856125978235923
mfcc_3_mean,EMOPIA Calm,-0.763613383404796
mfcc_3_mean,EMOPIA Calm,-0.6743073669248467
mfcc_3_mean,EMOPIA Calm,0.759344728539247
mfcc_3_mean,EMOPIA Calm,1.0537614798077952
mfcc_3_mean,EMOPIA Calm,1.116781507543126
mfcc_3_mean,EMOPIA Calm,0.7397467494498232
mfcc_3_mean,EMOPIA Calm,-0.08464628392434187
mfcc_3_mean,EMOPIA Calm,0.9576982504715915
mfcc_3_mean,EMOPIA Calm,-0.012365888018917625
mfcc_3_mean,EMOPIA Calm,-0.6705561043211027
mfcc_3_mean,EMOPIA Calm,0.20615822356029054
mfcc_3_mean,EMOPIA Calm,1.5594305968545463
mfcc_3_mean,EMOPIA Calm,1.6788105076757491
mfcc_3_mean,EMOPIA Calm,1.9555727874527709
mfcc_3_mean,EMOPIA Calm,0.38958243073427545
mfcc_3_mean,EMOPIA Calm,1.7089308436932302
mfcc_3_mean,EMOPIA Calm,0.07946063560994515
mfcc_3_mean,EMOPIA Calm,1.5516144117106923
mfcc_3_mean,EMOPIA Calm,-0.2375784175317916
mfcc_3_mean,EMOPIA Calm,-0.4678362482664525
mfcc_3_mean,EMOPIA Calm,-0.22036519299923293
mfcc_3_mean,EMOPIA Calm,-0.23791769694229606
mfcc_3_mean,EMOPIA Calm,1.6345282162886479
mfcc_3_mean,EMOPIA Calm,1.4916854602893523
mfcc_3_mean,EMOPIA Calm,-0.5449618889422229
mfcc_3_mean,EMOPIA Calm,0.2225920444891762
mfcc_3_mean,EMOPIA Calm,0.5210887225316925
mfcc_3_mean,EMOPIA Calm,0.46897034242521146
mfcc_3_mean,EMOPIA Calm,0.08200768085955959
mfcc_3_mean,EMOPIA Calm,0.8349662713229621
mfcc_3_mean,EMOPIA Calm,1.277732128277468
mfcc_3_mean,EMOPIA Calm,0.10776596967869517
mfcc_3_mean,EMOPIA Calm,0.12711591959617924
mfcc_3_mean,EMOPIA Calm,0.513309792798439
mfcc_3_mean,EMOPIA Calm,0.2485769278604531
mfcc_3_mean,EMOPIA Calm,0.6309093032714397
mfcc_3_mean,EMOPIA Calm,0.25510795444303824
mfcc_3_mean,EMOPIA Calm,-0.8028538439371263
mfcc_3_mean,EMOPIA Calm,0.016615146921534617
mfcc_3_mean,EMOPIA Calm,0.5166962585871582
mfcc_3_mean,EMOPIA Calm,0.9228502538837954
mfcc_3_mean,EMOPIA Calm,-1.0461792395963336
mfcc_3_mean,EMOPIA Calm,0.8988175540279518
mfcc_3_mean,EMOPIA Calm,0.07411402487558177
mfcc_3_mean,EMOPIA Calm,1.155676156209395
mfcc_3_mean,EMOPIA Calm,0.9527472615769134
mfcc_3_mean,EMOPIA Calm,1.1003727957402882
mfcc_3_mean,EMOPIA Calm,1.064892579938093
mfcc_3_mean,EMOPIA Calm,-0.10090434097089097
mfcc_3_mean,EMOPIA Calm,0.16464467263327703
mfcc_3_mean,EMOPIA Calm,0.27199680172933316
mfcc_3_mean,EMOPIA Calm,1.5439087679632213
mfcc_3_mean,EMOPIA Calm,0.6626807174310131
mfcc_3_mean,EMOPIA Calm,0.2318797673169155
mfcc_3_mean,EMOPIA Calm,0.1272065574170363
mfcc_3_mean,EMOPIA Calm,0.9343947359673247
mfcc_3_mean,EMOPIA Calm,-0.24749693059927788
mfcc_3_mean,EMOPIA Calm,-0.43326710587525596
mfcc_3_mean,EMOPIA Calm,0.654356531797966
mfcc_3_mean,EMOPIA Calm,0.2543195687129737
mfcc_3_mean,EMOPIA Calm,-0.12946076630012196
mfcc_3_mean,EMOPIA Calm,-1.2567602934964115
mfcc_3_mean,EMOPIA Calm,-1.238598842211872
mfcc_3_mean,EMOPIA Calm,1.4318364293789703
mfcc_3_mean,EMOPIA Calm,0.5697624571671469
mfcc_3_mean,EMOPIA Calm,0.9075128647923442
mfcc_3_mean,EMOPIA Calm,0.8047675458387945
mfcc_3_mean,EMOPIA Calm,1.0026987036915167
mfcc_3_mean,EMOPIA Calm,-0.42476960603070635
mfcc_3_mean,EMOPIA Calm,1.3884450016184875
mfcc_3_mean,EMOPIA Calm,0.5317935799368806
mfcc_3_mean,EMOPIA Calm,-0.10688215022347287
mfcc_3_mean,EMOPIA Calm,-0.6463794863037637
mfcc_3_mean,EMOPIA Calm,0.41006392443781525
mfcc_3_mean,EMOPIA Calm,0.7161311060534622
mfcc_3_mean,EMOPIA Calm,0.1957118064280853
mfcc_3_mean,EMOPIA Calm,-0.5935323291241784
mfcc_3_mean,EMOPIA Calm,0.5893622735096964
mfcc_3_mean,EMOPIA Calm,0.20360770794366131
mfcc_3_mean,EMOPIA Calm,-0.1784750051814978
mfcc_3_mean,EMOPIA Calm,0.7841502995432058
mfcc_3_mean,EMOPIA Calm,-0.20511803345016646
mfcc_3_mean,EMOPIA Calm,1.9893359881395931
mfcc_3_mean,EMOPIA Calm,1.0605217547525922
mfcc_3_mean,EMOPIA Calm,0.6086283222011172
mfcc_3_mean,EMOPIA Calm,0.5068110202151673
mfcc_3_mean,EMOPIA Calm,0.12067369358132532
mfcc_3_mean,EMOPIA Calm,-0.8771001006868073
mfcc_3_mean,EMOPIA Calm,1.3304707854530324
mfcc_3_mean,EMOPIA Calm,1.1778547614527821
mfcc_3_mean,EMOPIA Calm,0.9175963223626503
mfcc_3_mean,EMOPIA Calm,0.18771669324373413
mfcc_3_mean,EMOPIA Calm,-0.44075125855148906
mfcc_3_mean,EMOPIA Calm,-0.36059659988952253
mfcc_3_mean,EMOPIA Calm,0.32720809540293033
mfcc_3_mean,EMOPIA Calm,0.00779388224842859
mfcc_3_mean,EMOPIA Calm,0.37337500021829456
mfcc_3_mean,EMOPIA Calm,0.33664014467063735
mfcc_3_mean,EMOPIA Calm,0.1838931653503881
mfcc_3_mean,EMOPIA Calm,0.9452028878260116
mfcc_3_mean,EMOPIA Calm,0.09567255718912125
mfcc_3_mean,EMOPIA Calm,0.6976595672691901
mfcc_3_mean,EMOPIA Calm,-0.32462726647747964
mfcc_3_mean,EMOPIA Calm,-0.3020112929206118
mfcc_3_mean,EMOPIA Calm,-0.579836627769956
mfcc_3_mean,EMOPIA Calm,0.6952631767758645
mfcc_3_mean,EMOPIA Calm,-0.9786908081206155
mfcc_3_mean,EMOPIA Calm,-0.10291143794085282
mfcc_3_mean,EMOPIA Calm,0.05301745965348074
mfcc_3_mean,EMOPIA Calm,-0.5212323358520816
mfcc_3_mean,EMOPIA Calm,-0.18076075220882232
mfcc_3_mean,EMOPIA Calm,-0.5408178624480994
mfcc_3_mean,EMOPIA Calm,0.8806316060350728
mfcc_3_mean,EMOPIA Calm,0.9729484721092004
mfcc_3_mean,EMOPIA Calm,0.07698075216902857
mfcc_3_mean,EMOPIA Calm,0.27047249405289886
mfcc_3_mean,EMOPIA Calm,1.0989985304024341
mfcc_3_mean,EMOPIA Calm,1.680116998787197
mfcc_3_mean,EMOPIA Calm,1.1369371950257487
mfcc_3_mean,EMOPIA Calm,1.4793960741330616
mfcc_3_mean,EMOPIA Calm,1.2012501386133223
mfcc_3_mean,EMOPIA Calm,1.3963958165885908
mfcc_3_mean,EMOPIA Calm,0.048994896004875096
mfcc_3_mean,EMOPIA Calm,0.6395895077323566
mfcc_3_mean,EMOPIA Calm,0.4889308727980615
mfcc_3_mean,EMOPIA Calm,0.9856104123714898
mfcc_3_mean,EMOPIA Calm,-0.766383144561065
mfcc_3_mean,EMOPIA Calm,-0.5386488830638602
mfcc_3_mean,EMOPIA Calm,-0.5352248556556864
mfcc_3_mean,EMOPIA Calm,-0.38648308814896853
mfcc_3_mean,EMOPIA Calm,2.8136103783414406
mfcc_3_mean,EMOPIA Calm,2.276739638019356
mfcc_3_mean,EMOPIA Calm,-0.9764889623193539
mfcc_3_mean,EMOPIA Calm,-1.1404629872108984
mfcc_3_mean,EMOPIA Calm,-0.352209947650209
mfcc_3_mean,EMOPIA Calm,0.5751300942428351
mfcc_3_mean,EMOPIA Calm,1.303947484846374
mfcc_3_mean,EMOPIA Calm,-0.4565708245187589
mfcc_3_mean,EMOPIA Calm,0.9135447709425099
mfcc_3_mean,EMOPIA Calm,0.2430567987753506
mfcc_3_mean,EMOPIA Calm,-0.007059288574842338
mfcc_3_mean,EMOPIA Calm,1.0970541041779749
mfcc_3_mean,EMOPIA Calm,0.6709808146341928
mfcc_3_mean,EMOPIA Calm,0.9173854465316928
mfcc_3_mean,EMOPIA Calm,-0.8496707280804362
mfcc_3_mean,EMOPIA Calm,-0.6311939768040195
mfcc_3_mean,EMOPIA Calm,-1.1068236990404274
mfcc_3_mean,EMOPIA Calm,1.6387056195478837
mfcc_3_mean,EMOPIA Calm,2.1145513721309626
mfcc_3_mean,EMOPIA Calm,1.524235869774126
mfcc_3_mean,EMOPIA Calm,1.761055245907178
mfcc_3_mean,EMOPIA Calm,-0.5072575761620239
mfcc_3_mean,EMOPIA Calm,0.20363159223429209
mfcc_3_mean,EMOPIA Calm,2.846853439829997
mfcc_3_mean,EMOPIA Calm,0.06798106980351584
mfcc_3_mean,EMOPIA Calm,0.04562108684879769
mfcc_3_mean,EMOPIA Calm,1.6522189224945938
mfcc_3_mean,EMOPIA Calm,0.5450375211614726
mfcc_3_mean,EMOPIA Calm,1.0348859494751552
mfcc_3_mean,EMOPIA Calm,0.6066583785721376
mfcc_3_mean,EMOPIA Calm,0.9406079177592029
mfcc_3_mean,EMOPIA Calm,-0.37411837461453346
mfcc_3_mean,EMOPIA Calm,0.4687147601015341
mfcc_3_mean,EMOPIA Calm,0.7657661323520114
mfcc_3_mean,EMOPIA Calm,-1.1794646048369173
mfcc_3_mean,EMOPIA Calm,-0.8667694305015073
mfcc_3_mean,EMOPIA Calm,0.798709918144873
mfcc_3_mean,EMOPIA Calm,0.17141270486904822
mfcc_3_mean,EMOPIA Calm,1.7670850085953633
mfcc_3_mean,EMOPIA Calm,0.2729881018601441
mfcc_3_mean,EMOPIA Calm,0.4038954491386568
mfcc_3_mean,EMOPIA Calm,-0.34149018808078097
mfcc_3_mean,EMOPIA Calm,0.5429101861814107
mfcc_3_mean,EMOPIA Calm,1.3513533106860156
mfcc_3_mean,EMOPIA Calm,0.6610478076809401
mfcc_3_mean,EMOPIA Calm,2.086188879076087
mfcc_3_mean,EMOPIA Calm,0.985160489494985
mfcc_3_mean,EMOPIA Calm,0.9515844844877249
mfcc_3_mean,EMOPIA Calm,0.2729987171004246
mfcc_3_mean,EMOPIA Calm,0.7103860155301069
mfcc_3_mean,EMOPIA Calm,0.3952615842843491
mfcc_3_mean,EMOPIA Calm,0.08877305928526065
mfcc_3_mean,EMOPIA Calm,0.08360200829399768
mfcc_3_mean,EMOPIA Calm,0.7829599636571349
mfcc_3_mean,EMOPIA Calm,0.7802028591335088
mfcc_3_mean,EMOPIA Calm,-0.07122780365282978
mfcc_3_mean,EMOPIA Calm,0.406987137870356
mfcc_3_mean,EMOPIA Calm,1.0180914145159679
mfcc_3_mean,EMOPIA Calm,0.6446194985114296
mfcc_3_mean,EMOPIA Calm,-1.2501355670044272
mfcc_3_mean,EMOPIA Calm,0.6913408454922149
mfcc_3_mean,EMOPIA Calm,-0.13385894614326843
mfcc_3_mean,EMOPIA Calm,1.9993537639106633
mfcc_3_mean,EMOPIA Calm,1.0280897460247933
mfcc_3_mean,EMOPIA Calm,1.9132377802394351
mfcc_3_mean,EMOPIA Calm,0.31222121337997255
mfcc_3_mean,EMOPIA Calm,0.5300153230506582
mfcc_3_mean,EMOPIA Calm,0.5767156436901189
mfcc_3_mean,EMOPIA Calm,0.5700817309325072
mfcc_3_mean,EMOPIA Calm,0.6261744978278593
mfcc_3_mean,EMOPIA Calm,0.2939807602110378
mfcc_3_mean,EMOPIA Calm,1.2267837722030595
mfcc_3_mean,EMOPIA Calm,-0.9644933325239028
mfcc_3_mean,EMOPIA Calm,-0.29671837080535945
mfcc_3_mean,EMOPIA Calm,0.13045767889217896
mfcc_3_mean,EMOPIA Calm,0.8652891134627179
mfcc_3_mean,EMOPIA Calm,0.4396124664548018
mfcc_3_mean,EMOPIA Calm,0.07559709642631103
mfcc_3_mean,EMOPIA Calm,0.7290810867779786
mfcc_3_mean,EMOPIA Calm,1.8794392634647565
mfcc_3_mean,EMOPIA Calm,0.24188728509136878
mfcc_3_mean,EMOPIA Calm,0.806759740644516
mfcc_3_mean,EMOPIA Calm,0.8145937879715344
mfcc_3_mean,EMOPIA Calm,0.8422528172185894
mfcc_3_mean,EMOPIA Calm,1.3734987433035262
mfcc_3_mean,EMOPIA Calm,1.4409357316917308
mfcc_3_mean,EMOPIA Calm,0.34314667454488323
mfcc_3_mean,EMOPIA Calm,0.02961187553113213
mfcc_3_mean,EMOPIA Calm,0.35911628285073305
mfcc_3_mean,EMOPIA Calm,-0.8456773563426019
mfcc_3_mean,EMOPIA Calm,-1.047048872742391
mfcc_3_mean,EMOPIA Calm,0.05024892333262869
mfcc_3_mean,EMOPIA Calm,0.17755464206750535
mfcc_3_mean,EMOPIA Calm,-0.6814412166718233
mfcc_3_mean,EMOPIA Calm,-0.514223215178402
mfcc_3_mean,EMOPIA Calm,0.9304901647972217
mfcc_3_mean,EMOPIA Calm,0.1804552564741553
mfcc_3_mean,EMOPIA Calm,0.3800323889880654
mfcc_3_mean,EMOPIA Calm,0.7409762800692372
mfcc_3_mean,EMOPIA Calm,0.8303966145214381
mfcc_3_mean,EMOPIA Calm,2.4226101871694317
mfcc_3_mean,EMOPIA Calm,2.8266862938366164
mfcc_3_mean,EMOPIA Calm,0.7478002464557172
mfcc_3_mean,EMOPIA Calm,0.4802910879059054
mfcc_3_mean,EMOPIA Calm,1.9144489383275942
mfcc_3_mean,EMOPIA Calm,1.1493617213563796
mfcc_3_mean,EMOPIA Calm,0.8461553469963308
mfcc_3_mean,EMOPIA Calm,-0.17108781864244213
mfcc_3_mean,EMOPIA Calm,2.1109348924578955
mfcc_3_mean,EMOPIA Calm,0.23429350964531545
mfcc_3_mean,EMOPIA Calm,-0.5837373202945719
mfcc_3_mean,EMOPIA Calm,0.8065627462816181
mfcc_3_mean,EMOPIA Calm,-1.0871838714075905
mfcc_3_mean,EMOPIA Calm,-0.4253467076513411
mfcc_3_mean,EMOPIA Calm,0.7184221607009273
mfcc_3_mean,EMOPIA Calm,0.8297939954962829
mfcc_3_mean,EMOPIA Calm,-0.06541187681452608
mfcc_3_mean,EMOPIA Calm,0.2818185527988771
mfcc_3_mean,EMOPIA Calm,1.4921672288866985
mfcc_3_mean,EMOPIA Calm,1.1874426710273003
mfcc_3_mean,EMOPIA Calm,0.7759806473119347
mfcc_3_mean,EMOPIA Calm,2.3506251297039267
mfcc_3_mean,EMOPIA Calm,0.5876911897224604
mfcc_3_mean,EMOPIA Calm,0.2848806413413329
mfcc_3_mean,EMOPIA Calm,0.28427557264534337
mfcc_3_mean,EMOPIA Calm,0.33723949746801435
mfcc_3_mean,EMOPIA Calm,2.103942256027535
mfcc_3_mean,EMOPIA Calm,1.1396210135635927
mfcc_3_mean,EMOPIA Calm,0.24155188432635183
mfcc_3_mean,EMOPIA Calm,1.049351664028187
mfcc_3_mean,EMOPIA Calm,-0.07038185065816742
mfcc_3_mean,EMOPIA Calm,-0.40833272301327783
mfcc_3_mean,EMOPIA Calm,0.280703544290951
mfcc_3_mean,EMOPIA Calm,0.8266469850315833
mfcc_3_mean,EMOPIA Calm,0.9669694380212019
mfcc_3_mean,EMOPIA Calm,1.2696496435000388
mfcc_3_mean,EMOPIA Calm,0.83475621204895
mfcc_3_mean,EMOPIA Calm,1.7904539497248204
mfcc_3_mean,EMOPIA Calm,0.7495558438867246
mfcc_3_mean,EMOPIA Calm,1.0615798084136285
mfcc_3_mean,EMOPIA Calm,0.3194552954919055
mfcc_3_mean,EMOPIA Calm,-0.37567595698646206
mfcc_3_mean,EMOPIA Calm,-1.053315539014144
mfcc_3_mean,EMOPIA Sad,1.5672734221687192
mfcc_3_mean,EMOPIA Sad,0.552804610819029
mfcc_3_mean,EMOPIA Sad,2.724651436839076
mfcc_3_mean,EMOPIA Sad,1.2788817383859241
mfcc_3_mean,EMOPIA Sad,0.4386464795892752
mfcc_3_mean,EMOPIA Sad,-0.06593773948688414
mfcc_3_mean,EMOPIA Sad,0.9199937335521564
mfcc_3_mean,EMOPIA Sad,1.237903746744986
mfcc_3_mean,EMOPIA Sad,0.6987343603475916
mfcc_3_mean,EMOPIA Sad,1.226744781608952
mfcc_3_mean,EMOPIA Sad,1.0777092577413947
mfcc_3_mean,EMOPIA Sad,-0.2854010956916807
mfcc_3_mean,EMOPIA Sad,2.724751388512583
mfcc_3_mean,EMOPIA Sad,0.5519943821906953
mfcc_3_mean,EMOPIA Sad,-0.07032203786197146
mfcc_3_mean,EMOPIA Sad,2.0428397081374903
mfcc_3_mean,EMOPIA Sad,0.5786898742430581
mfcc_3_mean,EMOPIA Sad,-0.1471863803154519
mfcc_3_mean,EMOPIA Sad,-0.8244109472760127
mfcc_3_mean,EMOPIA Sad,-0.9494405135276641
mfcc_3_mean,EMOPIA Sad,-0.4255820801906375
mfcc_3_mean,EMOPIA Sad,1.5221749821154353
mfcc_3_mean,EMOPIA Sad,0.09058989848711754
mfcc_3_mean,EMOPIA Sad,1.5013630890581648
mfcc_3_mean,EMOPIA Sad,1.520818987239218
mfcc_3_mean,EMOPIA Sad,1.2870670072687613
mfcc_3_mean,EMOPIA Sad,1.3991684356941663
mfcc_3_mean,EMOPIA Sad,0.7038543765298136
mfcc_3_mean,EMOPIA Sad,0.7494035560165468
mfcc_3_mean,EMOPIA Sad,0.019980382229692773
mfcc_3_mean,EMOPIA Sad,2.561354796967932
mfcc_3_mean,EMOPIA Sad,0.04664729478899221
mfcc_3_mean,EMOPIA Sad,1.9693772950198687
mfcc_3_mean,EMOPIA Sad,1.5334711288181715
mfcc_3_mean,EMOPIA Sad,-0.028053580039624982
mfcc_3_mean,EMOPIA Sad,0.38170224793988444
mfcc_3_mean,EMOPIA Sad,0.235685943375188
mfcc_3_mean,EMOPIA Sad,-0.3359653637932471
mfcc_3_mean,EMOPIA Sad,0.1684639136026636
mfcc_3_mean,EMOPIA Sad,-0.43522092250457833
mfcc_3_mean,EMOPIA Sad,-0.4219841261532523
mfcc_3_mean,EMOPIA Sad,-0.264644626437028
mfcc_3_mean,EMOPIA Sad,0.0028973985298061684
mfcc_3_mean,EMOPIA Sad,0.5141304325278168
mfcc_3_mean,EMOPIA Sad,0.15470023388279833
mfcc_3_mean,EMOPIA Sad,0.44745692488286415
mfcc_3_mean,EMOPIA Sad,1.2069077554739809
mfcc_3_mean,EMOPIA Sad,0.7785097283087667
mfcc_3_mean,EMOPIA Sad,0.724602067797311
mfcc_3_mean,EMOPIA Sad,0.5077222977654021
mfcc_3_mean,EMOPIA Sad,0.5116834155039225
mfcc_3_mean,EMOPIA Sad,-0.22018228424363026
mfcc_3_mean,EMOPIA Sad,0.7914301088440394
mfcc_3_mean,EMOPIA Sad,0.9130152337639008
mfcc_3_mean,EMOPIA Sad,1.011245196952746
mfcc_3_mean,EMOPIA Sad,1.9375555605385812
mfcc_3_mean,EMOPIA Sad,1.3421336682935368
mfcc_3_mean,EMOPIA Sad,-0.28912684089090396
mfcc_3_mean,EMOPIA Sad,1.283202651528183
mfcc_3_mean,EMOPIA Sad,0.41646593502314494
mfcc_3_mean,EMOPIA Sad,-0.11093798856757282
mfcc_3_mean,EMOPIA Sad,-0.4841200268567578
mfcc_3_mean,EMOPIA Sad,0.11947682523969756
mfcc_3_mean,EMOPIA Sad,0.4086043288992448
mfcc_3_mean,EMOPIA Sad,-0.17144608300190942
mfcc_3_mean,EMOPIA Sad,0.9130807624587093
mfcc_3_mean,EMOPIA Sad,1.161954764626464
mfcc_3_mean,EMOPIA Sad,0.5835361397095842
mfcc_3_mean,EMOPIA Sad,3.8161876071126115
mfcc_3_mean,EMOPIA Sad,3.4463699365398313
mfcc_3_mean,EMOPIA Sad,-0.12451467674711139
mfcc_3_mean,EMOPIA Sad,-0.6588532101903103
mfcc_3_mean,EMOPIA Sad,0.13527230277709973
mfcc_3_mean,EMOPIA Sad,2.3352582935276596
mfcc_3_mean,EMOPIA Sad,-0.3343255133091445
mfcc_3_mean,EMOPIA Sad,0.9575202410576568
mfcc_3_mean,EMOPIA Sad,0.2292643354231866
mfcc_3_mean,EMOPIA Sad,-1.0741634626465977
mfcc_3_mean,EMOPIA Sad,0.08584713161332677
mfcc_3_mean,EMOPIA Sad,0.11691793991438562
mfcc_3_mean,EMOPIA Sad,0.1591437326363739
mfcc_3_mean,EMOPIA Sad,0.3733707132943351
mfcc_3_mean,EMOPIA Sad,-0.22019922780023224
mfcc_3_mean,EMOPIA Sad,-0.02574496941784974
mfcc_3_mean,EMOPIA Sad,0.5548800944331057
mfcc_3_mean,EMOPIA Sad,0.7857268668640981
mfcc_3_mean,EMOPIA Sad,0.7486419125264201
mfcc_3_mean,EMOPIA Sad,0.9787868542634821
mfcc_3_mean,EMOPIA Sad,0.09829492981687972
mfcc_3_mean,EMOPIA Sad,1.5511922517703056
mfcc_3_mean,EMOPIA Sad,0.8073923681373874
mfcc_3_mean,EMOPIA Sad,0.6182018399594861
mfcc_3_mean,EMOPIA Sad,-0.6256344488463367
mfcc_3_mean,EMOPIA Sad,0.3010043747704856
mfcc_3_mean,EMOPIA Sad,0.685135216852075
mfcc_3_mean,EMOPIA Sad,2.1665018477156988
mfcc_3_mean,EMOPIA Sad,0.43398904291620044
mfcc_3_mean,EMOPIA Sad,0.34286434998126847
mfcc_3_mean,EMOPIA Sad,-0.5392390495956094
mfcc_3_mean,EMOPIA Sad,2.8606377627314097
mfcc_3_mean,EMOPIA Sad,0.8670610420326188
mfcc_3_mean,EMOPIA Sad,0.7413300533655088
mfcc_3_mean,EMOPIA Sad,2.6518941206431643
mfcc_3_mean,EMOPIA Sad,-0.1779942572803323
mfcc_3_mean,EMOPIA Sad,-0.47474493243594046
mfcc_3_mean,EMOPIA Sad,-2.3005233914444463
mfcc_3_mean,EMOPIA Sad,1.25584360488867
mfcc_3_mean,EMOPIA Sad,0.4755158628935646
mfcc_3_mean,EMOPIA Sad,0.537650334622417
mfcc_3_mean,EMOPIA Sad,0.28235196862297285
mfcc_3_mean,EMOPIA Sad,-0.20997756796704364
mfcc_3_mean,EMOPIA Sad,0.47012597464113415
mfcc_3_mean,EMOPIA Sad,0.4884156253659844
mfcc_3_mean,EMOPIA Sad,-0.2856436131042424
mfcc_3_mean,EMOPIA Sad,0.5002467189370876
mfcc_3_mean,EMOPIA Sad,1.1462708491816254
mfcc_3_mean,EMOPIA Sad,-0.3679223405184933
mfcc_3_mean,EMOPIA Sad,1.0343366107906387
mfcc_3_mean,EMOPIA Sad,-0.30498458089533603
mfcc_3_mean,EMOPIA Sad,-0.05244270700181028
mfcc_3_mean,EMOPIA Sad,1.545024082680002
mfcc_3_mean,EMOPIA Sad,0.8836222458448706
mfcc_3_mean,EMOPIA Sad,-0.07148216114108975
mfcc_3_mean,EMOPIA Sad,0.8891527860310179
mfcc_3_mean,EMOPIA Sad,-0.0038132705806034027
mfcc_3_mean,EMOPIA Sad,0.7677879273469771
mfcc_3_mean,EMOPIA Sad,0.4167196800936964
mfcc_3_mean,EMOPIA Sad,0.1763673682699773
mfcc_3_mean,EMOPIA Sad,-0.17729895904195875
mfcc_3_mean,EMOPIA Sad,0.4631056263094646
mfcc_3_mean,EMOPIA Sad,0.8084514424946045
mfcc_3_mean,EMOPIA Sad,1.0244570883172603
mfcc_3_mean,EMOPIA Sad,1.6385200569822107
mfcc_3_mean,EMOPIA Sad,3.2881867293605422
mfcc_3_mean,EMOPIA Sad,-0.009398520082042136
mfcc_3_mean,EMOPIA Sad,-0.1607947100765966
mfcc_3_mean,EMOPIA Sad,-0.9365760671431003
mfcc_3_mean,EMOPIA Sad,-0.7755498128217596
mfcc_3_mean,EMOPIA Sad,0.3992276013645374
mfcc_3_mean,EMOPIA Sad,0.1538620381791102
mfcc_3_mean,EMOPIA Sad,2.257279963262434
mfcc_3_mean,EMOPIA Sad,3.152820623920551
mfcc_3_mean,EMOPIA Sad,2.4220987163132235
mfcc_3_mean,EMOPIA Sad,0.9994869810889533
mfcc_3_mean,EMOPIA Sad,2.25125703923866
mfcc_3_mean,EMOPIA Sad,1.0739153300372923
mfcc_3_mean,EMOPIA Sad,0.466485151364155
mfcc_3_mean,EMOPIA Sad,0.9923719121517038
mfcc_3_mean,EMOPIA Sad,-0.06270152017598067
mfcc_3_mean,EMOPIA Sad,0.6801005308705694
mfcc_3_mean,EMOPIA Sad,-0.8118408696699969
mfcc_3_mean,EMOPIA Sad,0.6054100671429962
mfcc_3_mean,EMOPIA Sad,1.3284984942228368
mfcc_3_mean,EMOPIA Sad,-0.8518562427428047
mfcc_3_mean,EMOPIA Sad,1.9276681787046106
mfcc_3_mean,EMOPIA Sad,0.906575661559117
mfcc_3_mean,EMOPIA Sad,1.4584064778707104
mfcc_3_mean,EMOPIA Sad,0.5136509094620682
mfcc_3_mean,EMOPIA Sad,0.5169008061017942
mfcc_3_mean,EMOPIA Sad,1.2785446024373994
mfcc_3_mean,EMOPIA Sad,-0.0364555427216504
mfcc_3_mean,EMOPIA Sad,-0.9591391686378021
mfcc_3_mean,EMOPIA Sad,-0.45998097045887343
mfcc_3_mean,EMOPIA Sad,1.0737732491289225
mfcc_3_mean,EMOPIA Sad,0.2967776718857166
mfcc_3_mean,EMOPIA Sad,-0.32132755986412925
mfcc_3_mean,EMOPIA Sad,-0.5047044067353246
mfcc_3_mean,EMOPIA Sad,0.012571761070839902
mfcc_3_mean,EMOPIA Sad,1.9378802439936995
mfcc_3_mean,EMOPIA Sad,1.8883340182628812
mfcc_3_mean,EMOPIA Sad,0.9059987640777184
mfcc_3_mean,EMOPIA Sad,0.6142760383088217
mfcc_3_mean,EMOPIA Sad,0.20227569942769244
mfcc_3_mean,EMOPIA Sad,0.35602520653674236
mfcc_3_mean,EMOPIA Sad,0.6121979008846756
mfcc_3_mean,EMOPIA Sad,2.644670168940826
mfcc_3_mean,EMOPIA Sad,2.785676947684874
mfcc_3_mean,EMOPIA Sad,0.5257616737867157
mfcc_3_mean,EMOPIA Sad,0.8277221863884575
mfcc_3_mean,EMOPIA Sad,1.522264395100875
mfcc_3_mean,EMOPIA Sad,-0.16525841861455198
mfcc_3_mean,EMOPIA Sad,0.6066004030290675
mfcc_3_mean,EMOPIA Sad,0.19490811025530885
mfcc_3_mean,EMOPIA Sad,0.8781790772518022
mfcc_3_mean,EMOPIA Sad,0.971874291448507
mfcc_3_mean,EMOPIA Sad,0.8606557652195105
mfcc_3_mean,EMOPIA Sad,0.20710297994525537
mfcc_3_mean,EMOPIA Sad,-0.5093632723830525
mfcc_3_mean,EMOPIA Sad,-1.4035486526522798
mfcc_3_mean,EMOPIA Sad,-1.8052758886127065
mfcc_3_mean,EMOPIA Sad,-0.5197598795416333
mfcc_3_mean,EMOPIA Sad,-0.7407077362718123
mfcc_3_mean,EMOPIA Sad,-0.877650868345977
mfcc_3_mean,EMOPIA Sad,-0.01094017959355037
mfcc_3_mean,EMOPIA Sad,1.0131914604303307
mfcc_3_mean,EMOPIA Sad,0.3454803942927066
mfcc_3_mean,EMOPIA Sad,1.9001703173845066
mfcc_3_mean,EMOPIA Sad,-0.3975935702164139
mfcc_3_mean,EMOPIA Sad,0.15784071189194102
mfcc_3_mean,EMOPIA Sad,-0.39237230097305503
mfcc_3_mean,EMOPIA Sad,2.1165528552719297
mfcc_3_mean,EMOPIA Sad,2.893866433599945
mfcc_3_mean,EMOPIA Sad,0.2157964534565229
mfcc_3_mean,EMOPIA Sad,-0.5035818450756604
mfcc_3_mean,EMOPIA Sad,1.0688428782970967
mfcc_3_mean,EMOPIA Sad,0.07062998053197597
mfcc_3_mean,EMOPIA Sad,1.1597407725406508
mfcc_3_mean,EMOPIA Sad,0.34823117050001245
mfcc_3_mean,EMOPIA Sad,0.2780146222722028
mfcc_3_mean,EMOPIA Sad,-0.09276939240976768
mfcc_3_mean,EMOPIA Sad,-0.33297104947719797
mfcc_3_mean,EMOPIA Sad,0.1846343949168985
mfcc_3_mean,EMOPIA Sad,-0.6640546779277613
mfcc_3_mean,EMOPIA Sad,-0.07276354312648928
mfcc_3_mean,EMOPIA Sad,0.8647101745889576
mfcc_3_mean,EMOPIA Sad,0.680426337091487
mfcc_3_mean,EMOPIA Sad,-0.3181276773372633
mfcc_3_mean,EMOPIA Sad,0.8897594878408963
mfcc_3_mean,EMOPIA Sad,-0.20520499676477183
mfcc_3_mean,EMOPIA Sad,1.5077237614481713
mfcc_3_mean,EMOPIA Sad,2.058097380857219
mfcc_3_mean,EMOPIA Sad,0.850558426181146
mfcc_3_mean,EMOPIA Sad,0.12794350005958688
mfcc_3_mean,EMOPIA Sad,0.33672690384600734
mfcc_3_mean,EMOPIA Sad,0.4738386549292437
mfcc_3_mean,EMOPIA Sad,-0.03457358310345728
mfcc_3_mean,EMOPIA Sad,0.3976165345127339
mfcc_3_mean,EMOPIA Sad,-0.24325900005651954
mfcc_3_mean,EMOPIA Sad,-0.0686838204917578
mfcc_3_mean,EMOPIA Sad,2.967450778445392
mfcc_3_mean,EMOPIA Sad,3.258468853847158
mfcc_3_mean,EMOPIA Sad,2.2165458159390936
mfcc_3_mean,EMOPIA Sad,2.5609680041502108
mfcc_3_mean,EMOPIA Sad,0.6729080931628143
mfcc_3_mean,EMOPIA Sad,1.0382093362399
mfcc_3_mean,EMOPIA Sad,2.483910112183443
mfcc_3_mean,EMOPIA Sad,1.021769186994693
mfcc_3_mean,EMOPIA Sad,0.01727472079357914
mfcc_3_mean,EMOPIA Sad,-0.07535427417264236
mfcc_3_mean,EMOPIA Sad,3.24789755453723
mfcc_3_mean,EMOPIA Sad,1.8860671541149014
mfcc_3_mean,EMOPIA Sad,2.700260204691018
mfcc_3_mean,EMOPIA Sad,1.923992345548629
mfcc_3_mean,EMOPIA Sad,1.9829095829155419
mfcc_3_mean,EMOPIA Sad,0.9981982500910519
mfcc_3_mean,EMOPIA Sad,0.6602212479137128
mfcc_3_mean,EMOPIA Sad,-0.12204500026800337
mfcc_3_mean,EMOPIA Sad,0.8566713756080675
mfcc_3_mean,EMOPIA Sad,0.30763992064198686
mfcc_3_mean,EMOPIA Sad,-0.45093719401834936
mfcc_3_mean,EMOPIA Sad,-0.12237203132433723
mfcc_3_mean,EMOPIA Sad,1.0057824309930055
mfcc_3_mean,EMOPIA Sad,0.8183340270565252
mfcc_3_mean,MusicGen Happy,0.7667362020022617
mfcc_3_mean,MusicGen Happy,-4.6195545046689
mfcc_3_mean,MusicGen Happy,-1.4639759079490948
mfcc_3_mean,MusicGen Happy,1.747171532316449
mfcc_3_mean,MusicGen Happy,1.6486825164369119
mfcc_3_mean,MusicGen Happy,1.8119494030143855
mfcc_3_mean,MusicGen Happy,-4.75693694437929
mfcc_3_mean,MusicGen Happy,2.776726297012148
mfcc_3_mean,MusicGen Happy,4.018950230337238
mfcc_3_mean,MusicGen Happy,4.222614230359145
mfcc_3_mean,MusicGen Happy,4.212115043234392
mfcc_3_mean,MusicGen Happy,2.563799798116869
mfcc_3_mean,MusicGen Happy,1.7119182172752498
mfcc_3_mean,MusicGen Happy,0.40069230038401227
mfcc_3_mean,MusicGen Happy,0.28629022276704286
mfcc_3_mean,MusicGen Angry,4.38074497375474
mfcc_3_mean,MusicGen Angry,-0.732980657904544
mfcc_3_mean,MusicGen Angry,2.357860844929749
mfcc_3_mean,MusicGen Angry,3.6956842160051817
mfcc_3_mean,MusicGen Angry,0.5667773291167255
mfcc_3_mean,MusicGen Angry,0.3100616244005968
mfcc_3_mean,MusicGen Angry,2.1079964102229374
mfcc_3_mean,MusicGen Angry,2.2770345681808037
mfcc_3_mean,MusicGen Angry,3.644189736439226
mfcc_3_mean,MusicGen Angry,1.354246371940928
mfcc_3_mean,MusicGen Angry,1.8417903744871764
mfcc_3_mean,MusicGen Angry,2.0788976890128374
mfcc_3_mean,MusicGen Angry,1.8549448006567109
mfcc_3_mean,MusicGen Angry,4.080382156884833
mfcc_3_mean,MusicGen Angry,1.1391184227641578
mfcc_3_mean,MusicGen Calm,6.550943273373147
mfcc_3_mean,MusicGen Calm,4.61801519139086
mfcc_3_mean,MusicGen Calm,5.964674576199211
mfcc_3_mean,MusicGen Calm,9.514587710581013
mfcc_3_mean,MusicGen Calm,9.462665304141249
mfcc_3_mean,MusicGen Calm,8.349362583672523
mfcc_3_mean,MusicGen Calm,10.569983887041072
mfcc_3_mean,MusicGen Calm,9.45262941101297
mfcc_3_mean,MusicGen Calm,6.743274687838664
mfcc_3_mean,MusicGen Calm,8.295891985265694
mfcc_3_mean,MusicGen Calm,5.962775673024416
mfcc_3_mean,MusicGen Calm,5.252565267588345
mfcc_3_mean,MusicGen Calm,6.782488610270293
mfcc_3_mean,MusicGen Calm,6.347456874486703
mfcc_3_mean,MusicGen Calm,9.029439384040764
mfcc_3_mean,MusicGen Sad,7.937738269264408
mfcc_3_mean,MusicGen Sad,3.528088250716003
mfcc_3_mean,MusicGen Sad,9.885199635886897
mfcc_3_mean,MusicGen Sad,2.529157140083249
mfcc_3_mean,MusicGen Sad,4.020153529064805
mfcc_3_mean,MusicGen Sad,9.030707905254285
mfcc_3_mean,MusicGen Sad,7.996331945942001
mfcc_3_mean,MusicGen Sad,8.514346281226134
mfcc_3_mean,MusicGen Sad,8.035849627557042
mfcc_3_mean,MusicGen Sad,3.687561209589374
mfcc_3_mean,MusicGen Sad,9.056171825294872
mfcc_3_mean,MusicGen Sad,5.70388608958238
mfcc_3_mean,MusicGen Sad,9.653666955622395
mfcc_3_mean,MusicGen Sad,9.140715273395122
mfcc_3_mean,MusicGen Sad,5.5556556908622525
mfcc_6_mean,EMOPIA Happy,-0.20430204395447318
mfcc_6_mean,EMOPIA Happy,-0.9231466120269401
mfcc_6_mean,EMOPIA Happy,-0.3966278688259565
mfcc_6_mean,EMOPIA Happy,0.3818908467362975
mfcc_6_mean,EMOPIA Happy,0.4176745901268811
mfcc_6_mean,EMOPIA Happy,0.7032680931343829
mfcc_6_mean,EMOPIA Happy,0.7483022362878211
mfcc_6_mean,EMOPIA Happy,1.2265987947070705
mfcc_6_mean,EMOPIA Happy,0.7621123807861199
mfcc_6_mean,EMOPIA Happy,-1.3966608364345225
mfcc_6_mean,EMOPIA Happy,0.4703694921531559
mfcc_6_mean,EMOPIA Happy,0.47028381554505216
mfcc_6_mean,EMOPIA Happy,0.9692785584471673
mfcc_6_mean,EMOPIA Happy,-0.7550147917190069
mfcc_6_mean,EMOPIA Happy,-0.09383370046474346
mfcc_6_mean,EMOPIA Happy,-0.19180295210358722
mfcc_6_mean,EMOPIA Happy,-0.04102014357809099
mfcc_6_mean,EMOPIA Happy,0.7332666043371987
mfcc_6_mean,EMOPIA Happy,-0.2744148110061084
mfcc_6_mean,EMOPIA Happy,-0.305981348974141
mfcc_6_mean,EMOPIA Happy,-0.2705993609136249
mfcc_6_mean,EMOPIA Happy,-0.19233940576811176
mfcc_6_mean,EMOPIA Happy,-1.3390669927503436
mfcc_6_mean,EMOPIA Happy,1.5788046906785578
mfcc_6_mean,EMOPIA Happy,1.2981154632270266
mfcc_6_mean,EMOPIA Happy,-0.41265931029963604
mfcc_6_mean,EMOPIA Happy,-0.1210954623808758
mfcc_6_mean,EMOPIA Happy,0.7704676326844629
mfcc_6_mean,EMOPIA Happy,-1.357332933641615
mfcc_6_mean,EMOPIA Happy,0.6470425683870384
mfcc_6_mean,EMOPIA Happy,1.4519278457760627
mfcc_6_mean,EMOPIA Happy,1.6119267353743096
mfcc_6_mean,EMOPIA Happy,-0.37177240519568117
mfcc_6_mean,EMOPIA Happy,1.6265760566239909
mfcc_6_mean,EMOPIA Happy,0.16564386777362552
mfcc_6_mean,EMOPIA Happy,0.4092680325353888
mfcc_6_mean,EMOPIA Happy,1.0407228502876185
mfcc_6_mean,EMOPIA Happy,0.9251688926342916
mfcc_6_mean,EMOPIA Happy,-0.4661206224522378
mfcc_6_mean,EMOPIA Happy,0.44255668146760746
mfcc_6_mean,EMOPIA Happy,1.9630168300061885
mfcc_6_mean,EMOPIA Happy,1.1307182167765444
mfcc_6_mean,EMOPIA Happy,1.0562679461000175
mfcc_6_mean,EMOPIA Happy,1.0261618656317606
mfcc_6_mean,EMOPIA Happy,-0.2698128964446989
mfcc_6_mean,EMOPIA Happy,0.425084001239143
mfcc_6_mean,EMOPIA Happy,-0.15346328274875481
mfcc_6_mean,EMOPIA Happy,0.5616174751634211
mfcc_6_mean,EMOPIA Happy,-0.8470350340388573
mfcc_6_mean,EMOPIA Happy,-0.5105031108842213
mfcc_6_mean,EMOPIA Happy,-0.1895011592252742
mfcc_6_mean,EMOPIA Happy,-0.8638367850943696
mfcc_6_mean,EMOPIA Happy,0.5601276603343408
mfcc_6_mean,EMOPIA Happy,1.597056078244818
mfcc_6_mean,EMOPIA Happy,1.0021165974424868
mfcc_6_mean,EMOPIA Happy,1.707296554266766
mfcc_6_mean,EMOPIA Happy,1.411811840394751
mfcc_6_mean,EMOPIA Happy,0.04212371246837716
mfcc_6_mean,EMOPIA Happy,0.4377085441442874
mfcc_6_mean,EMOPIA Happy,0.2110129184484678
mfcc_6_mean,EMOPIA Happy,1.7757365941728653
mfcc_6_mean,EMOPIA Happy,0.32399663356519043
mfcc_6_mean,EMOPIA Happy,0.37518434033213227
mfcc_6_mean,EMOPIA Happy,1.5618089138584001
mfcc_6_mean,EMOPIA Happy,1.0459409066721301
mfcc_6_mean,EMOPIA Happy,1.7457086977874912
mfcc_6_mean,EMOPIA Happy,-0.5014855643215447
mfcc_6_mean,EMOPIA Happy,0.8902487672251331
mfcc_6_mean,EMOPIA Happy,-0.1851638505731577
mfcc_6_mean,EMOPIA Happy,-0.007393578973078344
mfcc_6_mean,EMOPIA Happy,0.9424118949334898
mfcc_6_mean,EMOPIA Happy,-1.169805890128055
mfcc_6_mean,EMOPIA Happy,0.563878880824
mfcc_6_mean,EMOPIA Happy,-0.6803899089956001
mfcc_6_mean,EMOPIA Happy,-1.045811672446368
mfcc_6_mean,EMOPIA Happy,0.8062467524349474
mfcc_6_mean,EMOPIA Happy,-0.24625149497713433
mfcc_6_mean,EMOPIA Happy,-0.12218864687855283
mfcc_6_mean,EMOPIA Happy,0.08254580247609189
mfcc_6_mean,EMOPIA Happy,-0.28209083346192315
mfcc_6_mean,EMOPIA Happy,-0.4601718359592733
mfcc_6_mean,EMOPIA Happy,-0.19614505151532458
mfcc_6_mean,EMOPIA Happy,-0.875586178771094
mfcc_6_mean,EMOPIA Happy,1.831321967592496
mfcc_6_mean,EMOPIA Happy,1.0618692354009462
mfcc_6_mean,EMOPIA Happy,1.6453059909405208
mfcc_6_mean,EMOPIA Happy,1.250773134873572
mfcc_6_mean,EMOPIA Happy,2.344464965638479
mfcc_6_mean,EMOPIA Happy,1.4662159207713952
mfcc_6_mean,EMOPIA Happy,1.1081533211633772
mfcc_6_mean,EMOPIA Happy,1.90269637561964
mfcc_6_mean,EMOPIA Happy,0.9763724479025374
mfcc_6_mean,EMOPIA Happy,1.0023765797116806
mfcc_6_mean,EMOPIA Happy,-0.9865680248443742
mfcc_6_mean,EMOPIA Happy,-0.6316716716937023
mfcc_6_mean,EMOPIA Happy,1.6660986954395114
mfcc_6_mean,EMOPIA Happy,1.2419989700409375
mfcc_6_mean,EMOPIA Happy,1.9762941417629325
mfcc_6_mean,EMOPIA Happy,-0.24568596251584118
mfcc_6_mean,EMOPIA Happy,0.0642838724533404
mfcc_6_mean,EMOPIA Happy,1.547364453289019
mfcc_6_mean,EMOPIA Happy,1.294562850362232
mfcc_6_mean,EMOPIA Happy,0.7520760736194115
mfcc_6_mean,EMOPIA Happy,1.806289663655052
mfcc_6_mean,EMOPIA Happy,-0.666344738743342
mfcc_6_mean,EMOPIA Happy,-0.5257588949513754
mfcc_6_mean,EMOPIA Happy,-0.14832368897966194
mfcc_6_mean,EMOPIA Happy,-0.4102297266937613
mfcc_6_mean,EMOPIA Happy,0.9508609844432443
mfcc_6_mean,EMOPIA Happy,0.18468134378988801
mfcc_6_mean,EMOPIA Happy,1.5595673397143914
mfcc_6_mean,EMOPIA Happy,1.1282406977212072
mfcc_6_mean,EMOPIA Happy,1.7131833951237023
mfcc_6_mean,EMOPIA Happy,2.3443834670184165
mfcc_6_mean,EMOPIA Happy,1.7359742920366592
mfcc_6_mean,EMOPIA Happy,1.0212660435382606
mfcc_6_mean,EMOPIA Happy,1.8848240569083823
mfcc_6_mean,EMOPIA Happy,1.4264448796768692
mfcc_6_mean,EMOPIA Happy,-1.5064224871736647
mfcc_6_mean,EMOPIA Happy,-1.4594641298478475
mfcc_6_mean,EMOPIA Happy,-1.0815362555262844
mfcc_6_mean,EMOPIA Happy,-0.16566913554563711
mfcc_6_mean,EMOPIA Happy,-0.19701139911560347
mfcc_6_mean,EMOPIA Happy,-0.1803647349761909
mfcc_6_mean,EMOPIA Happy,0.6985662410990215
mfcc_6_mean,EMOPIA Happy,-0.007708209325854531
mfcc_6_mean,EMOPIA Happy,-0.12307905968995059
mfcc_6_mean,EMOPIA Happy,-1.1118408182797646
mfcc_6_mean,EMOPIA Happy,-0.820876372378687
mfcc_6_mean,EMOPIA Happy,-0.29643336504971945
mfcc_6_mean,EMOPIA Happy,0.33657494006934263
mfcc_6_mean,EMOPIA Happy,1.2522274646575535
mfcc_6_mean,EMOPIA Happy,-0.16634385276108046
mfcc_6_mean,EMOPIA Happy,1.2544983682776134
mfcc_6_mean,EMOPIA Happy,0.38030833627920363
mfcc_6_mean,EMOPIA Happy,1.3223907992911172
mfcc_6_mean,EMOPIA Happy,0.5900573182942332
mfcc_6_mean,EMOPIA Happy,-0.16252951679874142
mfcc_6_mean,EMOPIA Happy,1.0329487843790972
mfcc_6_mean,EMOPIA Happy,-0.12888557176347626
mfcc_6_mean,EMOPIA Happy,-0.3994885093846964
mfcc_6_mean,EMOPIA Happy,1.2600737261994313
mfcc_6_mean,EMOPIA Happy,1.9536344058212236
mfcc_6_mean,EMOPIA Happy,1.9292577396205006
mfcc_6_mean,EMOPIA Happy,1.6123261649577008
mfcc_6_mean,EMOPIA Happy,1.7897667236681742
mfcc_6_mean,EMOPIA Happy,-0.4474977142627034
mfcc_6_mean,EMOPIA Happy,-0.5026754553157549
mfcc_6_mean,EMOPIA Happy,-1.2088964832002074
mfcc_6_mean,EMOPIA Happy,-1.3722981525671116
mfcc_6_mean,EMOPIA Happy,0.8729115095157194
mfcc_6_mean,EMOPIA Happy,-0.5711545733366686
mfcc_6_mean,EMOPIA Happy,0.6479084146287523
mfcc_6_mean,EMOPIA Happy,1.1775768594544382
mfcc_6_mean,EMOPIA Happy,1.1037267706866951
mfcc_6_mean,EMOPIA Happy,1.6635360568411428
mfcc_6_mean,EMOPIA Happy,1.2001796633457682
mfcc_6_mean,EMOPIA Happy,0.48912498182987285
mfcc_6_mean,EMOPIA Happy,-0.13577446127227835
mfcc_6_mean,EMOPIA Happy,0.9107865866003405
mfcc_6_mean,EMOPIA Happy,-0.3028543198978771
mfcc_6_mean,EMOPIA Happy,-0.14067206597400936
mfcc_6_mean,EMOPIA Happy,0.13485432416829166
mfcc_6_mean,EMOPIA Happy,1.4003928472348306
mfcc_6_mean,EMOPIA Happy,0.30756755904297756
mfcc_6_mean,EMOPIA Happy,0.05644563264850221
mfcc_6_mean,EMOPIA Happy,0.17713411477876492
mfcc_6_mean,EMOPIA Happy,-1.290487130412379
mfcc_6_mean,EMOPIA Happy,-0.8618349160509259
mfcc_6_mean,EMOPIA Happy,1.0129579471982788
mfcc_6_mean,EMOPIA Happy,0.5868596533668148
mfcc_6_mean,EMOPIA Happy,1.1128354809484364
mfcc_6_mean,EMOPIA Happy,0.15186820560329567
mfcc_6_mean,EMOPIA Happy,0.9830668102881287
mfcc_6_mean,EMOPIA Happy,1.1134592545630277
mfcc_6_mean,EMOPIA Happy,1.5044128979079847
mfcc_6_mean,EMOPIA Happy,-0.5996484517794837
mfcc_6_mean,EMOPIA Happy,-0.24652011175494715
mfcc_6_mean,EMOPIA Happy,-0.34494292577557273
mfcc_6_mean,EMOPIA Happy,0.6375193738583296
mfcc_6_mean,EMOPIA Happy,0.473962116216761
mfcc_6_mean,EMOPIA Happy,1.5930353218199769
mfcc_6_mean,EMOPIA Happy,-0.14161261464190475
mfcc_6_mean,EMOPIA Happy,1.2180086702476627
mfcc_6_mean,EMOPIA Happy,1.6103616053474683
mfcc_6_mean,EMOPIA Happy,-0.7183507741013394
mfcc_6_mean,EMOPIA Happy,-0.500404412429427
mfcc_6_mean,EMOPIA Happy,-0.8000621930211638
mfcc_6_mean,EMOPIA Happy,1.8380463557854787
mfcc_6_mean,EMOPIA Happy,0.577606356865585
mfcc_6_mean,EMOPIA Happy,0.5524165984854851
mfcc_6_mean,EMOPIA Happy,-1.125622608165889
mfcc_6_mean,EMOPIA Happy,-0.1801572839433052
mfcc_6_mean,EMOPIA Happy,-0.24057489047844494
mfcc_6_mean,EMOPIA Happy,0.9260848747325031
mfcc_6_mean,EMOPIA Happy,0.80106136791692
mfcc_6_mean,EMOPIA Happy,1.959399973611943
mfcc_6_mean,EMOPIA Happy,-0.3764086349655379
mfcc_6_mean,EMOPIA Happy,0.0575685644210345
mfcc_6_mean,EMOPIA Happy,0.011658603561090103
mfcc_6_mean,EMOPIA Happy,0.6731852422796365
mfcc_6_mean,EMOPIA Happy,1.8022699656538481
mfcc_6_mean,EMOPIA Happy,0.2654627982781882
mfcc_6_mean,EMOPIA Happy,-1.2275648478996324
mfcc_6_mean,EMOPIA Happy,-0.2667617396312681
mfcc_6_mean,EMOPIA Happy,-0.7962663516192212
mfcc_6_mean,EMOPIA Happy,-0.2869979082698815
mfcc_6_mean,EMOPIA Happy,-0.01836408426585905
mfcc_6_mean,EMOPIA Happy,1.7977050123599787
mfcc_6_mean,EMOPIA Happy,1.3756742788643905
mfcc_6_mean,EMOPIA Happy,1.7079541974377468
mfcc_6_mean,EMOPIA Happy,-0.2630260612571231
mfcc_6_mean,EMOPIA Happy,0.6588143003731584
mfcc_6_mean,EMOPIA Happy,1.1339049910818013
mfcc_6_mean,EMOPIA Happy,0.9951432290154861
mfcc_6_mean,EMOPIA Happy,1.8156230661136639
mfcc_6_mean,EMOPIA Happy,1.4612261983966632
mfcc_6_mean,EMOPIA Happy,0.4065750685633798
mfcc_6_mean,EMOPIA Happy,-0.4755147450037188
mfcc_6_mean,EMOPIA Happy,-0.7442077293184084
mfcc_6_mean,EMOPIA Happy,1.143917065917869
mfcc_6_mean,EMOPIA Happy,2.2619831814303155
mfcc_6_mean,EMOPIA Happy,-1.4630647756484925
mfcc_6_mean,EMOPIA Happy,-0.48912963819421296
mfcc_6_mean,EMOPIA Happy,-0.24072006163625898
mfcc_6_mean,EMOPIA Happy,-0.2077720022891808
mfcc_6_mean,EMOPIA Happy,1.1633613108498488
mfcc_6_mean,EMOPIA Happy,1.033423041728311
mfcc_6_mean,EMOPIA Happy,1.7176354870339448
mfcc_6_mean,EMOPIA Happy,-0.4198555883152758
mfcc_6_mean,EMOPIA Happy,-1.162658745251783
mfcc_6_mean,EMOPIA Happy,-0.3242321376954485
mfcc_6_mean,EMOPIA Happy,0.2837904619794588
mfcc_6_mean,EMOPIA Happy,0.4825820297309043
mfcc_6_mean,EMOPIA Happy,0.13646903298655838
mfcc_6_mean,EMOPIA Happy,0.6059808005569213
mfcc_6_mean,EMOPIA Happy,-0.13459069799386228
mfcc_6_mean,EMOPIA Happy,0.43530881922628234
mfcc_6_mean,EMOPIA Happy,0.9279411826725812
mfcc_6_mean,EMOPIA Happy,0.42508712080354727
mfcc_6_mean,EMOPIA Happy,-1.570049791241782
mfcc_6_mean,EMOPIA Happy,-1.8488878218252727
mfcc_6_mean,EMOPIA Happy,1.2680117502853265
mfcc_6_mean,EMOPIA Happy,0.18904784265178753
mfcc_6_mean,EMOPIA Happy,0.4790003241427142
mfcc_6_mean,EMOPIA Happy,0.11144009929280123
mfcc_6_mean,EMOPIA Angry,1.0570519316293723
mfcc_6_mean,EMOPIA Angry,2.559436934063909
mfcc_6_mean,EMOPIA Angry,1.7244539635176213
mfcc_6_mean,EMOPIA Angry,0.34434276684905507
mfcc_6_mean,EMOPIA Angry,1.979908491364353
mfcc_6_mean,EMOPIA Angry,0.44226110274030034
mfcc_6_mean,EMOPIA Angry,0.42491788443461415
mfcc_6_mean,EMOPIA Angry,1.1046312493911656
mfcc_6_mean,EMOPIA Angry,1.10479555573421
mfcc_6_mean,EMOPIA Angry,1.8003452501229043
mfcc_6_mean,EMOPIA Angry,0.06844704256388846
mfcc_6_mean,EMOPIA Angry,0.7314334703041241
mfcc_6_mean,EMOPIA Angry,0.5650999674622532
mfcc_6_mean,EMOPIA Angry,2.564135889360895
mfcc_6_mean,EMOPIA Angry,0.7050210097970614
mfcc_6_mean,EMOPIA Angry,1.4598551498409749
mfcc_6_mean,EMOPIA Angry,1.5766533053697376
mfcc_6_mean,EMOPIA Angry,2.3497615960514238
mfcc_6_mean,EMOPIA Angry,-1.5211702278949761
mfcc_6_mean,EMOPIA Angry,0.03782606684940102
mfcc_6_mean,EMOPIA Angry,-0.3776105585653075
mfcc_6_mean,EMOPIA Angry,1.0371830081396038
mfcc_6_mean,EMOPIA Angry,1.244778627264807
mfcc_6_mean,EMOPIA Angry,1.0855578983842538
mfcc_6_mean,EMOPIA Angry,0.8731194062006629
mfcc_6_mean,EMOPIA Angry,1.5677128983929334
mfcc_6_mean,EMOPIA Angry,1.384668790786332
mfcc_6_mean,EMOPIA Angry,1.5959466553002866
mfcc_6_mean,EMOPIA Angry,1.8038969577569568
mfcc_6_mean,EMOPIA Angry,2.152060538885309
mfcc_6_mean,EMOPIA Angry,-0.8782556345970567
mfcc_6_mean,EMOPIA Angry,0.11451621262146641
mfcc_6_mean,EMOPIA Angry,0.6120886848345048
mfcc_6_mean,EMOPIA Angry,1.432591542646791
mfcc_6_mean,EMOPIA Angry,0.32386126675264687
mfcc_6_mean,EMOPIA Angry,0.9428184410231782
mfcc_6_mean,EMOPIA Angry,-0.5304596328565924
mfcc_6_mean,EMOPIA Angry,-0.8362286401163455
mfcc_6_mean,EMOPIA Angry,1.2959187467479565
mfcc_6_mean,EMOPIA Angry,0.8017286761669034
mfcc_6_mean,EMOPIA Angry,0.9088951835607142
mfcc_6_mean,EMOPIA Angry,1.6550929279276607
mfcc_6_mean,EMOPIA Angry,0.5056026881328884
mfcc_6_mean,EMOPIA Angry,1.814785045272306
mfcc_6_mean,EMOPIA Angry,0.12449915295425841
mfcc_6_mean,EMOPIA Angry,-0.0464222264092025
mfcc_6_mean,EMOPIA Angry,-0.021345162293207636
mfcc_6_mean,EMOPIA Angry,0.8194972693617182
mfcc_6_mean,EMOPIA Angry,-0.5665153354154221
mfcc_6_mean,EMOPIA Angry,0.9977116610906057
mfcc_6_mean,EMOPIA Angry,1.5034405477877804
mfcc_6_mean,EMOPIA Angry,0.5465650755541258
mfcc_6_mean,EMOPIA Angry,1.341629626477725
mfcc_6_mean,EMOPIA Angry,1.1630475718011883
mfcc_6_mean,EMOPIA Angry,0.5243610745479808
mfcc_6_mean,EMOPIA Angry,1.1446292736126713
mfcc_6_mean,EMOPIA Angry,1.4153241857237606
mfcc_6_mean,EMOPIA Angry,1.1326865505026409
mfcc_6_mean,EMOPIA Angry,1.5994656910678546
mfcc_6_mean,EMOPIA Angry,0.9000011383245433
mfcc_6_mean,EMOPIA Angry,1.4708100851649877
mfcc_6_mean,EMOPIA Angry,-0.6232749184474806
mfcc_6_mean,EMOPIA Angry,-0.611087448797981
mfcc_6_mean,EMOPIA Angry,0.9046349727145896
mfcc_6_mean,EMOPIA Angry,0.3262780378618611
mfcc_6_mean,EMOPIA Angry,0.3534054356825798
mfcc_6_mean,EMOPIA Angry,0.73111839429929
mfcc_6_mean,EMOPIA Angry,0.7700841490887633
mfcc_6_mean,EMOPIA Angry,0.4260467210969117
mfcc_6_mean,EMOPIA Angry,1.444724914314467
mfcc_6_mean,EMOPIA Angry,-0.8352392925481258
mfcc_6_mean,EMOPIA Angry,-0.16783890400183954
mfcc_6_mean,EMOPIA Angry,-0.36183325017756374
mfcc_6_mean,EMOPIA Angry,0.08771046417343356
mfcc_6_mean,EMOPIA Angry,2.0451552950103578
mfcc_6_mean,EMOPIA Angry,1.2428666267441362
mfcc_6_mean,EMOPIA Angry,1.3811123411358526
mfcc_6_mean,EMOPIA Angry,-0.13620384702992688
mfcc_6_mean,EMOPIA Angry,0.9061990443177937
mfcc_6_mean,EMOPIA Angry,0.2928228264730559
mfcc_6_mean,EMOPIA Angry,-0.18332353040065166
mfcc_6_mean,EMOPIA Angry,0.5410946965451631
mfcc_6_mean,EMOPIA Angry,0.4484482016711502
mfcc_6_mean,EMOPIA Angry,1.1022702126424246
mfcc_6_mean,EMOPIA Angry,1.6671135844412914
mfcc_6_mean,EMOPIA Angry,1.1500991234098155
mfcc_6_mean,EMOPIA Angry,1.2124963860186442
mfcc_6_mean,EMOPIA Angry,1.8530168668291613
mfcc_6_mean,EMOPIA Angry,0.3467258912279089
mfcc_6_mean,EMOPIA Angry,0.4858162938335659
mfcc_6_mean,EMOPIA Angry,1.053243389143784
mfcc_6_mean,EMOPIA Angry,-0.014228210343848576
mfcc_6_mean,EMOPIA Angry,0.7615933075518478
mfcc_6_mean,EMOPIA Angry,1.2576222081563388
mfcc_6_mean,EMOPIA Angry,2.0195583220624824
mfcc_6_mean,EMOPIA Angry,3.0054122009754347
mfcc_6_mean,EMOPIA Angry,2.5298070885258723
mfcc_6_mean,EMOPIA Angry,2.6272309734590364
mfcc_6_mean,EMOPIA Angry,0.4795969408350359
mfcc_6_mean,EMOPIA Angry,0.08666652422813863
mfcc_6_mean,EMOPIA Angry,1.487714809699095
mfcc_6_mean,EMOPIA Angry,0.3718226754474595
mfcc_6_mean,EMOPIA Angry,0.30455584243665823
mfcc_6_mean,EMOPIA Angry,1.1356617236402242
mfcc_6_mean,EMOPIA Angry,2.0815179404239674
mfcc_6_mean,EMOPIA Angry,1.9572087024439535
mfcc_6_mean,EMOPIA Angry,1.6251998552163849
mfcc_6_mean,EMOPIA Angry,-0.5796230765641891
mfcc_6_mean,EMOPIA Angry,-0.6008138319105173
mfcc_6_mean,EMOPIA Angry,0.532063891833768
mfcc_6_mean,EMOPIA Angry,0.6707339331359462
mfcc_6_mean,EMOPIA Angry,0.816658855699359
mfcc_6_mean,EMOPIA Angry,1.0383346287633541
mfcc_6_mean,EMOPIA Angry,1.3926770677411446
mfcc_6_mean,EMOPIA Angry,0.23245591285948616
mfcc_6_mean,EMOPIA Angry,-0.31599615342906257
mfcc_6_mean,EMOPIA Angry,-0.7266993969253234
mfcc_6_mean,EMOPIA Angry,0.6777293334865522
mfcc_6_mean,EMOPIA Angry,1.8724376314683484
mfcc_6_mean,EMOPIA Angry,-0.029736233475692923
mfcc_6_mean,EMOPIA Angry,-0.298231459689753
mfcc_6_mean,EMOPIA Angry,-1.6443183751450123
mfcc_6_mean,EMOPIA Angry,-0.2804635349730248
mfcc_6_mean,EMOPIA Angry,-0.20809342883583778
mfcc_6_mean,EMOPIA Angry,-0.5533862029678827
mfcc_6_mean,EMOPIA Angry,-0.27827360076120866
mfcc_6_mean,EMOPIA Angry,-0.40111736765579686
mfcc_6_mean,EMOPIA Angry,-1.7952776618853805
mfcc_6_mean,EMOPIA Angry,0.7260623045845194
mfcc_6_mean,EMOPIA Angry,1.0542274724470715
mfcc_6_mean,EMOPIA Angry,0.15045303749388947
mfcc_6_mean,EMOPIA Angry,1.6379218984357904
mfcc_6_mean,EMOPIA Angry,0.8534184099769081
mfcc_6_mean,EMOPIA Angry,0.535210696720095
mfcc_6_mean,EMOPIA Angry,1.0322955698754404
mfcc_6_mean,EMOPIA Angry,-0.4616480584005922
mfcc_6_mean,EMOPIA Angry,-0.2752553107870374
mfcc_6_mean,EMOPIA Angry,0.9252832580936136
mfcc_6_mean,EMOPIA Angry,1.1821191123466155
mfcc_6_mean,EMOPIA Angry,0.9313298652132556
mfcc_6_mean,EMOPIA Angry,1.8372148804587192
mfcc_6_mean,EMOPIA Angry,1.7529150029744305
mfcc_6_mean,EMOPIA Angry,2.5513571508437667
mfcc_6_mean,EMOPIA Angry,-0.4195890883847373
mfcc_6_mean,EMOPIA Angry,-0.19176807983006774
mfcc_6_mean,EMOPIA Angry,0.63670232651694
mfcc_6_mean,EMOPIA Angry,0.8522342567529413
mfcc_6_mean,EMOPIA Angry,1.4472781141415187
mfcc_6_mean,EMOPIA Angry,1.3950104531723644
mfcc_6_mean,EMOPIA Angry,-0.05476416445232012
mfcc_6_mean,EMOPIA Angry,-0.0849345859364156
mfcc_6_mean,EMOPIA Angry,1.4152227718097639
mfcc_6_mean,EMOPIA Angry,0.4246951698187503
mfcc_6_mean,EMOPIA Angry,0.45724548470428045
mfcc_6_mean,EMOPIA Angry,0.7032338336324429
mfcc_6_mean,EMOPIA Angry,0.9749621819657666
mfcc_6_mean,EMOPIA Angry,-0.2543192455917172
mfcc_6_mean,EMOPIA Angry,-0.04674187034762845
mfcc_6_mean,EMOPIA Angry,-0.3174998948849479
mfcc_6_mean,EMOPIA Angry,0.6977120932238237
mfcc_6_mean,EMOPIA Angry,2.111269059028221
mfcc_6_mean,EMOPIA Angry,1.860632085632346
mfcc_6_mean,EMOPIA Angry,1.3889094817241612
mfcc_6_mean,EMOPIA Angry,1.2818505000750826
mfcc_6_mean,EMOPIA Angry,1.8100704921532986
mfcc_6_mean,EMOPIA Angry,-0.6987275998681703
mfcc_6_mean,EMOPIA Angry,-1.5556739471626684
mfcc_6_mean,EMOPIA Angry,0.5769238964456378
mfcc_6_mean,EMOPIA Angry,0.5336127555605014
mfcc_6_mean,EMOPIA Angry,0.7882967231461183
mfcc_6_mean,EMOPIA Angry,0.8855428486147446
mfcc_6_mean,EMOPIA Angry,1.10995233496078
mfcc_6_mean,EMOPIA Angry,1.6442623016745084
mfcc_6_mean,EMOPIA Angry,1.1813054352489127
mfcc_6_mean,EMOPIA Angry,0.7799024766927214
mfcc_6_mean,EMOPIA Angry,1.64441794565568
mfcc_6_mean,EMOPIA Angry,0.7008545530025874
mfcc_6_mean,EMOPIA Angry,0.6785353509395122
mfcc_6_mean,EMOPIA Angry,0.8225696503543997
mfcc_6_mean,EMOPIA Angry,0.8402463278123024
mfcc_6_mean,EMOPIA Angry,0.6340832850800114
mfcc_6_mean,EMOPIA Angry,0.712729954798643
mfcc_6_mean,EMOPIA Angry,-1.175455198438207
mfcc_6_mean,EMOPIA Angry,1.2471423379258946
mfcc_6_mean,EMOPIA Angry,-0.5562414957019294
mfcc_6_mean,EMOPIA Angry,2.059133506040938
mfcc_6_mean,EMOPIA Angry,1.9076573186200798
mfcc_6_mean,EMOPIA Angry,1.1462440381374452
mfcc_6_mean,EMOPIA Angry,0.9041359538229166
mfcc_6_mean,EMOPIA Angry,0.5334483099511891
mfcc_6_mean,EMOPIA Angry,0.9892327964527423
mfcc_6_mean,EMOPIA Angry,1.8566809344882755
mfcc_6_mean,EMOPIA Angry,0.1324340992556298
mfcc_6_mean,EMOPIA Angry,1.3298632771328651
mfcc_6_mean,EMOPIA Angry,1.8475110306283533
mfcc_6_mean,EMOPIA Angry,1.9172064166746456
mfcc_6_mean,EMOPIA Angry,1.4305707125009532
mfcc_6_mean,EMOPIA Angry,2.051390524363445
mfcc_6_mean,EMOPIA Angry,0.6627407178280232
mfcc_6_mean,EMOPIA Angry,0.10030525980372276
mfcc_6_mean,EMOPIA Angry,0.35441305498516756
mfcc_6_mean,EMOPIA Angry,1.1481621524472836
mfcc_6_mean,EMOPIA Angry,0.28635429826773273
mfcc_6_mean,EMOPIA Angry,1.3277743179286978
mfcc_6_mean,EMOPIA Angry,1.3790110011604557
mfcc_6_mean,EMOPIA Angry,-1.120056859616566
mfcc_6_mean,EMOPIA Angry,0.04045697377236733
mfcc_6_mean,EMOPIA Angry,0.3913310942757563
mfcc_6_mean,EMOPIA Angry,0.31486901094424785
mfcc_6_mean,EMOPIA Angry,0.20488230591593862
mfcc_6_mean,EMOPIA Angry,-0.7366568236778088
mfcc_6_mean,EMOPIA Angry,-0.2109980775352811
mfcc_6_mean,EMOPIA Angry,0.4793004708036131
mfcc_6_mean,EMOPIA Angry,-0.06480169716218731
mfcc_6_mean,EMOPIA Angry,1.1399839636821378
mfcc_6_mean,EMOPIA Angry,1.347858790784839
mfcc_6_mean,EMOPIA Angry,0.7247397763966194
mfcc_6_mean,EMOPIA Angry,0.5683971242115657
mfcc_6_mean,EMOPIA Angry,0.6158116621250038
mfcc_6_mean,EMOPIA Angry,0.931784597431689
mfcc_6_mean,EMOPIA Angry,0.3754473864592231
mfcc_6_mean,EMOPIA Angry,0.18042692642051428
mfcc_6_mean,EMOPIA Angry,0.5052424898572065
mfcc_6_mean,EMOPIA Angry,0.9943028685008252
mfcc_6_mean,EMOPIA Angry,1.8098345750952236
mfcc_6_mean,EMOPIA Angry,2.4780679987504715
mfcc_6_mean,EMOPIA Angry,1.0152979547405445
mfcc_6_mean,EMOPIA Angry,2.583230520253565
mfcc_6_mean,EMOPIA Angry,-0.10584368918224173
mfcc_6_mean,EMOPIA Angry,0.8740003489058333
mfcc_6_mean,EMOPIA Angry,1.4291709002384279
mfcc_6_mean,EMOPIA Angry,2.0766567120714505
mfcc_6_mean,EMOPIA Angry,1.1451577612466635
mfcc_6_mean,EMOPIA Angry,-0.007408396903998752
mfcc_6_mean,EMOPIA Angry,0.9007406422078832
mfcc_6_mean,EMOPIA Angry,-0.5915759104052799
mfcc_6_mean,EMOPIA Angry,-0.014103316354662278
mfcc_6_mean,EMOPIA Angry,0.8399510833240384
mfcc_6_mean,EMOPIA Angry,-0.1939020847086354
mfcc_6_mean,EMOPIA Angry,0.543685160543888
mfcc_6_mean,EMOPIA Angry,0.620326507415629
mfcc_6_mean,EMOPIA Angry,0.5233362419346621
mfcc_6_mean,EMOPIA Angry,-0.9727606099649284
mfcc_6_mean,EMOPIA Angry,-0.7237808215990752
mfcc_6_mean,EMOPIA Angry,-0.09660197963451325
mfcc_6_mean,EMOPIA Angry,-0.7502055375377257
mfcc_6_mean,EMOPIA Angry,0.4789752562144654
mfcc_6_mean,EMOPIA Angry,1.7250636433858861
mfcc_6_mean,EMOPIA Angry,1.1925805019432896
mfcc_6_mean,EMOPIA Angry,0.9146716141203413
mfcc_6_mean,EMOPIA Angry,0.7676435913009664
mfcc_6_mean,EMOPIA Angry,0.6499033760652999
mfcc_6_mean,EMOPIA Angry,1.056412866578549
mfcc_6_mean,EMOPIA Angry,0.9541205950066908
mfcc_6_mean,EMOPIA Angry,0.8649863675596187
mfcc_6_mean,EMOPIA Angry,0.7528583601002959
mfcc_6_mean,EMOPIA Angry,0.09681246180105511
mfcc_6_mean,EMOPIA Angry,1.2614421844025339
mfcc_6_mean,EMOPIA Angry,1.8820536051848313
mfcc_6_mean,EMOPIA Angry,2.095322012912979
mfcc_6_mean,EMOPIA Angry,1.1392613110172318
mfcc_6_mean,EMOPIA Angry,0.7629274783997567
mfcc_6_mean,EMOPIA Angry,-0.44281357689663786
mfcc_6_mean,EMOPIA Calm,0.7831800247514927
mfcc_6_mean,EMOPIA Calm,-1.9158691032800665
mfcc_6_mean,EMOPIA Calm,-0.7347541122172173
mfcc_6_mean,EMOPIA Calm,-0.7430075883268699
mfcc_6_mean,EMOPIA Calm,-0.30174130388362985
mfcc_6_mean,EMOPIA Calm,-1.673845720709765
mfcc_6_mean,EMOPIA Calm,-0.12860670498833504
mfcc_6_mean,EMOPIA Calm,-0.5519211218280077
mfcc_6_mean,EMOPIA Calm,-0.2129600607195547
mfcc_6_mean,EMOPIA Calm,-0.6361620618276582
mfcc_6_mean,EMOPIA Calm,-0.7920707603214708
mfcc_6_mean,EMOPIA Calm,-1.2690753316454038
mfcc_6_mean,EMOPIA Calm,-0.9820680531911762
mfcc_6_mean,EMOPIA Calm,-0.159518802909552
mfcc_6_mean,EMOPIA Calm,0.08137106365184539
mfcc_6_mean,EMOPIA Calm,0.38828684506922073
mfcc_6_mean,EMOPIA Calm,-0.2863356693120551
mfcc_6_mean,EMOPIA Calm,-0.6146076544022007
mfcc_6_mean,EMOPIA Calm,-0.23952304020912463
mfcc_6_mean,EMOPIA Calm,0.5308864233906678
mfcc_6_mean,EMOPIA Calm,-0.02870042668045206
mfcc_6_mean,EMOPIA Calm,-1.3120869943477278
mfcc_6_mean,EMOPIA Calm,-0.016318207081712766
mfcc_6_mean,EMOPIA Calm,-0.6538339485259399
mfcc_6_mean,EMOPIA Calm,-0.5532859312548873
mfcc_6_mean,EMOPIA Calm,-1.5406008804391944
mfcc_6_mean,EMOPIA Calm,-0.4339272748649705
mfcc_6_mean,EMOPIA Calm,0.04706020031214743
mfcc_6_mean,EMOPIA Calm,-0.3037759283533178
mfcc_6_mean,EMOPIA Calm,0.024175855733329657
mfcc_6_mean,EMOPIA Calm,-0.9686414479950842
mfcc_6_mean,EMOPIA Calm,-0.4399550531851723
mfcc_6_mean,EMOPIA Calm,-0.9862108347200819
mfcc_6_mean,EMOPIA Calm,-0.7125187484475072
mfcc_6_mean,EMOPIA Calm,-0.7547525254830171
mfcc_6_mean,EMOPIA Calm,1.2023840812494615
mfcc_6_mean,EMOPIA Calm,-0.02745070689748801
mfcc_6_mean,EMOPIA Calm,-0.011311083386788066
mfcc_6_mean,EMOPIA Calm,-0.4115048486440175
mfcc_6_mean,EMOPIA Calm,-0.7657663704384147
mfcc_6_mean,EMOPIA Calm,-1.0941667033211941
mfcc_6_mean,EMOPIA Calm,-0.6490333845597854
mfcc_6_mean,EMOPIA Calm,-0.838643182965271
mfcc_6_mean,EMOPIA Calm,-0.35576926262766917
mfcc_6_mean,EMOPIA Calm,-1.3909371042307253
mfcc_6_mean,EMOPIA Calm,-1.093039649267128
mfcc_6_mean,EMOPIA Calm,0.9766374716106345
mfcc_6_mean,EMOPIA Calm,-0.3906271638682634
mfcc_6_mean,EMOPIA Calm,-0.2853279385964529
mfcc_6_mean,EMOPIA Calm,0.7461454474478006
mfcc_6_mean,EMOPIA Calm,-0.24470118288121345
mfcc_6_mean,EMOPIA Calm,0.6098689476413263
mfcc_6_mean,EMOPIA Calm,-1.6637479135590862
mfcc_6_mean,EMOPIA Calm,0.2069073488663848
mfcc_6_mean,EMOPIA Calm,-0.19171582712629578
mfcc_6_mean,EMOPIA Calm,-0.05480872965809579
mfcc_6_mean,EMOPIA Calm,-0.9597850046512866
mfcc_6_mean,EMOPIA Calm,-0.6975773719071005
mfcc_6_mean,EMOPIA Calm,0.04359748382337836
mfcc_6_mean,EMOPIA Calm,0.41709947614634596
mfcc_6_mean,EMOPIA Calm,0.8211488558877643
mfcc_6_mean,EMOPIA Calm,-0.5307085295308495
mfcc_6_mean,EMOPIA Calm,-0.6799712188873378
mfcc_6_mean,EMOPIA Calm,-1.2536577758812835
mfcc_6_mean,EMOPIA Calm,-0.7092028743117693
mfcc_6_mean,EMOPIA Calm,-0.42458696479946356
mfcc_6_mean,EMOPIA Calm,-1.024331243262498
mfcc_6_mean,EMOPIA Calm,-0.8278711042512068
mfcc_6_mean,EMOPIA Calm,-1.9962627290651032
mfcc_6_mean,EMOPIA Calm,-1.7209313116980713
mfcc_6_mean,EMOPIA Calm,-0.6618935659904687
mfcc_6_mean,EMOPIA Calm,-1.418903999115243
mfcc_6_mean,EMOPIA Calm,-0.40529814102262635
mfcc_6_mean,EMOPIA Calm,-0.3523227010259938
mfcc_6_mean,EMOPIA Calm,-0.10047280199517296
mfcc_6_mean,EMOPIA Calm,-0.715382508570651
mfcc_6_mean,EMOPIA Calm,-0.37265446203099595
mfcc_6_mean,EMOPIA Calm,-0.7746747322469405
mfcc_6_mean,EMOPIA Calm,-1.5276885577177537
mfcc_6_mean,EMOPIA Calm,-0.4007839085035805
mfcc_6_mean,EMOPIA Calm,-1.1325496009256288
mfcc_6_mean,EMOPIA Calm,-0.7075588638707043
mfcc_6_mean,EMOPIA Calm,-0.33640579213115773
mfcc_6_mean,EMOPIA Calm,-0.25541020182910545
mfcc_6_mean,EMOPIA Calm,-0.9341958863209293
mfcc_6_mean,EMOPIA Calm,-1.5807510112786634
mfcc_6_mean,EMOPIA Calm,-0.35000397336948597
mfcc_6_mean,EMOPIA Calm,-1.4689034860831915
mfcc_6_mean,EMOPIA Calm,-1.497358369970952
mfcc_6_mean,EMOPIA Calm,-1.4196624989175448
mfcc_6_mean,EMOPIA Calm,-1.3428122526437298
mfcc_6_mean,EMOPIA Calm,-1.0314690294455569
mfcc_6_mean,EMOPIA Calm,0.0812254468419734
mfcc_6_mean,EMOPIA Calm,0.7430361887473398
mfcc_6_mean,EMOPIA Calm,-0.6214379406654078
mfcc_6_mean,EMOPIA Calm,-1.2414834529674876
mfcc_6_mean,EMOPIA Calm,-0.8151443956118212
mfcc_6_mean,EMOPIA Calm,-1.675960785375878
mfcc_6_mean,EMOPIA Calm,-1.7934237493251128
mfcc_6_mean,EMOPIA Calm,-0.39178162552388196
mfcc_6_mean,EMOPIA Calm,-0.026285883831526597
mfcc_6_mean,EMOPIA Calm,0.046634268357946526
mfcc_6_mean,EMOPIA Calm,-0.1782672735663593
mfcc_6_mean,EMOPIA Calm,-0.0029860801218651997
mfcc_6_mean,EMOPIA Calm,-1.0167402289367005
mfcc_6_mean,EMOPIA Calm,-0.5305231382748228
mfcc_6_mean,EMOPIA Calm,-0.41185758224773183
mfcc_6_mean,EMOPIA Calm,1.4996032328912132
mfcc_6_mean,EMOPIA Calm,-0.7374737038996764
mfcc_6_mean,EMOPIA Calm,-0.7741927595464771
mfcc_6_mean,EMOPIA Calm,-0.645543928947551
mfcc_6_mean,EMOPIA Calm,-1.213109677754239
mfcc_6_mean,EMOPIA Calm,-0.5820897607038721
mfcc_6_mean,EMOPIA Calm,0.3380688771799573
mfcc_6_mean,EMOPIA Calm,-0.27415499585643627
mfcc_6_mean,EMOPIA Calm,-0.9354907283747412
mfcc_6_mean,EMOPIA Calm,-0.9944542836584354
mfcc_6_mean,EMOPIA Calm,-0.27682489733445603
mfcc_6_mean,EMOPIA Calm,-0.24727861155724895
mfcc_6_mean,EMOPIA Calm,-1.6164820563134172
mfcc_6_mean,EMOPIA Calm,-1.5233724175383803
mfcc_6_mean,EMOPIA Calm,-0.12396613011091517
mfcc_6_mean,EMOPIA Calm,-0.16214101961739205
mfcc_6_mean,EMOPIA Calm,-0.7929284177066239
mfcc_6_mean,EMOPIA Calm,-0.2982355819712873
mfcc_6_mean,EMOPIA Calm,-1.0223492057356254
mfcc_6_mean,EMOPIA Calm,-1.0668056724091965
mfcc_6_mean,EMOPIA Calm,0.5319765997369551
mfcc_6_mean,EMOPIA Calm,-0.7552596775247442
mfcc_6_mean,EMOPIA Calm,-1.1500178246335158
mfcc_6_mean,EMOPIA Calm,-0.6654458585428469
mfcc_6_mean,EMOPIA Calm,-0.6970018122745077
mfcc_6_mean,EMOPIA Calm,-0.37705293642803955
mfcc_6_mean,EMOPIA Calm,-1.070542242087457
mfcc_6_mean,EMOPIA Calm,-0.6949219541209575
mfcc_6_mean,EMOPIA Calm,-1.1128651495345183
mfcc_6_mean,EMOPIA Calm,-1.3113873206170499
mfcc_6_mean,EMOPIA Calm,0.5638264610007064
mfcc_6_mean,EMOPIA Calm,-0.11142793229196106
mfcc_6_mean,EMOPIA Calm,-0.8418754973401799
mfcc_6_mean,EMOPIA Calm,-0.8659547464988576
mfcc_6_mean,EMOPIA Calm,-1.1280792651342721
mfcc_6_mean,EMOPIA Calm,0.9255105963495766
mfcc_6_mean,EMOPIA Calm,-0.32134342105707
mfcc_6_mean,EMOPIA Calm,-0.6595460937762356
mfcc_6_mean,EMOPIA Calm,-0.7036830279243956
mfcc_6_mean,EMOPIA Calm,-0.7416209419491601
mfcc_6_mean,EMOPIA Calm,-0.4592098959926056
mfcc_6_mean,EMOPIA Calm,-0.47191833289762275
mfcc_6_mean,EMOPIA Calm,-1.4184512166245622
mfcc_6_mean,EMOPIA Calm,-0.9913853007626938
mfcc_6_mean,EMOPIA Calm,-0.9433493567612218
mfcc_6_mean,EMOPIA Calm,0.12992652653964762
mfcc_6_mean,EMOPIA Calm,0.23977953595062987
mfcc_6_mean,EMOPIA Calm,0.10608826373120177
mfcc_6_mean,EMOPIA Calm,0.16061234462853866
mfcc_6_mean,EMOPIA Calm,-0.9537738268702357
mfcc_6_mean,EMOPIA Calm,-0.7111051401203036
mfcc_6_mean,EMOPIA Calm,-1.1274181403065902
mfcc_6_mean,EMOPIA Calm,-1.5752552301024083
mfcc_6_mean,EMOPIA Calm,-0.7530581563594264
mfcc_6_mean,EMOPIA Calm,-0.6820519683450036
mfcc_6_mean,EMOPIA Calm,0.13957868163256976
mfcc_6_mean,EMOPIA Calm,-0.7360349162312094
mfcc_6_mean,EMOPIA Calm,-1.202322892522268
mfcc_6_mean,EMOPIA Calm,-2.0703113836778315
mfcc_6_mean,EMOPIA Calm,-0.08565988466041452
mfcc_6_mean,EMOPIA Calm,0.8393076731656524
mfcc_6_mean,EMOPIA Calm,-0.5217671894700492
mfcc_6_mean,EMOPIA Calm,-1.6528613022661778
mfcc_6_mean,EMOPIA Calm,-1.5043876398779479
mfcc_6_mean,EMOPIA Calm,-2.1010177017613794
mfcc_6_mean,EMOPIA Calm,-0.5257174493100041
mfcc_6_mean,EMOPIA Calm,-1.2495419563018726
mfcc_6_mean,EMOPIA Calm,-0.2207927298736709
mfcc_6_mean,EMOPIA Calm,-0.03502601198824977
mfcc_6_mean,EMOPIA Calm,-0.9513414579390008
mfcc_6_mean,EMOPIA Calm,-1.0941441978922775
mfcc_6_mean,EMOPIA Calm,2.7612489086368
mfcc_6_mean,EMOPIA Calm,-0.006413924337114816
mfcc_6_mean,EMOPIA Calm,0.3660880247682471
mfcc_6_mean,EMOPIA Calm,-0.9639690089955347
mfcc_6_mean,EMOPIA Calm,-1.321538383188631
mfcc_6_mean,EMOPIA Calm,-0.5767597620931028
mfcc_6_mean,EMOPIA Calm,-0.054102705385594835
mfcc_6_mean,EMOPIA Calm,-0.2108045531292003
mfcc_6_mean,EMOPIA Calm,-1.1159905074155656
mfcc_6_mean,EMOPIA Calm,0.09778387187395014
mfcc_6_mean,EMOPIA Calm,-0.0736141323652817
mfcc_6_mean,EMOPIA Calm,-0.3410390137496246
mfcc_6_mean,EMOPIA Calm,-0.8292394788945481
mfcc_6_mean,EMOPIA Calm,-0.658666376614224
mfcc_6_mean,EMOPIA Calm,-0.3326695566919405
mfcc_6_mean,EMOPIA Calm,0.050025012039387896
mfcc_6_mean,EMOPIA Calm,-0.41680498856691717
mfcc_6_mean,EMOPIA Calm,-0.638735479635174
mfcc_6_mean,EMOPIA Calm,-1.8567453360816084
mfcc_6_mean,EMOPIA Calm,-1.1962074321597025
mfcc_6_mean,EMOPIA Calm,-1.6953499922787247
mfcc_6_mean,EMOPIA Calm,-0.18384494330822693
mfcc_6_mean,EMOPIA Calm,-0.9124162017802758
mfcc_6_mean,EMOPIA Calm,2.2776430047943332
mfcc_6_mean,EMOPIA Calm,-0.10269905684969624
mfcc_6_mean,EMOPIA Calm,-1.7693921849366143
mfcc_6_mean,EMOPIA Calm,0.043009223107139595
mfcc_6_mean,EMOPIA Calm,-0.4644741609248559
mfcc_6_mean,EMOPIA Calm,-1.8100031200038038
mfcc_6_mean,EMOPIA Calm,-0.3915684924272599
mfcc_6_mean,EMOPIA Calm,-0.4182073441796629
mfcc_6_mean,EMOPIA Calm,-0.6498261995705344
mfcc_6_mean,EMOPIA Calm,-0.7999915571700089
mfcc_6_mean,EMOPIA Calm,-0.6291450473522511
mfcc_6_mean,EMOPIA Calm,-0.4315135119071461
mfcc_6_mean,EMOPIA Calm,-0.3690464629713982
mfcc_6_mean,EMOPIA Calm,-0.8888327405358527
mfcc_6_mean,EMOPIA Calm,-0.9415968300440938
mfcc_6_mean,EMOPIA Calm,-1.7111361022946092
mfcc_6_mean,EMOPIA Calm,-0.22298032441218382
mfcc_6_mean,EMOPIA Calm,-0.4775221846978836
mfcc_6_mean,EMOPIA Calm,-0.5496373778580338
mfcc_6_mean,EMOPIA Calm,-1.7094698092506573
mfcc_6_mean,EMOPIA Calm,-0.9742945443477272
mfcc_6_mean,EMOPIA Calm,-1.5428538744171836
mfcc_6_mean,EMOPIA Calm,-2.295687210804605
mfcc_6_mean,EMOPIA Calm,-0.001432091396467805
mfcc_6_mean,EMOPIA Calm,-0.8905237672690098
mfcc_6_mean,EMOPIA Calm,-0.2582417635910767
mfcc_6_mean,EMOPIA Calm,0.030969598527800717
mfcc_6_mean,EMOPIA Calm,0.17813794603886174
mfcc_6_mean,EMOPIA Calm,-1.1143785839226599
mfcc_6_mean,EMOPIA Calm,0.5301740485763439
mfcc_6_mean,EMOPIA Calm,-1.3390872699189715
mfcc_6_mean,EMOPIA Calm,-1.3534651194323455
mfcc_6_mean,EMOPIA Calm,-0.6145352359428152
mfcc_6_mean,EMOPIA Calm,0.09282588131839312
mfcc_6_mean,EMOPIA Calm,0.45754518571312197
mfcc_6_mean,EMOPIA Calm,-0.3432738474062597
mfcc_6_mean,EMOPIA Calm,-2.7528246133937464
mfcc_6_mean,EMOPIA Calm,-0.0375349216604052
mfcc_6_mean,EMOPIA Calm,-0.011961066913026121
mfcc_6_mean,EMOPIA Calm,-0.49215450153623613
mfcc_6_mean,EMOPIA Calm,-1.0223832981180438
mfcc_6_mean,EMOPIA Calm,-0.24051394755954653
mfcc_6_mean,EMOPIA Calm,-0.9512291536204458
mfcc_6_mean,EMOPIA Calm,-0.9081018442091334
mfcc_6_mean,EMOPIA Calm,-0.7573003182972118
mfcc_6_mean,EMOPIA Calm,-0.2753675036925776
mfcc_6_mean,EMOPIA Calm,-0.668229178469566
mfcc_6_mean,EMOPIA Calm,-1.6235108805683554
mfcc_6_mean,EMOPIA Calm,-1.4179921950050733
mfcc_6_mean,EMOPIA Calm,-0.48356322116680367
mfcc_6_mean,EMOPIA Calm,-0.28721605495215335
mfcc_6_mean,EMOPIA Calm,-0.6535246659978569
mfcc_6_mean,EMOPIA Calm,-0.5395313261442866
mfcc_6_mean,EMOPIA Calm,-0.22783514651637018
mfcc_6_mean,EMOPIA Calm,-0.2851210446286394
mfcc_6_mean,EMOPIA Calm,0.21476352616654767
mfcc_6_mean,EMOPIA Calm,-0.5246438735028683
mfcc_6_mean,EMOPIA Calm,-1.1804881699524816
mfcc_6_mean,EMOPIA Calm,-0.7718706894995362
mfcc_6_mean,EMOPIA Calm,-0.4209962347571037
mfcc_6_mean,EMOPIA Calm,-1.249580059552811
mfcc_6_mean,EMOPIA Calm,-0.48495209580480225
mfcc_6_mean,EMOPIA Calm,-1.2313769556016831
mfcc_6_mean,EMOPIA Calm,-0.18358100587702056
mfcc_6_mean,EMOPIA Calm,-0.23404508511518005
mfcc_6_mean,EMOPIA Calm,0.03214478300410497
mfcc_6_mean,EMOPIA Calm,-0.2025742509265507
mfcc_6_mean,EMOPIA Calm,-1.8963027496842613
mfcc_6_mean,EMOPIA Calm,-1.5414262280501598
mfcc_6_mean,EMOPIA Calm,-0.9535108921561598
mfcc_6_mean,EMOPIA Calm,-0.4451941387761594
mfcc_6_mean,EMOPIA Calm,-0.9256834863657198
mfcc_6_mean,EMOPIA Calm,-0.8103959729364246
mfcc_6_mean,EMOPIA Calm,-1.207748483499426
mfcc_6_mean,EMOPIA Calm,-0.13334064397185494
mfcc_6_mean,EMOPIA Calm,-0.18709898322095148
mfcc_6_mean,EMOPIA Calm,-0.4006484302780225
mfcc_6_mean,EMOPIA Calm,-0.0349162701690272
mfcc_6_mean,EMOPIA Calm,-0.7394018175275608
mfcc_6_mean,EMOPIA Calm,-1.0871835584021765
mfcc_6_mean,EMOPIA Calm,-0.8141196187050098
mfcc_6_mean,EMOPIA Calm,-1.1472866459975544
mfcc_6_mean,EMOPIA Calm,0.04999983269812465
mfcc_6_mean,EMOPIA Calm,-0.8011054644883716
mfcc_6_mean,EMOPIA Calm,-0.4838903297771971
mfcc_6_mean,EMOPIA Calm,-0.7391437849861198
mfcc_6_mean,EMOPIA Calm,-1.497885799181308
mfcc_6_mean,EMOPIA Calm,-0.4626538950949489
mfcc_6_mean,EMOPIA Calm,0.0014001388435900652
mfcc_6_mean,EMOPIA Calm,-1.5914905573925116
mfcc_6_mean,EMOPIA Calm,-0.9722405340135264
mfcc_6_mean,EMOPIA Calm,-0.1819986068329412
mfcc_6_mean,EMOPIA Calm,-1.0215067005204366
mfcc_6_mean,EMOPIA Calm,-1.8738886794393912
mfcc_6_mean,EMOPIA Calm,-0.6541871277817121
mfcc_6_mean,EMOPIA Calm,-0.13360625259827788
mfcc_6_mean,EMOPIA Calm,-1.5547639256607289
mfcc_6_mean,EMOPIA Calm,-0.5989728432599246
mfcc_6_mean,EMOPIA Calm,-0.3552945317731439
mfcc_6_mean,EMOPIA Calm,-0.10916112310018193
mfcc_6_mean,EMOPIA Calm,0.14831000816115222
mfcc_6_mean,EMOPIA Calm,-0.18556237492580657
mfcc_6_mean,EMOPIA Calm,-0.9561859186328444
mfcc_6_mean,EMOPIA Calm,-1.197695464380552
mfcc_6_mean,EMOPIA Calm,-0.3224324832732128
mfcc_6_mean,EMOPIA Calm,-0.8152192651575243
mfcc_6_mean,EMOPIA Calm,-0.8166685256493493
mfcc_6_mean,EMOPIA Calm,0.8144501483946098
mfcc_6_mean,EMOPIA Sad,-0.15876565093194328
mfcc_6_mean,EMOPIA Sad,-0.3843988421220711
mfcc_6_mean,EMOPIA Sad,1.111966821528108
mfcc_6_mean,EMOPIA Sad,-0.11040304397213524
mfcc_6_mean,EMOPIA Sad,-0.48207786285830084
mfcc_6_mean,EMOPIA Sad,0.2459316511949458
mfcc_6_mean,EMOPIA Sad,-0.46710974719442866
mfcc_6_mean,EMOPIA Sad,0.42569120216783635
mfcc_6_mean,EMOPIA Sad,-0.7130004983219421
mfcc_6_mean,EMOPIA Sad,0.4075092666894522
mfcc_6_mean,EMOPIA Sad,0.5215963605946731
mfcc_6_mean,EMOPIA Sad,0.22318612723211925
mfcc_6_mean,EMOPIA Sad,0.8965921786152411
mfcc_6_mean,EMOPIA Sad,-2.7003134314282815
mfcc_6_mean,EMOPIA Sad,-1.1709131126655514
mfcc_6_mean,EMOPIA Sad,-0.9361592064613766
mfcc_6_mean,EMOPIA Sad,-2.412042506564285
mfcc_6_mean,EMOPIA Sad,-0.06597899848576591
mfcc_6_mean,EMOPIA Sad,-0.9826199932647078
mfcc_6_mean,EMOPIA Sad,0.2405865004142127
mfcc_6_mean,EMOPIA Sad,-0.24266299319506346
mfcc_6_mean,EMOPIA Sad,0.7222555447071621
mfcc_6_mean,EMOPIA Sad,-1.063660705837608
mfcc_6_mean,EMOPIA Sad,-0.906732801087705
mfcc_6_mean,EMOPIA Sad,-0.5317867846845917
mfcc_6_mean,EMOPIA Sad,-0.9607946293881339
mfcc_6_mean,EMOPIA Sad,-0.60433938533943
mfcc_6_mean,EMOPIA Sad,0.020335114886568518
mfcc_6_mean,EMOPIA Sad,0.3145479186366342
mfcc_6_mean,EMOPIA Sad,0.12331316141555357
mfcc_6_mean,EMOPIA Sad,0.485875398437726
mfcc_6_mean,EMOPIA Sad,-0.08086567123608306
mfcc_6_mean,EMOPIA Sad,-0.8906349574574202
mfcc_6_mean,EMOPIA Sad,-0.6686946620438927
mfcc_6_mean,EMOPIA Sad,-2.5262626833152537
mfcc_6_mean,EMOPIA Sad,-0.9367742063010803
mfcc_6_mean,EMOPIA Sad,-0.6536550192247507
mfcc_6_mean,EMOPIA Sad,-0.5224920425419903
mfcc_6_mean,EMOPIA Sad,-1.7305765591840983
mfcc_6_mean,EMOPIA Sad,-2.1414104901462965
mfcc_6_mean,EMOPIA Sad,-0.6912954605009629
mfcc_6_mean,EMOPIA Sad,0.05452442662751335
mfcc_6_mean,EMOPIA Sad,-0.9512342786191099
mfcc_6_mean,EMOPIA Sad,-2.0914689379458564
mfcc_6_mean,EMOPIA Sad,-0.9612302542745913
mfcc_6_mean,EMOPIA Sad,-1.7678027668726257
mfcc_6_mean,EMOPIA Sad,0.5830805239170387
mfcc_6_mean,EMOPIA Sad,0.147722638749029
mfcc_6_mean,EMOPIA Sad,-0.4333413538220349
mfcc_6_mean,EMOPIA Sad,0.46670589799935297
mfcc_6_mean,EMOPIA Sad,0.42679285405461076
mfcc_6_mean,EMOPIA Sad,-0.2795835949849843
mfcc_6_mean,EMOPIA Sad,-0.383215078843655
mfcc_6_mean,EMOPIA Sad,-0.13512258372479485
mfcc_6_mean,EMOPIA Sad,-0.06165171700494895
mfcc_6_mean,EMOPIA Sad,0.21045674468038753
mfcc_6_mean,EMOPIA Sad,-0.8180660905024741
mfcc_6_mean,EMOPIA Sad,0.7776410710321426
mfcc_6_mean,EMOPIA Sad,0.029646011916263502
mfcc_6_mean,EMOPIA Sad,-0.29179613256273274
mfcc_6_mean,EMOPIA Sad,-0.3783351888112198
mfcc_6_mean,EMOPIA Sad,0.99685907299761
mfcc_6_mean,EMOPIA Sad,-0.5325232247100345
mfcc_6_mean,EMOPIA Sad,-0.6321422802666934
mfcc_6_mean,EMOPIA Sad,0.04818825708334392
mfcc_6_mean,EMOPIA Sad,-0.607505520383762
mfcc_6_mean,EMOPIA Sad,-0.2349274761895382
mfcc_6_mean,EMOPIA Sad,-0.371832233984435
mfcc_6_mean,EMOPIA Sad,0.1549720607725562
mfcc_6_mean,EMOPIA Sad,0.6042367412288906
mfcc_6_mean,EMOPIA Sad,-0.006265187962838538
mfcc_6_mean,EMOPIA Sad,-0.6954892691904817
mfcc_6_mean,EMOPIA Sad,0.5699332868546528
mfcc_6_mean,EMOPIA Sad,0.3851105714405747
mfcc_6_mean,EMOPIA Sad,-0.12151036444664744
mfcc_6_mean,EMOPIA Sad,0.4340675668324157
mfcc_6_mean,EMOPIA Sad,-1.1759028559302236
mfcc_6_mean,EMOPIA Sad,-1.0933057035456084
mfcc_6_mean,EMOPIA Sad,-0.27947396457877616
mfcc_6_mean,EMOPIA Sad,0.48065826121058336
mfcc_6_mean,EMOPIA Sad,-1.0016687219954286
mfcc_6_mean,EMOPIA Sad,-1.2325258466065798
mfcc_6_mean,EMOPIA Sad,-1.5014481189049846
mfcc_6_mean,EMOPIA Sad,-1.9977541036763866
mfcc_6_mean,EMOPIA Sad,-0.5914337473988556
mfcc_6_mean,EMOPIA Sad,-0.3329933229119007
mfcc_6_mean,EMOPIA Sad,-0.6155664748044641
mfcc_6_mean,EMOPIA Sad,-0.7065289619652291
mfcc_6_mean,EMOPIA Sad,-0.5746215235199864
mfcc_6_mean,EMOPIA Sad,-1.0974097133454892
mfcc_6_mean,EMOPIA Sad,-0.10154704628039533
mfcc_6_mean,EMOPIA Sad,-1.0145106316917443
mfcc_6_mean,EMOPIA Sad,-1.4579005596032086
mfcc_6_mean,EMOPIA Sad,-0.47654977190785863
mfcc_6_mean,EMOPIA Sad,-0.20303394102412667
mfcc_6_mean,EMOPIA Sad,-0.23557032928285213
mfcc_6_mean,EMOPIA Sad,-0.18507917668218393
mfcc_6_mean,EMOPIA Sad,-1.0468219656613023
mfcc_6_mean,EMOPIA Sad,-1.6780856543872615
mfcc_6_mean,EMOPIA Sad,-0.1907880909550609
mfcc_6_mean,EMOPIA Sad,-0.8925031308835359
mfcc_6_mean,EMOPIA Sad,-0.3553691784928181
mfcc_6_mean,EMOPIA Sad,-0.31414881423664687
mfcc_6_mean,EMOPIA Sad,0.2820602178652187
mfcc_6_mean,EMOPIA Sad,0.2918054028251975
mfcc_6_mean,EMOPIA Sad,-0.7598888882746913
mfcc_6_mean,EMOPIA Sad,-0.6432686523666744
mfcc_6_mean,EMOPIA Sad,-0.40847330052112796
mfcc_6_mean,EMOPIA Sad,-0.9286954257980684
mfcc_6_mean,EMOPIA Sad,0.17463590075599564
mfcc_6_mean,EMOPIA Sad,-0.29446235741127624
mfcc_6_mean,EMOPIA Sad,0.6374126958970041
mfcc_6_mean,EMOPIA Sad,-2.8455737196540576
mfcc_6_mean,EMOPIA Sad,-0.07156045627012447
mfcc_6_mean,EMOPIA Sad,0.2366226481864963
mfcc_6_mean,EMOPIA Sad,-0.9253820027486475
mfcc_6_mean,EMOPIA Sad,-1.2012970014853122
mfcc_6_mean,EMOPIA Sad,-1.3093154842005397
mfcc_6_mean,EMOPIA Sad,-0.11302838024437958
mfcc_6_mean,EMOPIA Sad,-1.9155444457559907
mfcc_6_mean,EMOPIA Sad,-0.3835137771353664
mfcc_6_mean,EMOPIA Sad,-1.0111949803820346
mfcc_6_mean,EMOPIA Sad,-1.5396249024327076
mfcc_6_mean,EMOPIA Sad,-0.682054865083379
mfcc_6_mean,EMOPIA Sad,-0.5284718018529689
mfcc_6_mean,EMOPIA Sad,-0.24282922141260668
mfcc_6_mean,EMOPIA Sad,0.530682481867737
mfcc_6_mean,EMOPIA Sad,0.3400822217638874
mfcc_6_mean,EMOPIA Sad,1.0878030377447245
mfcc_6_mean,EMOPIA Sad,0.7595551178656978
mfcc_6_mean,EMOPIA Sad,-0.21708067105858722
mfcc_6_mean,EMOPIA Sad,-0.6625404299523024
mfcc_6_mean,EMOPIA Sad,-0.4395890614327397
mfcc_6_mean,EMOPIA Sad,-0.1091237997403448
mfcc_6_mean,EMOPIA Sad,-0.5390208317121263
mfcc_6_mean,EMOPIA Sad,-1.9979519731900306
mfcc_6_mean,EMOPIA Sad,0.26900016148663153
mfcc_6_mean,EMOPIA Sad,-1.0330056377407022
mfcc_6_mean,EMOPIA Sad,-0.5800845492699961
mfcc_6_mean,EMOPIA Sad,-0.22405367739329088
mfcc_6_mean,EMOPIA Sad,-2.1242441957075386
mfcc_6_mean,EMOPIA Sad,-1.407665545522736
mfcc_6_mean,EMOPIA Sad,-1.2892798589879164
mfcc_6_mean,EMOPIA Sad,-1.5990194032562521
mfcc_6_mean,EMOPIA Sad,0.6804710406523782
mfcc_6_mean,EMOPIA Sad,-0.6262344937630425
mfcc_6_mean,EMOPIA Sad,-0.83915390022346
mfcc_6_mean,EMOPIA Sad,-0.45856837985546495
mfcc_6_mean,EMOPIA Sad,-0.30712310954611344
mfcc_6_mean,EMOPIA Sad,-0.5220876132995762
mfcc_6_mean,EMOPIA Sad,-0.510432252207038
mfcc_6_mean,EMOPIA Sad,0.10250990053344484
mfcc_6_mean,EMOPIA Sad,0.3660324296740419
mfcc_6_mean,EMOPIA Sad,0.008930321663503969
mfcc_6_mean,EMOPIA Sad,-0.5445426835337599
mfcc_6_mean,EMOPIA Sad,-0.8041209691371819
mfcc_6_mean,EMOPIA Sad,0.18454129763073798
mfcc_6_mean,EMOPIA Sad,0.0995001893613854
mfcc_6_mean,EMOPIA Sad,0.651227686861431
mfcc_6_mean,EMOPIA Sad,0.27921305828122595
mfcc_6_mean,EMOPIA Sad,-0.7937005098966873
mfcc_6_mean,EMOPIA Sad,-0.4804113469883199
mfcc_6_mean,EMOPIA Sad,-0.6835943701168993
mfcc_6_mean,EMOPIA Sad,-0.42678135553185725
mfcc_6_mean,EMOPIA Sad,-0.6499792810523739
mfcc_6_mean,EMOPIA Sad,-0.05043064384269458
mfcc_6_mean,EMOPIA Sad,0.24221602716339985
mfcc_6_mean,EMOPIA Sad,-0.7688355761601846
mfcc_6_mean,EMOPIA Sad,0.6372491972983146
mfcc_6_mean,EMOPIA Sad,0.15820972297215818
mfcc_6_mean,EMOPIA Sad,-1.235728302293619
mfcc_6_mean,EMOPIA Sad,-0.276069071444501
mfcc_6_mean,EMOPIA Sad,-1.7146511829001652
mfcc_6_mean,EMOPIA Sad,0.36472254686328076
mfcc_6_mean,EMOPIA Sad,-1.0845497547408347
mfcc_6_mean,EMOPIA Sad,-0.025279935724155427
mfcc_6_mean,EMOPIA Sad,-0.15357837239267047
mfcc_6_mean,EMOPIA Sad,-0.5948019856513802
mfcc_6_mean,EMOPIA Sad,-0.2698720567553661
mfcc_6_mean,EMOPIA Sad,-0.32044598922576256
mfcc_6_mean,EMOPIA Sad,-1.4632314495180936
mfcc_6_mean,EMOPIA Sad,-0.7446941585394494
mfcc_6_mean,EMOPIA Sad,-1.3672480234486133
mfcc_6_mean,EMOPIA Sad,-0.7523994826180621
mfcc_6_mean,EMOPIA Sad,1.556092520986929
mfcc_6_mean,EMOPIA Sad,-0.09146895923327229
mfcc_6_mean,EMOPIA Sad,-0.3093470247273335
mfcc_6_mean,EMOPIA Sad,-3.3415684164631165
mfcc_6_mean,EMOPIA Sad,-2.3056713766805554
mfcc_6_mean,EMOPIA Sad,-2.3382563410135764
mfcc_6_mean,EMOPIA Sad,-0.12093992981271894
mfcc_6_mean,EMOPIA Sad,0.4622836926302339
mfcc_6_mean,EMOPIA Sad,-1.1756064973118154
mfcc_6_mean,EMOPIA Sad,-0.5340143764952883
mfcc_6_mean,EMOPIA Sad,-1.4052946765754704
mfcc_6_mean,EMOPIA Sad,-1.2242257998568913
mfcc_6_mean,EMOPIA Sad,0.7547209071691827
mfcc_6_mean,EMOPIA Sad,0.1377382500470493
mfcc_6_mean,EMOPIA Sad,-0.3057188599121223
mfcc_6_mean,EMOPIA Sad,-0.7107864988990071
mfcc_6_mean,EMOPIA Sad,0.6003495411551083
mfcc_6_mean,EMOPIA Sad,1.0823710126659825
mfcc_6_mean,EMOPIA Sad,1.1031370337480149
mfcc_6_mean,EMOPIA Sad,2.5300240096649853
mfcc_6_mean,EMOPIA Sad,-0.02604300346004923
mfcc_6_mean,EMOPIA Sad,0.6436971698024737
mfcc_6_mean,EMOPIA Sad,-0.44371936470402823
mfcc_6_mean,EMOPIA Sad,-0.9784711954330224
mfcc_6_mean,EMOPIA Sad,0.09738233936991142
mfcc_6_mean,EMOPIA Sad,0.926552920806162
mfcc_6_mean,EMOPIA Sad,-0.763337566723641
mfcc_6_mean,EMOPIA Sad,-0.6257322438939508
mfcc_6_mean,EMOPIA Sad,-0.5957886593072534
mfcc_6_mean,EMOPIA Sad,-1.0973791861795328
mfcc_6_mean,EMOPIA Sad,-0.8318891032039403
mfcc_6_mean,EMOPIA Sad,0.07039365075216945
mfcc_6_mean,EMOPIA Sad,-0.10729361815215274
mfcc_6_mean,EMOPIA Sad,-0.4295685749140817
mfcc_6_mean,EMOPIA Sad,-0.17026559086933887
mfcc_6_mean,EMOPIA Sad,-0.4774553368892201
mfcc_6_mean,EMOPIA Sad,-1.9949473870166352
mfcc_6_mean,EMOPIA Sad,0.6913499087407827
mfcc_6_mean,EMOPIA Sad,0.06107172383404499
mfcc_6_mean,EMOPIA Sad,0.05155059044610331
mfcc_6_mean,EMOPIA Sad,0.7708138486268327
mfcc_6_mean,EMOPIA Sad,-1.9464056279296091
mfcc_6_mean,EMOPIA Sad,-2.14096082722002
mfcc_6_mean,EMOPIA Sad,-1.1636797341161034
mfcc_6_mean,EMOPIA Sad,-1.1972121547239154
mfcc_6_mean,EMOPIA Sad,-0.5975988979658609
mfcc_6_mean,EMOPIA Sad,-0.6420063429130788
mfcc_6_mean,EMOPIA Sad,0.3890943665978757
mfcc_6_mean,EMOPIA Sad,-0.5927847416119448
mfcc_6_mean,EMOPIA Sad,0.02878345235847553
mfcc_6_mean,EMOPIA Sad,0.23198552711252404
mfcc_6_mean,EMOPIA Sad,0.13183280321670163
mfcc_6_mean,EMOPIA Sad,-0.034727202283523946
mfcc_6_mean,EMOPIA Sad,0.6660856150540229
mfcc_6_mean,EMOPIA Sad,-0.5697133345818837
mfcc_6_mean,EMOPIA Sad,-1.3216074592575824
mfcc_6_mean,EMOPIA Sad,-0.741210050751908
mfcc_6_mean,EMOPIA Sad,0.03252425573128475
mfcc_6_mean,EMOPIA Sad,-0.8235460510306782
mfcc_6_mean,EMOPIA Sad,-0.9769896251670105
mfcc_6_mean,EMOPIA Sad,-0.9046373451121333
mfcc_6_mean,EMOPIA Sad,-0.6408402943039585
mfcc_6_mean,EMOPIA Sad,-0.45383845174046483
mfcc_6_mean,EMOPIA Sad,-0.25894477971218777
mfcc_6_mean,EMOPIA Sad,0.24826452830428739
mfcc_6_mean,EMOPIA Sad,0.19399045821135197
mfcc_6_mean,EMOPIA Sad,0.22702018329801404
mfcc_6_mean,EMOPIA Sad,0.17865401112174392
mfcc_6_mean,EMOPIA Sad,-1.973240566587425
mfcc_6_mean,MusicGen Happy,1.2868347283955401
mfcc_6_mean,MusicGen Happy,-1.2083969072434622
mfcc_6_mean,MusicGen Happy,-6.281282802418963
mfcc_6_mean,MusicGen Happy,-2.8715044302866852
mfcc_6_mean,MusicGen Happy,0.8225986177381539
mfcc_6_mean,MusicGen Happy,0.1436686533926313
mfcc_6_mean,MusicGen Happy,-1.8568511784453259
mfcc_6_mean,MusicGen Happy,-0.9662663453532703
mfcc_6_mean,MusicGen Happy,-2.351304587612633
mfcc_6_mean,MusicGen Happy,0.6074111765427984
mfcc_6_mean,MusicGen Happy,-0.0690210194320127
mfcc_6_mean,MusicGen Happy,-4.443962759565746
mfcc_6_mean,MusicGen Happy,-2.890251229748276
mfcc_6_mean,MusicGen Happy,-3.491538355635264
mfcc_6_mean,MusicGen Happy,-4.588104461126553
mfcc_6_mean,MusicGen Angry,1.3583937060077296
mfcc_6_mean,MusicGen Angry,0.1535309334307857
mfcc_6_mean,MusicGen Angry,4.237888814520765
mfcc_6_mean,MusicGen Angry,1.1727385543296425
mfcc_6_mean,MusicGen Angry,-1.9442774165277923
mfcc_6_mean,MusicGen Angry,5.689792914351963
mfcc_6_mean,MusicGen Angry,2.3438697416088377
mfcc_6_mean,MusicGen Angry,-0.035424090688840885
mfcc_6_mean,MusicGen Angry,2.4957194968671104
mfcc_6_mean,MusicGen Angry,-1.9218366071594568
mfcc_6_mean,MusicGen Angry,1.4408514023740056
mfcc_6_mean,MusicGen Angry,-2.002293069884638
mfcc_6_mean,MusicGen Angry,0.62387774154437
mfcc_6_mean,MusicGen Angry,3.48909887925337
mfcc_6_mean,MusicGen Angry,1.4589984533930718
mfcc_6_mean,MusicGen Calm,-0.5996070061381122
mfcc_6_mean,MusicGen Calm,-1.2333398300900722
mfcc_6_mean,MusicGen Calm,0.377874964630838
mfcc_6_mean,MusicGen Calm,0.004366287527003805
mfcc_6_mean,MusicGen Calm,-0.24630642159325286
mfcc_6_mean,MusicGen Calm,1.9570063207032249
mfcc_6_mean,MusicGen Calm,0.5796181973738201
mfcc_6_mean,MusicGen Calm,-0.10570798813065461
mfcc_6_mean,MusicGen Calm,1.935611178181908
mfcc_6_mean,MusicGen Calm,0.6020636303822549
mfcc_6_mean,MusicGen Calm,3.251698356891193
mfcc_6_mean,MusicGen Calm,0.5256809845300415
mfcc_6_mean,MusicGen Calm,-0.7112459661705542
mfcc_6_mean,MusicGen Calm,-1.9648634220317447
mfcc_6_mean,MusicGen Calm,2.251402120329507
mfcc_6_mean,MusicGen Sad,1.5667345528598895
mfcc_6_mean,MusicGen Sad,-0.6210308375106471
mfcc_6_mean,MusicGen Sad,1.3858555343628842
mfcc_6_mean,MusicGen Sad,-2.8742402882692533
mfcc_6_mean,MusicGen Sad,-0.9173330809335049
mfcc_6_mean,MusicGen Sad,0.836213510928648
mfcc_6_mean,MusicGen Sad,-1.2081963638174715
mfcc_6_mean,MusicGen Sad,1.7480182338703076
mfcc_6_mean,MusicGen Sad,1.3507149051898673
mfcc_6_mean,MusicGen Sad,-0.0018426483546761072
mfcc_6_mean,MusicGen Sad,-1.6928267103277068
mfcc_6_mean,MusicGen Sad,2.2070890979120263
mfcc_6_mean,MusicGen Sad,1.719671810552103
mfcc_6_mean,MusicGen Sad,2.553143881356328
mfcc_6_mean,MusicGen Sad,0.10252638965958184
